item_id,order_id,product_id,quantity,unit_price,discount_percent
ITEM_4EBE3C82,ORD_29110635,PROD_FE96DD1A,7,988.07,22.58
ITEM_2F141783,ORD_C390E0BA,PROD_D9F7E635,3,896.28,18.83
ITEM_24E22071,ORD_FF8F5344,PROD_C24D3088,2,916.69,69.49
ITEM_64F36DB7,ORD_C53F62CB,PROD_837B77C2,7,217.15,63.82
ITEM_EA53FDFF,ORD_0A276E54,PROD_211B8BCC,-1,302.83,20.71
ITEM_AB24F396,ORD_2B86C402,PROD_7DA0C31E,2,951.5,42.19
ITEM_D42AB34F,ORD_61681272,PROD_A0E83676,1,307.21,38.77
ITEM_C8F30ED4,ORD_F529B035,PROD_0C647B98,7,920.36,63.52
ITEM_EF4E481E,ORD_05348F7D,PROD_C0CD1A0A,8,504.99,35.15
ITEM_6DCC635B,ORD_CB090281,PROD_507ECB1B,7,772.09,42.27
ITEM_CAE7F6A3,ORD_D488B8B6,PROD_FE96DD1A,8,386.17,96.28
ITEM_A45D36FA,ORD_042C8BD7,PROD_A8B7D69E,8,101.13,24.54
ITEM_7088EA40,ORD_1B5E40D5,PROD_1B38A63E,8,344.01,60.36
ITEM_5A1ABDD0,ORD_97054266,PROD_744672F8,6,779.39,85.46
ITEM_B75006C9,ORD_00E9CB6A,PROD_BC18ECF7,-2,137.1,86.27
ITEM_BEF3AE9C,ORD_7977410C,PROD_072FC7A4,9,507.05,46.32
ITEM_ACE302FD,ORD_0A8E798D,PROD_58626E3F,9,58.23,58.57
ITEM_3DC63FC0,ORD_ACEC4352,PROD_92EFAC12,8,457.21,85.36
ITEM_F8BD218C,ORD_C577920C,PROD_917BB737,10,118.58,15.48
ITEM_4BE52FA9,ORD_DD27532B,PROD_2A88DC13,4,256.55,38.73
ITEM_106176D5,ORD_B0607EA5,PROD_62BD0617,7,190.85,34.01
ITEM_4CBEF536,ORD_CDF385D7,PROD_AB82D542,4,810.33,94.8
ITEM_CD9AC655,ORD_540105E5,PROD_457AF5CC,3,742.95,94.67
ITEM_A7E441A5,ORD_33FC8E30,PROD_B1977EB0,8,796.39,43.0
ITEM_FC3284BB,ORD_BF44CCAA,PROD_094E5AE4,6,115.26,47.37
ITEM_14B4F129,ORD_B919D02C,PROD_4C5C62B2,9,76.27,8.72
ITEM_00209870,ORD_DC239E07,PROD_058A807A,8,920.08,90.66
ITEM_EBC48374,ORD_ED0B2593,PROD_4FBD7295,-2,95.51,18.68
ITEM_117C9DD6,ORD_7EF84179,PROD_FFE7382A,9,270.38,6.68
ITEM_C10EDA74,ORD_0A447812,PROD_CDAFEAE0,10,564.07,23.22
ITEM_824CC1B7,ORD_C3D858CF,PROD_5C2B1428,3,396.8,37.19
ITEM_6255E081,ORD_4DBE9F52,PROD_9E56B5E0,2,273.23,53.05
ITEM_B937FF85,ORD_EE6285AF,PROD_4FBD7295,6,861.98,80.12
ITEM_4E84F7C9,ORD_BB733E9F,PROD_7A6144B0,8,108.06,38.79
ITEM_3A1C3C7E,ORD_196B22CA,PROD_90F90A22,3,859.27,14.54
ITEM_EB69F010,ORD_996DFCD7,PROD_64C2FC90,8,987.49,56.62
ITEM_20B22ED1,ORD_4F2C5D44,PROD_883CD682,6,829.7,40.64
ITEM_65448AA2,ORD_D6832AFB,PROD_AAE0F9EA,1,782.83,2.77
ITEM_FA5B0A61,ORD_D797755D,PROD_55C571AF,7,838.01,22.47
ITEM_3E729578,ORD_7AD2765B,PROD_1D9D66E2,8,792.56,88.87
ITEM_4ED2AEE9,ORD_FD589796,PROD_B08B89BA,4,294.75,77.31
ITEM_9AFB2D73,ORD_AEDA7979,PROD_F4D8134F,7,93.99,89.17
ITEM_C0E4FC09,ORD_91BEA7DD,PROD_EE2796B4,6,288.03,65.02
ITEM_C6AB1808,ORD_681E92D5,PROD_E41A495A,5,609.24,91.93
ITEM_C9B2EC8B,ORD_FAC83655,PROD_B18FEA0A,9,759.84,83.95
ITEM_27B42FC3,ORD_D5382CF4,PROD_4FBD7295,8,694.51,97.52
ITEM_A44FC69F,ORD_F79E47CB,PROD_92EFAC12,10,259.08,26.82
ITEM_B07AFCE5,ORD_3BDB3342,PROD_297C4E87,10,319.92,90.58
ITEM_4372C3DD,ORD_8F6C92EB,PROD_762D8BA0,10,972.62,19.18
ITEM_C39817DA,ORD_65A131C4,PROD_27DEE735,7,601.78,66.97
ITEM_4F906D6D,ORD_95F529DC,PROD_80E468F8,5,689.12,71.26
ITEM_981FA3FC,ORD_7FFA855C,PROD_8FDA8D3B,4,585.93,17.34
ITEM_455CF734,ORD_DC0D77DD,PROD_9295D57C,4,792.05,83.04
ITEM_B02D8BAD,ORD_5ED1E65F,PROD_A60ABFF5,6,489.5,27.07
ITEM_C369762E,ORD_A49C52BE,PROD_429D85FE,9,262.18,7.21
ITEM_002771F7,ORD_282FB695,PROD_C0B9998A,9,13.23,18.89
ITEM_398609CE,ORD_45C50F88,PROD_1C67E729,8,990.95,58.36
ITEM_59C67643,ORD_4CE9C2F4,PROD_177DF6C1,10,273.04,98.16
ITEM_EC0F2DC8,ORD_EEABB019,PROD_D9F42F71,10,442.8,31.31
ITEM_C3E434CF,ORD_43987A54,PROD_7B3B82D1,2,803.29,5.45
ITEM_A2C293B9,ORD_138BE2C1,PROD_5CA4596A,5,539.87,12.74
ITEM_D32A7D72,ORD_0F4B9EDF,PROD_02A908BB,4,663.69,5.99
ITEM_CC677314,ORD_6B98A6E7,PROD_976AE4E4,10,291.35,24.07
ITEM_3648D319,ORD_39BE2B08,PROD_1F8E3EAA,9,244.0,2.3
ITEM_0FE87BF3,ORD_7361EE5D,PROD_246412F4,4,966.74,38.33
ITEM_DC17634F,ORD_B23CF989,PROD_FAAD6C28,3,743.05,97.87
ITEM_C93C025D,ORD_CA767015,PROD_7ECB78A9,2,846.93,22.1
ITEM_2F0BC4A9,ORD_F82BB748,PROD_267984E7,3,286.68,0.32
ITEM_1689C71D,ORD_D797755D,PROD_603F863C,7,603.72,38.67
ITEM_4F09FB66,ORD_8760D0D0,PROD_980C1EF4,2,414.45,44.41
ITEM_B5D9E322,ORD_79E995E2,PROD_90635AF6,10,32.8,76.51
ITEM_E7CA407E,ORD_9B562AEB,PROD_8E766A75,7,528.7,32.21
ITEM_952D7302,ORD_5CB63A19,PROD_66795998,10,447.77,20.55
ITEM_A4AD6AED,ORD_306E493F,PROD_E7085F65,10,686.45,16.84
ITEM_4BD773FB,ORD_B8CB06B3,PROD_BC047526,4,411.05,24.88
ITEM_CA85B732,ORD_E638977C,PROD_DC13AC27,7,475.02,2.43
ITEM_586A17CF,ORD_2AB47488,PROD_A754CD9B,2,802.1,38.89
ITEM_A133F116,ORD_4557EB00,PROD_75207526,-7,441.93,44.53
ITEM_9576AC4D,ORD_C6A5C918,PROD_16B3583B,7,236.27,36.66
ITEM_73479C9E,ORD_0C340011,PROD_69C4E30D,3,855.11,64.5
ITEM_F0C6D4BF,ORD_8CD1959C,PROD_90520F43,4,979.37,36.46
ITEM_137D36DD,ORD_996DFCD7,PROD_FDAE7ACE,2,167.17,61.54
ITEM_70081AE6,ORD_7FFA855C,PROD_302DEC58,5,932.69,45.31
ITEM_754DFA4C,ORD_498F2DD2,PROD_B007207C,7,916.8,22.91
ITEM_135CE84A,ORD_A7B89B08,PROD_8F53DCA5,9,873.09,62.09
ITEM_E432ECB7,ORD_FAE442D8,PROD_62BD0617,5,942.6,89.49
ITEM_364B8E6B,ORD_1549C631,PROD_FAAD6C28,4,86.28,77.28
ITEM_D7ED1A98,ORD_75CE5A58,PROD_43F1CDFC,9,467.91,76.09
ITEM_03445AF6,ORD_73C7F02E,PROD_43F1CDFC,3,194.94,78.69
ITEM_58D47E30,ORD_6AE1C226,PROD_9E950AC9,5,30.51,50.45
ITEM_28CBCEBE,ORD_9C7D5CDF,PROD_7D3C3709,3,474.38,84.65
ITEM_D9A0B32B,ORD_7D4C231C,PROD_A8B06F18,10,467.78,45.49
ITEM_948778FB,ORD_FF109A0D,PROD_A1FEE53E,4,609.95,4.23
ITEM_20055674,ORD_BE5A0C64,PROD_E78DE94D,1,533.6,49.0
ITEM_0D4B0C73,ORD_0E5E7442,PROD_A31EBDAE,9,409.86,52.51
ITEM_47FF1EFE,ORD_9E41E61D,PROD_2EA3A630,6,581.7,83.76
ITEM_B82303D6,ORD_D37E1A4B,PROD_48ECD1DE,9,175.23,85.79
ITEM_17C61BC5,ORD_C3A0F8FE,PROD_992BC2BE,4,994.77,84.19
ITEM_7D9B5B04,ORD_540105E5,PROD_22016FC0,7,379.89,31.45
ITEM_E3CE8379,ORD_E998DFDA,PROD_143943A2,4,642.07,14.72
ITEM_6570F72F,ORD_3471B292,PROD_21A606F4,5,150.89,90.05
ITEM_1B33F43F,ORD_FE492674,PROD_8528B654,5,471.69,46.52
ITEM_3D34FBF4,ORD_8519B1C4,PROD_0A60516C,8,960.02,24.54
ITEM_30C0D3AB,ORD_91BEA7DD,PROD_457AF5CC,5,357.05,90.94
ITEM_1194B869,ORD_BBA51B35,PROD_3AB9CD5F,2,361.23,51.26
ITEM_C3F7A68B,ORD_AACCF6CF,PROD_3E6B46E0,8,338.14,31.03
ITEM_370CA48E,ORD_1B1A7886,PROD_267984E7,1,154.48,71.11
ITEM_AC6DCC0D,ORD_CA767015,PROD_7BEFD902,1,634.37,37.13
ITEM_EDF4E37C,ORD_55722D76,PROD_5BBCEDFF,6,465.69,62.18
ITEM_30C29A56,ORD_1C57FE97,PROD_A8B06F18,1,589.76,88.35
ITEM_6D9AAC6B,ORD_66737D68,PROD_DC0F344B,7,45.79,77.93
ITEM_86E38C57,ORD_FC6BA334,PROD_3D16AF80,2,161.8,82.47
ITEM_81E5E289,ORD_D4F5CE68,PROD_A22FD2CC,5,764.49,19.63
ITEM_D054ABF1,ORD_9A048B43,PROD_90635AF6,5,51.47,30.29
ITEM_207C3260,ORD_C846AFF0,PROD_C7159A74,4,201.73,79.95
ITEM_7C2E5FCD,ORD_C8CF4860,PROD_BE45FD46,7,262.6,91.61
ITEM_FAFE06FA,ORD_FF8F5344,PROD_A2506FAE,3,272.85,48.27
ITEM_A9A5DB30,ORD_800B0F64,PROD_5D03FC60,8,173.95,67.26
ITEM_6ED8A3EC,ORD_F691BBA9,PROD_E819083C,8,349.31,72.79
ITEM_22AA860C,ORD_9B0C7B0A,PROD_5A8C16DD,5,552.45,90.13
ITEM_43A00A3A,ORD_AA456DED,PROD_E3C81D2E,6,671.07,83.54
ITEM_999E899F,ORD_D5382CF4,PROD_2EA3A630,5,780.51,24.53
ITEM_6CCCA99C,ORD_485E2337,PROD_3EF05460,7,334.87,50.88
ITEM_519E0212,ORD_EE292907,PROD_0476DA10,1,307.34,86.31
ITEM_BCF1D30D,ORD_3B9E6829,PROD_27373A49,9,785.64,88.07
ITEM_6C9CDE67,ORD_619A6BA9,PROD_C4D55EBF,3,700.41,50.58
ITEM_31689E11,ORD_1F228DCE,PROD_E986CB53,7,306.09,24.25
ITEM_4FB372C1,ORD_AFAD875D,PROD_AF72EC4A,2,926.86,5.69
ITEM_570E7B77,ORD_5A8BEC55,PROD_AAE0F9EA,3,978.58,33.38
ITEM_3F42E00A,ORD_0EAF56DA,PROD_2512460F,5,880.31,49.19
ITEM_EA9FAFA2,ORD_CC0BB249,PROD_F1A2AC9B,10,435.8,23.51
ITEM_1171B7B3,ORD_D2E7C180,PROD_F7B87120,6,333.87,37.68
ITEM_2DED1D8C,ORD_81832E76,PROD_457AF5CC,2,740.06,15.0
ITEM_A760674C,ORD_5015A8DB,PROD_5CF19CA1,2,795.65,69.74
ITEM_F3B641AB,ORD_232A5DEB,PROD_1B61CD8F,1,42.36,29.14
ITEM_DFF0B6AD,ORD_D4F3E08D,PROD_8ABC9816,6,96.64,16.52
ITEM_B3E5B596,ORD_9E432C5D,PROD_E3C81D2E,2,587.03,98.82
ITEM_72A7BC25,ORD_AB1392BD,PROD_2BE2EF4E,4,898.09,82.42
ITEM_CE2CAFFE,ORD_43725438,PROD_AFAC1F73,5,619.28,52.61
ITEM_5DCC5972,ORD_36202BE5,PROD_885AE143,3,610.11,26.0
ITEM_1BD9B72A,ORD_415B31B4,PROD_55C9D4A1,2,231.55,28.37
ITEM_A957BB99,ORD_2F7A43AC,PROD_D20C035E,3,812.17,35.88
ITEM_B63709E6,ORD_9AA313F9,PROD_A4DCB447,5,816.49,41.8
ITEM_2387068C,ORD_A29F7937,PROD_5E656911,5,218.44,46.13
ITEM_D2754862,ORD_310D3A9D,PROD_6AD3A885,1,591.81,11.77
ITEM_1FED49E5,ORD_A9CC15D0,PROD_C18ED1A8,3,82.71,77.04
ITEM_CB05FEA7,ORD_14DC09D5,PROD_F462EF4F,10,486.78,40.99
ITEM_07619BC7,ORD_A29F7937,PROD_19426738,4,659.62,36.42
ITEM_81074BC7,ORD_F5F44364,PROD_9269544D,6,41.07,85.31
ITEM_7529480A,ORD_3ABFFC2F,PROD_439D163F,3,468.87,96.66
ITEM_6B9D4775,ORD_64563D25,PROD_71BE2E6A,8,333.64,96.67
ITEM_8779F716,ORD_B128DF42,PROD_28C3E599,10,192.12,86.92
ITEM_8F6DD442,ORD_85CF404D,PROD_5E3A5988,7,876.77,33.46
ITEM_7EEB072B,ORD_34142F2F,PROD_21A606F4,4,500.4,27.79
ITEM_72BAC66D,ORD_AC194C21,PROD_682DE0E3,7,19.13,36.07
ITEM_B0891C62,ORD_C8BAB471,PROD_637D6F9E,-6,487.97,82.43
ITEM_3A41CAD0,ORD_C9CA9C24,PROD_4BAC2850,4,683.55,85.78
ITEM_C3AA25E4,ORD_BF63B940,PROD_96F289F9,5,890.69,99.36
ITEM_9BC42D9C,ORD_08B6DF4C,PROD_474BD9C5,7,733.96,3.94
ITEM_EA167B3A,ORD_9A8644CE,PROD_917BB737,9,461.87,28.45
ITEM_34958991,ORD_41BA6489,PROD_98A084CF,10,793.92,47.45
ITEM_B814ED1E,ORD_3BAD5D94,PROD_0C2AF783,8,612.67,23.09
ITEM_59D0F6B5,ORD_B876CD51,PROD_579610C9,8,892.6,85.22
ITEM_5F9731A6,ORD_B6B642CB,PROD_FDAE7ACE,10,272.71,53.07
ITEM_C74DC059,ORD_538EAC1C,PROD_24420EE5,8,12.23,4.78
ITEM_65D1010B,ORD_C1574C5F,PROD_98C173AD,9,551.08,41.68
ITEM_A659CE7F,ORD_C9CA9C24,PROD_A4DCB447,10,501.67,58.02
ITEM_252674D6,ORD_C0FDE3A6,PROD_841823D8,2,926.37,38.9
ITEM_D37E3DA1,ORD_12C30DA5,PROD_C0901A60,3,208.25,68.51
ITEM_30734F43,ORD_575BCE03,PROD_C0901A60,4,30.48,12.99
ITEM_D27B0C59,ORD_78762433,PROD_D093BF71,3,675.09,41.56
ITEM_609F2C26,ORD_ABBAF1C6,PROD_75305051,4,367.82,76.51
ITEM_D68780F0,ORD_91D7A349,PROD_C95A6D8C,9,642.63,7.62
ITEM_2DA78C66,ORD_933615DE,PROD_0D9FD454,1,75.32,77.03
ITEM_BF292D72,ORD_66737D68,PROD_57A23117,3,456.78,12.14
ITEM_6BA55EF4,ORD_33345E2C,PROD_4979D94D,8,486.43,61.44
ITEM_D69A744B,ORD_8E088D9E,PROD_18558B4C,6,359.71,38.79
ITEM_AA405D16,ORD_BB733E9F,PROD_5E3A5988,1,624.14,96.94
ITEM_7A0FD529,ORD_33345E2C,PROD_A8B7D69E,2,348.68,52.21
ITEM_9F0ECBD3,ORD_130F5DD8,PROD_4979D94D,4,925.47,63.16
ITEM_9F42883F,ORD_67FB4546,PROD_0BBEE5D6,7,438.08,80.73
ITEM_8341F95C,ORD_3A84E943,PROD_A0E83676,4,624.86,48.34
ITEM_6EBED2AF,ORD_A6767B5B,PROD_11620C88,4,934.46,78.08
ITEM_9C00BD63,ORD_5888DC8D,PROD_16821187,7,375.18,90.0
ITEM_65AC2C51,ORD_A0C3F9D2,PROD_868A365E,-4,361.87,98.77
ITEM_EF4F2E4B,ORD_45C50F88,PROD_637D6F9E,6,839.14,96.96
ITEM_3E273145,ORD_39001ACA,PROD_FCDE641C,2,105.02,52.05
ITEM_E5F936DF,ORD_33345E2C,PROD_A24F2FBC,10,499.4,99.61
ITEM_043CD7B0,ORD_12C30DA5,PROD_0BBEE5D6,2,42.16,83.52
ITEM_D677EBA5,ORD_03170C38,PROD_70D3D251,5,431.38,3.89
ITEM_FC231955,ORD_3B9E6829,PROD_C5FC49B5,5,998.42,69.59
ITEM_9061632B,ORD_B8EFAEFB,PROD_1D7BF9A1,3,851.24,98.13
ITEM_CEE6CC05,ORD_1D9EE2A9,PROD_90520F43,6,315.3,29.98
ITEM_94A52C1C,ORD_AD7C218C,PROD_647D2C1F,5,714.68,86.95
ITEM_364A3B7B,ORD_ECF851B1,PROD_094E5AE4,10,109.12,11.34
ITEM_36342836,ORD_1D9EE2A9,PROD_E694B085,6,132.49,57.64
ITEM_4E6567EB,ORD_6319ED0C,PROD_1F80334D,4,318.37,76.06
ITEM_BFC8C990,ORD_0E5E7442,PROD_E819083C,9,871.6,54.61
ITEM_41C88A82,ORD_8F6C92EB,PROD_37B4088B,2,754.78,4.07
ITEM_2FB85723,ORD_26EA5490,PROD_B7E02CB3,2,276.36,5.21
ITEM_3F5359CC,ORD_9150B03E,PROD_1B38A63E,-10,892.49,4.25
ITEM_94D08DF5,ORD_CEEE87D3,PROD_938C5F03,7,271.64,59.09
ITEM_4CE7C4F3,ORD_D05C8997,PROD_12154197,2,193.28,91.82
ITEM_02C32F95,ORD_6ED97025,PROD_FF4213C4,1,731.46,12.67
ITEM_30E7BA93,ORD_9EA1E78F,PROD_37247735,4,15.23,52.3
ITEM_F380CD8D,ORD_6C7B7837,PROD_D130CA73,8,68.78,21.1
ITEM_BA153A67,ORD_02C499D5,PROD_58626E3F,4,299.78,13.62
ITEM_B4A693FC,ORD_37FC5428,PROD_D6F560CE,10,256.54,85.61
ITEM_E12DE214,ORD_282FB695,PROD_B7E02CB3,5,502.7,97.78
ITEM_A1D7D333,ORD_5A8BEC55,PROD_211B8BCC,5,580.85,81.44
ITEM_16236206,ORD_73EB0816,PROD_7269CE34,4,49.8,99.81
ITEM_B6669B00,ORD_B0607EA5,PROD_CBFAB125,2,141.63,21.81
ITEM_6B5D17D7,ORD_A686D9E4,PROD_7428A4C5,-10,218.1,11.08
ITEM_C82FA618,ORD_DA7C1824,PROD_2E86E6D4,7,214.27,14.44
ITEM_4C34A5A3,ORD_DC0D77DD,PROD_6F63A578,6,417.02,65.95
ITEM_207119C0,ORD_BA6500BA,PROD_F08253A5,8,859.18,14.59
ITEM_8D0AC969,ORD_515537A5,PROD_FF60477A,4,859.53,66.23
ITEM_3268D3BC,ORD_07637ED0,PROD_7D676FE7,5,259.59,43.33
ITEM_A0029472,ORD_6BAFBEBB,PROD_E617206C,1,529.04,20.38
ITEM_517501E0,ORD_C0F2F17A,PROD_841823D8,3,185.29,76.91
ITEM_7AAB724C,ORD_31B603EC,PROD_64008E15,2,354.36,64.43
ITEM_A42E7E69,ORD_EAB05D0D,PROD_866D042F,5,963.87,26.96
ITEM_6221B109,ORD_2A492FFB,PROD_09C0B2D1,8,26.97,23.44
ITEM_DB4E0E2D,ORD_C54E06F2,PROD_90635AF6,4,556.23,64.19
ITEM_5AC37941,ORD_E2353E2B,PROD_A1FEE53E,5,526.81,68.99
ITEM_D5F987B7,ORD_8E11EBC3,PROD_44AE7CAD,5,30.1,56.72
ITEM_AB2EFC57,ORD_209C8E23,PROD_8BDBE376,4,259.58,24.43
ITEM_A657D51F,ORD_F0E12454,PROD_64008E15,3,977.68,0.34
ITEM_F7195777,ORD_CC0BB249,PROD_B56A732D,6,771.99,41.97
ITEM_4D84E06A,ORD_111BBCB0,PROD_41E1F5D1,8,117.38,30.63
ITEM_AEB35AFA,ORD_1E704B98,PROD_32AA03D9,5,279.22,19.95
ITEM_D6266A1B,ORD_A4D637D0,PROD_C8E9AFD7,2,628.37,89.03
ITEM_D33727F8,ORD_08FEDD46,PROD_2CDED6FA,6,761.34,53.25
ITEM_FA0A1C84,ORD_93E888E6,PROD_68725FEC,7,26.27,7.63
ITEM_3B29C02E,ORD_8DE8876D,PROD_4FBD7295,4,53.44,46.71
ITEM_4DDFB81F,ORD_D24BDB02,PROD_460FA40D,2,976.17,44.13
ITEM_5F6FD4F6,ORD_5884DB0F,PROD_F963F4F4,4,105.89,25.65
ITEM_5EDAA4D1,ORD_26EA5490,PROD_18D7398C,2,646.59,88.98
ITEM_980ECC35,ORD_9006520A,PROD_CBB80200,2,244.34,11.88
ITEM_24D6B3EB,ORD_FC09F561,PROD_5E3A5988,10,632.82,76.09
ITEM_37748D54,ORD_F4F14D47,PROD_7D7471D6,5,660.72,69.59
ITEM_42983311,ORD_E60CE9A0,PROD_D9F42F71,4,888.59,10.01
ITEM_F73A04F5,ORD_E3EB8A96,PROD_FDAE7ACE,10,432.83,34.9
ITEM_C5ACF3DE,ORD_ECEFC9B3,PROD_868A365E,9,36.63,9.75
ITEM_00F42F12,ORD_A061B015,PROD_7054EE29,5,824.09,23.42
ITEM_85166734,ORD_FBB0851E,PROD_43F1CDFC,4,205.67,29.5
ITEM_89407AE1,ORD_315AB7AF,PROD_72C76ED2,4,41.18,72.57
ITEM_525CA068,ORD_DC0D77DD,PROD_0A60516C,6,881.36,29.96
ITEM_1312ED99,ORD_6CCD5B5C,PROD_AAE0F9EA,3,835.28,15.91
ITEM_565476A1,ORD_47F05EC1,PROD_F5B96F5F,3,537.7,68.44
ITEM_C4AAC380,ORD_9006520A,PROD_B7E02CB3,2,165.96,7.32
ITEM_B6D4E8A4,ORD_2F55214A,PROD_5C101039,7,814.47,26.61
ITEM_171EADAA,ORD_5E8A510D,PROD_90520F43,10,917.97,98.44
ITEM_0FD61D82,ORD_294A6CB2,PROD_868A365E,3,598.33,66.05
ITEM_4394F7D1,ORD_E1E3700D,PROD_C18ED1A8,7,838.32,44.51
ITEM_0C8F31BB,ORD_DB315B5F,PROD_B82B1B7C,10,736.08,77.18
ITEM_FE675F3E,ORD_3B4ADB5D,PROD_D1A4175C,7,774.83,46.49
ITEM_814A3425,ORD_69206D18,PROD_7D20A21F,3,237.44,70.03
ITEM_25C85076,ORD_CE221865,PROD_7428A4C5,9,910.24,58.07
ITEM_28986C70,ORD_9EA1E78F,PROD_DB5E25BE,1,543.64,23.18
ITEM_249594A0,ORD_C3A0F8FE,PROD_48A1F02C,1,610.83,88.44
ITEM_1F967D82,ORD_7D4C231C,PROD_18558B4C,6,102.6,26.11
ITEM_0514A8C1,ORD_7887C2BC,PROD_E78DE94D,3,495.6,83.79
ITEM_24A16BC0,ORD_43987A54,PROD_09C0B2D1,2,628.59,7.14
ITEM_F5235E68,ORD_1D2A0593,PROD_A0A131B2,6,684.53,99.28
ITEM_7DFFFC6B,ORD_9B3AED67,PROD_3229FC6B,1,782.25,77.53
ITEM_132D9643,ORD_7F343354,PROD_B1977EB0,1,173.27,74.22
ITEM_87E1AE0B,ORD_948BA925,PROD_5B57E77E,2,485.97,80.54
ITEM_389C78BF,ORD_3992BC84,PROD_54D9C0D4,1,750.99,60.49
ITEM_A1597F38,ORD_4F19F2E3,PROD_6ECF94E5,6,675.46,79.47
ITEM_321AADDE,ORD_AE8B9848,PROD_513501AE,5,94.19,81.28
ITEM_F45526CA,ORD_6646F73A,PROD_F683F922,5,911.15,7.66
ITEM_D25454DE,ORD_6443DB4F,PROD_297C4E87,9,52.04,37.94
ITEM_F88D4223,ORD_538EAC1C,PROD_66795998,7,53.7,4.89
ITEM_38729338,ORD_E894EF14,PROD_68EA523E,4,640.3,8.87
ITEM_BD496189,ORD_DC0D77DD,PROD_44AE7CAD,5,411.13,56.3
ITEM_AAEAC630,ORD_1549C631,PROD_22016FC0,3,516.57,99.07
ITEM_CE3F87AC,ORD_4E4905B5,PROD_C5843A78,6,178.53,57.68
ITEM_99326424,ORD_2E139F5B,PROD_C0CD1A0A,9,628.77,5.3
ITEM_C22195C8,ORD_0EAFC715,PROD_48A1F02C,7,618.07,46.0
ITEM_BC3788C0,ORD_7473CF65,PROD_FAAD6C28,10,953.57,85.62
ITEM_672F17FD,ORD_4E115F0D,PROD_CDAFEAE0,3,275.13,4.7
ITEM_C0EB3CA9,ORD_DAF9FA5F,PROD_159F4619,5,133.02,55.58
ITEM_C72BC84D,ORD_2C78EE0C,PROD_982C8038,5,266.08,85.69
ITEM_99ACF0FD,ORD_BB91FD22,PROD_4B1D3F0D,8,256.53,19.39
ITEM_7AA0C7F8,ORD_A821B8A7,PROD_D130CA73,9,405.71,24.22
ITEM_8A3DE9CA,ORD_904D884B,PROD_A2506FAE,3,622.88,29.52
ITEM_D24D7AC0,ORD_78A0FAB6,PROD_34C3A310,10,670.31,30.75
ITEM_1F65F40A,ORD_2A233E56,PROD_C49D9939,1,425.6,71.7
ITEM_FE1804F3,ORD_54346515,PROD_30F6EAD8,7,316.49,77.83
ITEM_A7666B09,ORD_81832E76,PROD_2CDB6146,1,298.71,98.22
ITEM_CA5B80F6,ORD_9D544102,PROD_EA8D6869,6,379.93,29.06
ITEM_E0AE881F,ORD_2AFB7813,PROD_62CECF50,3,236.79,67.58
ITEM_37D4FC0A,ORD_F728112E,PROD_F4BB7EB1,5,866.81,72.92
ITEM_058A8D7B,ORD_AF4EC87F,PROD_45F4512F,8,417.08,27.98
ITEM_7CBB7709,ORD_E638977C,PROD_0CFFCA75,10,535.05,91.63
ITEM_F7C72CB3,ORD_AD7C218C,PROD_F9C0212A,2,560.53,50.1
ITEM_858529A9,ORD_F022D38F,PROD_01C59816,6,142.91,61.01
ITEM_EC6C0CD8,ORD_0A8E798D,PROD_25B91358,6,689.96,5.75
ITEM_215D2447,ORD_4F5F6FE8,PROD_9295D57C,4,223.97,96.97
ITEM_D2E6B581,ORD_D811F670,PROD_DE036E42,4,265.14,31.51
ITEM_7864B755,ORD_BF44CCAA,PROD_BF314EB6,7,808.64,80.59
ITEM_75A6434C,ORD_0ECB7D81,PROD_1B38A63E,10,471.79,87.86
ITEM_F3FFEC8E,ORD_2F57924F,PROD_981082F5,10,248.69,9.14
ITEM_BCC0C032,ORD_318821EA,PROD_68AE53AD,8,410.94,32.3
ITEM_5FF4EE3A,ORD_B08BE45F,PROD_EE2796B4,7,726.13,95.62
ITEM_B5303829,ORD_26EA5490,PROD_96F289F9,8,334.17,38.93
ITEM_3F0AF790,ORD_8AAFAF9C,PROD_538EBEC5,7,723.08,52.45
ITEM_5DABF207,ORD_783CBE8A,PROD_C091153D,3,36.3,81.07
ITEM_B35B49F7,ORD_A6767B5B,PROD_8BDBE376,6,120.89,12.79
ITEM_9D71617D,ORD_B6CFD9AA,PROD_8F309D2B,1,383.52,47.23
ITEM_505DCD86,ORD_25AD0817,PROD_0BFD6023,5,824.81,59.61
ITEM_962ADBA6,ORD_138DC283,PROD_B37A69D4,1,683.32,39.18
ITEM_A096DB05,ORD_A7F2C945,PROD_B4FDA46E,3,85.49,60.37
ITEM_208670A4,ORD_9BC1B3CF,PROD_6F63A578,9,579.28,10.89
ITEM_7197CA82,ORD_AC65A22E,PROD_F9C0212A,4,482.57,83.81
ITEM_3406684D,ORD_A6767B5B,PROD_80E468F8,7,816.8,15.77
ITEM_10F5FEE8,ORD_E1E3700D,PROD_96F289F9,3,456.78,33.52
ITEM_468BB1F3,ORD_E3A0B931,PROD_2A88DC13,2,46.12,74.6
ITEM_E20BDE08,ORD_4816E5AE,PROD_134F74CE,3,413.18,74.71
ITEM_CF2C1CF1,ORD_7D468700,PROD_8ABC9816,1,344.12,49.24
ITEM_0CC24C4E,ORD_D04B4535,PROD_0CC91E3D,7,746.32,51.93
ITEM_0418210B,ORD_0F4B9EDF,PROD_A24F2FBC,3,848.07,93.88
ITEM_1BB876AF,ORD_E2D1B7B6,PROD_757F2C87,1,211.15,39.06
ITEM_4237CCB3,ORD_F9908926,PROD_0D65D6E9,1,688.06,7.27
ITEM_8D172632,ORD_3BA80721,PROD_228BDF5D,2,769.92,25.4
ITEM_E3FF525D,ORD_F728112E,PROD_641B8544,1,513.99,18.34
ITEM_608286CD,ORD_F9D25992,PROD_5C101039,8,490.42,76.31
ITEM_C0AA1CFB,ORD_C390E0BA,PROD_7DF1140A,10,529.25,26.38
ITEM_BDEC2D81,ORD_78762433,PROD_3E6B46E0,2,897.4,0.5
ITEM_ECEC5C0C,ORD_F7751D35,PROD_1480BC60,4,245.05,86.28
ITEM_5807E764,ORD_642A7312,PROD_30F6EAD8,3,219.84,64.51
ITEM_3872F5FF,ORD_AB1392BD,PROD_BED3D316,1,376.86,69.11
ITEM_D79D3B39,ORD_41BA6489,PROD_A7C444DA,9,568.82,70.75
ITEM_245B9CD7,ORD_5BDAB434,PROD_513501AE,5,935.61,71.47
ITEM_27AED01F,ORD_8BE55A94,PROD_52DF1BFA,10,408.83,59.79
ITEM_D5C56A15,ORD_FAE442D8,PROD_B7E02CB3,10,382.11,78.05
ITEM_BA851D59,ORD_86AD328E,PROD_8B7D55CD,2,302.59,53.53
ITEM_70F8DA23,ORD_498E2FF3,PROD_90635AF6,10,337.05,10.29
ITEM_B28A18B5,ORD_1A033353,PROD_538EBEC5,5,794.38,85.68
ITEM_852C0C08,ORD_C846AFF0,PROD_C836B409,4,840.79,80.71
ITEM_12A0AE6C,ORD_46C4171E,PROD_134F74CE,3,435.58,56.39
ITEM_31338D69,ORD_138DC283,PROD_C5FC49B5,7,32.73,55.79
ITEM_9330E109,ORD_FCF1AC2B,PROD_6EF180FE,2,423.53,89.16
ITEM_39B13142,ORD_C91119C4,PROD_07DC9AF0,3,316.41,94.3
ITEM_A2B27DD8,ORD_DC0D77DD,PROD_68725FEC,9,332.52,66.25
ITEM_069CC5F5,ORD_7AD2765B,PROD_B7EA5ABA,4,525.01,65.73
ITEM_C1248505,ORD_D05C8997,PROD_FAAD6C28,5,898.28,96.0
ITEM_2DE4BB0E,ORD_BBA51B35,PROD_1092775F,3,570.61,43.41
ITEM_278397A3,ORD_67FB4546,PROD_4720EB7F,7,365.13,67.66
ITEM_3B6787CE,ORD_69ECBD7C,PROD_23028D84,2,388.61,37.83
ITEM_549C942C,ORD_567AFAFB,PROD_460FA40D,-4,487.11,42.6
ITEM_AAFF4A8B,ORD_C4943454,PROD_23EE80D3,4,320.56,33.69
ITEM_732EEC30,ORD_B740D3AA,PROD_E693C8DB,5,779.45,39.87
ITEM_5441C9A5,ORD_BAF81269,PROD_48A1F02C,10,317.64,50.9
ITEM_37FCCE5D,ORD_0C67415B,PROD_3E6B46E0,1,172.6,75.23
ITEM_A2E07364,ORD_11F8C8BE,PROD_1CDC9959,9,396.77,88.52
ITEM_F9D721DA,ORD_373FB249,PROD_C5FC49B5,2,765.62,50.39
ITEM_34BDD6B9,ORD_DEB1A3DC,PROD_5B57E77E,4,341.49,96.95
ITEM_51F79390,ORD_3B7C39B8,PROD_647D2C1F,1,381.44,5.6
ITEM_C00C9971,ORD_921EF953,PROD_12E6D535,2,610.47,85.78
ITEM_1C8A2F5B,ORD_C64AD5E7,PROD_ED59CC4A,8,185.42,62.95
ITEM_ED926672,ORD_4E98AED9,PROD_4735E5CF,7,59.8,36.84
ITEM_073043D8,ORD_948BA925,PROD_8018892C,-5,500.32,44.27
ITEM_D4769D8A,ORD_43284B36,PROD_2C50351B,3,943.5,88.54
ITEM_6F55AD18,ORD_12C30DA5,PROD_A0E83676,7,600.35,34.46
ITEM_FD429568,ORD_170E59FB,PROD_FF5C8F7A,8,827.75,92.28
ITEM_218035D1,ORD_B740D3AA,PROD_A7C444DA,3,933.16,6.68
ITEM_7AF0CDA1,ORD_33E1734F,PROD_5AEA29A8,1,528.74,53.35
ITEM_0A01E6A4,ORD_FE2D7B9F,PROD_1E84E4F5,4,239.79,93.72
ITEM_43EB4C9B,ORD_E10EE184,PROD_2901A2FE,6,179.54,34.47
ITEM_B55B199A,ORD_F56F88A8,PROD_325EB72F,2,927.9,46.43
ITEM_89A3436D,ORD_D744103D,PROD_F7B87120,2,171.75,37.98
ITEM_05219ED2,ORD_29110635,PROD_4C458C87,4,979.75,31.78
ITEM_9690B19C,ORD_AAA49766,PROD_B7D9A8E0,9,351.52,12.13
ITEM_5F0A62B1,ORD_A2DEE0F8,PROD_1480BC60,2,549.74,30.71
ITEM_34270D95,ORD_A573170D,PROD_C5843A78,3,329.79,14.09
ITEM_601CDB87,ORD_5CB6FEEF,PROD_134F74CE,9,819.29,43.12
ITEM_2658927D,ORD_1C57FE97,PROD_B1A7E50F,4,685.23,83.2
ITEM_DBDC6B89,ORD_584A10EC,PROD_B18FEA0A,9,150.36,46.32
ITEM_1A81C658,ORD_7404703B,PROD_0391863A,9,194.78,1.4
ITEM_D8C968B9,ORD_4B4A4EEA,PROD_FF5C8F7A,8,593.1,82.73
ITEM_4FBBA0E2,ORD_0B299379,PROD_2DA5B629,5,973.94,17.16
ITEM_1A8DB70E,ORD_D769A85E,PROD_0BBEE5D6,8,689.91,43.79
ITEM_71E400A1,ORD_66737D68,PROD_75305051,4,543.97,87.66
ITEM_C7379E07,ORD_67958A25,PROD_55C9D4A1,3,995.96,40.84
ITEM_B5CD7957,ORD_B7C74B45,PROD_FDAE7ACE,10,960.17,2.29
ITEM_961ECFD5,ORD_8E088D9E,PROD_0CC91E3D,7,994.52,45.36
ITEM_9D788C14,ORD_F9245C52,PROD_E617206C,7,501.5,90.03
ITEM_35746B0C,ORD_A4DC5C47,PROD_4720EB7F,1,12.23,54.06
ITEM_FEEAC103,ORD_75DB2D99,PROD_9E950AC9,3,355.81,67.39
ITEM_B564E7AD,ORD_5AB15C0E,PROD_E1CD65EB,-6,341.7,98.89
ITEM_843486D5,ORD_1D77796B,PROD_1DF2BF58,5,158.84,7.29
ITEM_F7513A3A,ORD_8C56FC49,PROD_A1A72901,2,147.36,56.79
ITEM_2A9AB85A,ORD_1A4A5323,PROD_8B7D55CD,10,561.95,53.43
ITEM_F2F78990,ORD_D2EB44C2,PROD_EA4137B2,4,612.87,28.88
ITEM_FD1A2AD4,ORD_D769A85E,PROD_143943A2,3,919.4,85.09
ITEM_7A53C8D3,ORD_FC847148,PROD_50C7C528,10,237.5,84.18
ITEM_C3A9D7AA,ORD_AEDA7979,PROD_5E3A5988,9,651.89,29.81
ITEM_684E5A78,ORD_498F1B9C,PROD_976AE4E4,10,633.22,64.73
ITEM_03F020DB,ORD_EDF39365,PROD_CD77597F,8,512.46,96.24
ITEM_2C8F5FD1,ORD_F5E25D85,PROD_FC38DB73,8,924.41,23.53
ITEM_861A9E24,ORD_C698403D,PROD_BE5A146D,8,204.03,76.91
ITEM_309297E3,ORD_C1607F20,PROD_F4BB7EB1,1,457.49,38.04
ITEM_2DB15665,ORD_34C279A8,PROD_D61B97E3,8,536.88,38.45
ITEM_35BBBAB8,ORD_79E995E2,PROD_4C5C62B2,9,847.06,83.7
ITEM_C9A9A807,ORD_F5B7520D,PROD_F462EF4F,9,498.97,74.98
ITEM_25E8716D,ORD_7404703B,PROD_F3162D17,6,10.65,64.35
ITEM_B8166A4B,ORD_D2EB44C2,PROD_D36A0E3A,6,276.63,2.99
ITEM_C456C4BF,ORD_E4546C46,PROD_938C5F03,7,623.34,68.56
ITEM_71134F77,ORD_4DA03210,PROD_B19EC3D0,1,176.24,89.98
ITEM_B93ED1F3,ORD_6D75608E,PROD_5237DA58,6,190.73,52.36
ITEM_E699C92D,ORD_BFC08F79,PROD_7D3C3709,4,828.2,61.14
ITEM_86A03482,ORD_419E6070,PROD_0D710ACB,3,741.97,84.67
ITEM_0B547A47,ORD_0A447812,PROD_2C50351B,4,202.62,96.05
ITEM_D71C0D68,ORD_B740D3AA,PROD_EA3013AB,6,268.12,68.45
ITEM_6783D41E,ORD_1D3C11D1,PROD_2E917B54,3,344.51,98.94
ITEM_6BD30686,ORD_D940312C,PROD_47559A53,6,968.94,17.19
ITEM_6D35C8B3,ORD_AA58B063,PROD_F963F4F4,4,611.86,68.64
ITEM_583BA243,ORD_0B299379,PROD_579610C9,9,713.51,36.92
ITEM_3656CCB7,ORD_A384BFE5,PROD_D9F42F71,9,392.42,85.01
ITEM_671C7314,ORD_08FEDD46,PROD_143943A2,10,492.89,68.01
ITEM_B7DE174C,ORD_AB7F13B1,PROD_68EA523E,-4,313.55,62.32
ITEM_76489C1F,ORD_DC239E07,PROD_EB4FE960,10,834.07,91.39
ITEM_85AEDAD2,ORD_8CD1959C,PROD_96530142,3,526.33,70.47
ITEM_B5D2DDA6,ORD_7FB5175A,PROD_165C25C3,5,95.15,36.42
ITEM_55CDAF66,ORD_2A499817,PROD_70FB2970,2,459.14,32.68
ITEM_9AF8CCA4,ORD_76859358,PROD_F2E78B2D,2,181.77,61.94
ITEM_C2203770,ORD_EE3BD917,PROD_D689A6EC,8,951.12,9.74
ITEM_40574782,ORD_FC847148,PROD_75305051,8,55.33,95.98
ITEM_5EA492AF,ORD_D8D323DA,PROD_6ECF94E5,2,772.06,8.71
ITEM_4EF5642D,ORD_3A84E943,PROD_D791F5E5,3,619.56,94.8
ITEM_656117D0,ORD_3B13953D,PROD_8F309D2B,8,609.02,83.49
ITEM_C84F2A8F,ORD_BFF60040,PROD_58CCD120,1,138.48,84.47
ITEM_A1F980E6,ORD_A8D6C223,PROD_881BDD27,7,145.48,33.09
ITEM_6AE3C470,ORD_CEEE87D3,PROD_0CC91E3D,7,331.21,77.29
ITEM_7387BFDE,ORD_1B1A7886,PROD_B37A69D4,8,286.74,86.26
ITEM_1A7F4321,ORD_45211C30,PROD_5CF19CA1,6,983.32,89.32
ITEM_9A1EA700,ORD_7A685C44,PROD_C43F2B80,10,370.07,86.68
ITEM_FCEEAFEE,ORD_8C9D1487,PROD_841823D8,3,311.5,61.44
ITEM_7CA0FE4F,ORD_F57D1787,PROD_EA9B6447,7,35.14,93.26
ITEM_EA11F0F5,ORD_E60CE9A0,PROD_EE2796B4,1,313.77,63.92
ITEM_9348F5AF,ORD_A6767B5B,PROD_980C1EF4,2,139.82,87.74
ITEM_A6586D0D,ORD_C8CF4860,PROD_7D20A21F,6,78.55,0.56
ITEM_79D862EB,ORD_F728112E,PROD_AF72EC4A,1,637.08,42.57
ITEM_2C2C51D6,ORD_9EA1E78F,PROD_01F28F78,2,291.52,51.98
ITEM_3345AD85,ORD_9A048B43,PROD_8B8C1776,7,995.15,49.06
ITEM_2847AC81,ORD_5CB63A19,PROD_24420EE5,7,640.95,44.11
ITEM_5450C36D,ORD_CE221865,PROD_48E25825,7,16.3,36.63
ITEM_97A6B766,ORD_A06DCAAA,PROD_FB22D9E3,6,950.21,6.96
ITEM_196AAA1B,ORD_A2DEE0F8,PROD_CD10E77E,9,114.8,13.37
ITEM_6FA15054,ORD_F9C569D1,PROD_784E1FC1,3,151.78,84.12
ITEM_C847FDBA,ORD_085F5EFA,PROD_37002361,10,383.38,0.81
ITEM_78A5DAE3,ORD_0ECB7D81,PROD_2EA3A630,4,494.64,20.4
ITEM_5536B2A2,ORD_7FFA855C,PROD_FCDE641C,-6,173.41,47.17
ITEM_6E6395E4,ORD_1FA74150,PROD_EF195230,8,188.86,35.01
ITEM_49CC72E3,ORD_89D08633,PROD_8FDA8D3B,5,369.56,62.77
ITEM_0231788E,ORD_3453A492,PROD_DB5E25BE,7,575.51,3.27
ITEM_4655DD1A,ORD_EBBB9BF4,PROD_5CAC0AD8,9,856.33,74.19
ITEM_1B8C3C1C,ORD_CD642B33,PROD_48A1F02C,2,553.88,18.17
ITEM_4B9F7B75,ORD_FB6728AF,PROD_E693C8DB,8,462.6,21.51
ITEM_C2D11F0B,ORD_35B5E83D,PROD_CCF3D587,10,966.95,95.67
ITEM_850495A4,ORD_AD4444D0,PROD_5A1D59F4,6,163.64,95.52
ITEM_38D8D65E,ORD_6F9C2A34,PROD_1C00FAEE,7,955.79,73.28
ITEM_B09A174A,ORD_B319F355,PROD_B149A42F,10,310.17,55.31
ITEM_E9CE03C6,ORD_306E493F,PROD_826B1C79,3,370.06,96.42
ITEM_DA4FD719,ORD_0A447812,PROD_89A14521,6,314.98,41.79
ITEM_C65BF7B3,ORD_1E3544AE,PROD_FCDE641C,8,810.16,28.98
ITEM_A68F2449,ORD_5890A6F9,PROD_B56A732D,10,866.78,57.76
ITEM_79F7ACC3,ORD_7787B663,PROD_114CC453,10,125.31,89.33
ITEM_529D93F8,ORD_9793C72B,PROD_8528B654,1,182.59,6.99
ITEM_237BD1BA,ORD_68EAC98E,PROD_B62138B2,4,599.94,75.97
ITEM_6895DB36,ORD_B0545A3F,PROD_0BFD6023,2,710.84,81.75
ITEM_EBE19C50,ORD_45211C30,PROD_B39AB5F8,4,37.8,67.52
ITEM_2CFC76FC,ORD_02F35EA4,PROD_E02ECD53,3,403.16,79.06
ITEM_36DB5AD8,ORD_E46F375A,PROD_ED59CC4A,9,47.28,4.45
ITEM_B346A54A,ORD_A2820B1C,PROD_7D676FE7,10,689.15,46.56
ITEM_21170808,ORD_E3EB8A96,PROD_3D16AF80,10,686.76,69.33
ITEM_8FE79D10,ORD_EE2A1467,PROD_637D6F9E,9,244.43,53.5
ITEM_B6E45EE0,ORD_15FA23C2,PROD_E617206C,1,285.35,30.21
ITEM_626BED79,ORD_0A2C03CA,PROD_58626E3F,2,856.63,57.39
ITEM_E747B827,ORD_8D805F5C,PROD_86032543,2,873.11,95.41
ITEM_142150FA,ORD_A2CA2711,PROD_AFBA714F,1,646.48,16.75
ITEM_F400F9B2,ORD_E2DC13DB,PROD_881BDD27,1,206.85,27.72
ITEM_817BABF4,ORD_CCF68902,PROD_177DF6C1,4,825.02,91.17
ITEM_539713E3,ORD_0104073F,PROD_B37A69D4,8,689.91,49.99
ITEM_3C69DDEA,ORD_4F2A76EA,PROD_E607023E,3,636.96,73.18
ITEM_0956FD0C,ORD_540105E5,PROD_BC047526,3,689.92,70.04
ITEM_A3DB03A1,ORD_BFC08F79,PROD_58845CCC,8,148.24,11.52
ITEM_AAECADDF,ORD_00DCBDF6,PROD_16B3583B,2,408.67,12.95
ITEM_8ECE05CC,ORD_AF763FAC,PROD_C0CD1A0A,2,41.6,13.6
ITEM_2628184F,ORD_C8BAB471,PROD_30F6EAD8,8,205.97,62.3
ITEM_0425D4B7,ORD_2E139F5B,PROD_1C00FAEE,1,200.52,38.03
ITEM_7DA10D9D,ORD_F529B035,PROD_996B1AA9,1,460.79,87.69
ITEM_C78D016B,ORD_9689C913,PROD_C8234450,9,766.72,28.2
ITEM_B910011F,ORD_80BD2AE6,PROD_5CAC0AD8,-5,562.8,39.48
ITEM_BC15416F,ORD_B54A5042,PROD_21A606F4,6,580.67,32.66
ITEM_10DD4162,ORD_8CEE548C,PROD_6ECF94E5,10,137.52,84.0
ITEM_24426004,ORD_C0C96449,PROD_2DA5B629,6,356.48,38.05
ITEM_5E503D5A,ORD_7404703B,PROD_A2506FAE,1,222.47,66.7
ITEM_B494B9A8,ORD_4211A168,PROD_EEF904B1,3,587.62,82.35
ITEM_89BCD928,ORD_3A84E943,PROD_1822A160,4,127.46,27.55
ITEM_70EA96F4,ORD_C6A5C918,PROD_BE0C7D82,9,373.02,30.69
ITEM_CC8D7862,ORD_15FA23C2,PROD_4857031B,4,266.76,7.49
ITEM_94D2817C,ORD_A694B0E0,PROD_97DD921A,1,487.03,5.38
ITEM_35BB25FC,ORD_2F57924F,PROD_B7EA5ABA,10,238.5,49.49
ITEM_745E4144,ORD_1CE5E3E2,PROD_8F53DCA5,10,448.68,72.15
ITEM_D8DE5925,ORD_57A72880,PROD_5FA1BAF2,7,32.16,22.82
ITEM_EB3AA625,ORD_C3A0F8FE,PROD_43CB18B5,9,902.11,34.24
ITEM_D6BAC8D3,ORD_55FDB1C2,PROD_C49D9939,1,713.23,28.55
ITEM_C4DC902B,ORD_9E8861F4,PROD_31FA51CD,-2,369.55,90.51
ITEM_04E0135B,ORD_DF6A6EEE,PROD_A60ABFF5,10,643.44,36.86
ITEM_3D18BE84,ORD_9006520A,PROD_603F863C,10,448.38,67.71
ITEM_B04CFA66,ORD_FAE7FE66,PROD_54D9C0D4,5,180.76,24.61
ITEM_9AD2F186,ORD_2A492FFB,PROD_B1064660,3,258.59,43.42
ITEM_16926FE8,ORD_C0F2F17A,PROD_5E8A8DAD,9,127.32,78.36
ITEM_D4757C34,ORD_DAF9FA5F,PROD_B19EC3D0,-4,912.35,79.25
ITEM_CADF1FAB,ORD_B4C5342B,PROD_F44004F0,2,283.41,94.32
ITEM_5D5DD9A3,ORD_1E3544AE,PROD_6EAD091B,7,548.93,51.69
ITEM_7FEAFFDF,ORD_8CB25A9A,PROD_8ABC9816,8,596.82,86.84
ITEM_DD75102A,ORD_A9CC15D0,PROD_5237DA58,1,203.53,4.25
ITEM_27AF082E,ORD_8BE55A94,PROD_274ABA95,4,715.5,33.21
ITEM_6E651818,ORD_1A4A5323,PROD_A7C444DA,5,535.39,27.55
ITEM_B08C9CAF,ORD_06A14234,PROD_CCA91BD2,7,707.02,2.48
ITEM_18D63BB9,ORD_8DE8876D,PROD_93599503,3,860.81,67.64
ITEM_E1BCEA20,ORD_7AAF59DF,PROD_75305051,7,501.21,20.46
ITEM_43090BA9,ORD_D05C8997,PROD_982C8038,6,674.34,87.22
ITEM_A82D5DA0,ORD_6B133184,PROD_A0E83676,3,920.26,43.95
ITEM_55182D7C,ORD_24F722B5,PROD_F6275572,7,157.42,35.32
ITEM_069133AB,ORD_EFF811BD,PROD_094E5AE4,4,702.48,47.5
ITEM_A7EBEF60,ORD_537F4D6F,PROD_74738B51,5,431.31,31.06
ITEM_03DBE5DB,ORD_D4F5CE68,PROD_EF7DF0D9,2,60.07,58.85
ITEM_6FF13AE0,ORD_02C499D5,PROD_11506CEE,2,46.98,74.9
ITEM_D641DEE0,ORD_216989DD,PROD_165C25C3,9,556.51,82.05
ITEM_94129168,ORD_33FC8E30,PROD_57A23117,-10,256.8,99.75
ITEM_5EEF23CD,ORD_800B0F64,PROD_246412F4,3,614.45,50.18
ITEM_A0894D24,ORD_9BC1B3CF,PROD_37B4088B,10,929.97,39.5
ITEM_3DE55395,ORD_498F1B9C,PROD_30F6EAD8,8,651.55,19.87
ITEM_45DA8F20,ORD_DB04C73F,PROD_8528B654,2,388.4,55.65
ITEM_AD0CBB50,ORD_AC65A22E,PROD_274ABA95,7,955.9,14.84
ITEM_F8309D9A,ORD_E09808D3,PROD_905AEEE3,1,575.31,24.82
ITEM_74568658,ORD_1B5E40D5,PROD_A1A72901,6,218.83,68.89
ITEM_28549356,ORD_A06DCAAA,PROD_513501AE,10,122.8,61.05
ITEM_B2879874,ORD_36455FA7,PROD_46607B60,2,911.96,16.51
ITEM_6A6B221D,ORD_F15BFA4D,PROD_80E468F8,1,60.47,46.07
ITEM_D7F94096,ORD_FE492674,PROD_9E950AC9,2,64.37,15.84
ITEM_E94E6B34,ORD_4DAB9E96,PROD_072FC7A4,5,931.58,93.65
ITEM_40C6F8E2,ORD_E2D1B7B6,PROD_18558B4C,4,704.8,61.52
ITEM_3A2FFD16,ORD_FA7D1C4A,PROD_C24D3088,10,155.14,11.2
ITEM_2772A099,ORD_E01B4AC0,PROD_FB5551C5,1,542.13,62.6
ITEM_F5A876AF,ORD_9A8644CE,PROD_513501AE,9,822.15,7.06
ITEM_D15D4541,ORD_D769A85E,PROD_8281A04A,5,146.86,75.78
ITEM_01F92206,ORD_8063D5C9,PROD_641B8544,9,927.83,57.11
ITEM_57601578,ORD_FB6728AF,PROD_66795998,6,21.42,17.26
ITEM_4F99F302,ORD_8CB25A9A,PROD_647D2C1F,5,424.6,32.02
ITEM_065DCA66,ORD_02C499D5,PROD_AFBA714F,3,386.45,8.51
ITEM_1F8A60B8,ORD_8805ACEC,PROD_A0E83676,2,671.3,93.41
ITEM_F8BBE805,ORD_2ED85FF8,PROD_0391863A,10,173.7,67.04
ITEM_4ABD514A,ORD_4109AB53,PROD_C24D3088,3,754.63,57.86
ITEM_2FF7EC96,ORD_348E5FD6,PROD_F683F922,1,592.95,22.93
ITEM_A1CBB46A,ORD_6C8DB3F5,PROD_D093BF71,2,429.29,35.46
ITEM_728C2341,ORD_F4F14D47,PROD_BD56708B,9,185.26,28.41
ITEM_0A2675A7,ORD_6E6EB4AD,PROD_860AC489,6,360.5,77.9
ITEM_903F96B8,ORD_BFC08F79,PROD_6EF180FE,3,54.72,60.47
ITEM_8565DFFE,ORD_48C75021,PROD_BCBE4C58,10,551.33,72.04
ITEM_56C83DA1,ORD_4216A290,PROD_CC7A2F23,1,516.58,15.17
ITEM_2BF5BAB5,ORD_3D196691,PROD_BAC2BF4E,3,111.19,14.23
ITEM_41FCF642,ORD_D141A49A,PROD_641B8544,10,827.26,40.66
ITEM_94893024,ORD_A4DC5C30,PROD_8935AED5,1,578.13,78.93
ITEM_3C8D53C3,ORD_7CBB0C34,PROD_23028D84,9,699.72,22.8
ITEM_5EB378DF,ORD_AD4503E0,PROD_4C5C62B2,3,401.24,15.13
ITEM_38DCD876,ORD_D6832AFB,PROD_C73AA855,8,77.47,2.21
ITEM_F3FF556A,ORD_395DAF42,PROD_784E1FC1,2,222.31,82.97
ITEM_D3BD4B5D,ORD_A6767B5B,PROD_0F8ADBBF,6,987.26,64.01
ITEM_6C1169FD,ORD_54622976,PROD_0A60516C,7,221.21,71.97
ITEM_3B3A5FA0,ORD_6E6EB4AD,PROD_2BE2EF4E,6,256.14,91.84
ITEM_86DE466E,ORD_594F4F4E,PROD_177DF6C1,2,781.96,70.03
ITEM_AFF99698,ORD_6F9C2A34,PROD_267984E7,6,285.63,30.21
ITEM_DB633C62,ORD_E2353E2B,PROD_48A11675,2,434.63,65.03
ITEM_B3F2A787,ORD_FD516BE1,PROD_757F2C87,5,789.82,41.64
ITEM_DB0078D6,ORD_24A4A32F,PROD_784E1FC1,8,489.4,91.16
ITEM_70C38E47,ORD_8F09E963,PROD_1AC4B117,9,266.1,53.82
ITEM_65B36FE5,ORD_06BCD6EC,PROD_C0CD1A0A,9,908.48,0.29
ITEM_207C9F8D,ORD_C64CC630,PROD_A9C855EF,9,278.78,44.29
ITEM_FB18AD7A,ORD_AFC515D6,PROD_92EFAC12,2,841.34,62.25
ITEM_449166E6,ORD_0C2DA2C0,PROD_7D3C3709,7,550.46,61.65
ITEM_E6C8ED5F,ORD_6C67D7E3,PROD_0F8ADBBF,10,622.36,44.03
ITEM_B26AB6A1,ORD_A29F7937,PROD_3D16AF80,7,691.8,86.67
ITEM_949E186F,ORD_76859358,PROD_0BBEE5D6,10,320.42,65.99
ITEM_A116BC99,ORD_C0F2F17A,PROD_BED3D316,10,603.12,18.06
ITEM_04D51DCB,ORD_24A4A32F,PROD_58CCD120,6,929.46,88.92
ITEM_A168E29E,ORD_F4F14D47,PROD_FE96DD1A,2,87.82,68.28
ITEM_6AC246FD,ORD_0140DEC2,PROD_85D40F55,10,773.58,80.75
ITEM_C540370E,ORD_0EAFC715,PROD_F5871C91,6,976.11,64.76
ITEM_0846819E,ORD_80BD2AE6,PROD_55C9D4A1,10,378.66,5.58
ITEM_D0220686,ORD_C54E06F2,PROD_F5B96F5F,-1,659.5,57.24
ITEM_69C752A2,ORD_36455FA7,PROD_E78DE94D,5,584.56,17.89
ITEM_E227285F,ORD_498F2DD2,PROD_C0B9998A,7,281.23,90.3
ITEM_ABBE54B0,ORD_39001ACA,PROD_93599503,7,59.5,78.92
ITEM_681EEB4B,ORD_216989DD,PROD_6EAD091B,1,932.08,31.47
ITEM_9251BA2D,ORD_3471B292,PROD_4C5483F1,8,346.52,89.25
ITEM_E4B9579D,ORD_96229D71,PROD_1DE8D5D0,5,965.11,19.23
ITEM_B71D0193,ORD_1B1A7886,PROD_5A1D59F4,7,858.47,36.95
ITEM_5F49A763,ORD_B319F355,PROD_0476DA10,7,855.75,18.43
ITEM_50CCF329,ORD_E3A0B931,PROD_E7E010E6,5,402.53,33.4
ITEM_5055E974,ORD_2EA71E0D,PROD_CD77597F,4,19.06,93.19
ITEM_A95CCDFF,ORD_F04F0598,PROD_A194C137,3,160.63,18.1
ITEM_B4FF099E,ORD_941339BA,PROD_DFC68870,7,483.58,65.66
ITEM_2DFDBB78,ORD_809E04BB,PROD_325EB72F,3,617.14,39.01
ITEM_FF74878E,ORD_D7822BC5,PROD_1F80334D,3,983.66,9.23
ITEM_6B4BA8B1,ORD_B0545A3F,PROD_CDCACB4D,5,521.9,38.82
ITEM_648BE7CC,ORD_1CE5E3E2,PROD_1CDC9959,-9,479.84,51.63
ITEM_D22A2AF2,ORD_5CB6FEEF,PROD_AF72EC4A,8,136.57,87.46
ITEM_CC37D57F,ORD_1E41C7CC,PROD_058A807A,8,898.29,93.1
ITEM_DEB4A5F5,ORD_6C7B7837,PROD_FFE7382A,3,414.46,26.31
ITEM_5CA644A5,ORD_85CF404D,PROD_32AA03D9,2,119.8,16.46
ITEM_54F152C9,ORD_4D000FB6,PROD_30F6EAD8,5,762.12,47.87
ITEM_F489D789,ORD_D31E7DC9,PROD_93F9512C,6,732.2,86.64
ITEM_4E9D658B,ORD_F79E47CB,PROD_981082F5,8,973.97,63.56
ITEM_EBEBF807,ORD_54346515,PROD_72DE2743,9,136.64,67.17
ITEM_C72C2548,ORD_2291DB2D,PROD_D1E74518,9,260.69,79.69
ITEM_C75E7173,ORD_CE221865,PROD_EA4137B2,1,945.13,25.45
ITEM_62BF9664,ORD_F8056DB5,PROD_A8B06F18,5,345.15,14.56
ITEM_FE4206C2,ORD_7EF84179,PROD_2A88DC13,2,201.61,93.47
ITEM_224CE2E5,ORD_2842D9C9,PROD_D23488B5,9,739.11,97.72
ITEM_A6A0BF5A,ORD_D2EB44C2,PROD_45F4512F,8,775.82,76.42
ITEM_31F357C3,ORD_84231BDD,PROD_05CFFBD7,3,40.4,86.76
ITEM_674BC419,ORD_170E59FB,PROD_1D7BF9A1,3,898.76,35.36
ITEM_04364B75,ORD_581A08D0,PROD_E617206C,2,393.15,24.69
ITEM_8FB2E41D,ORD_AD4503E0,PROD_52DF1BFA,6,202.42,38.66
ITEM_7F363389,ORD_2D186C22,PROD_F44004F0,6,508.01,14.48
ITEM_C1C05206,ORD_4B22EBAA,PROD_FDAE7ACE,6,882.29,1.18
ITEM_FD425213,ORD_C5C95782,PROD_FF4213C4,9,873.86,44.05
ITEM_9445329A,ORD_946FB384,PROD_905AEEE3,9,844.13,34.53
ITEM_96413F29,ORD_9535F37A,PROD_12E6D535,5,673.33,35.95
ITEM_AEE5BF96,ORD_216989DD,PROD_7AB4A12D,1,218.16,53.51
ITEM_3D9CCC3C,ORD_DAB48E82,PROD_A2506FAE,8,225.27,70.46
ITEM_85390EB3,ORD_797F4C0F,PROD_8BDBE376,1,654.4,91.03
ITEM_E778B39D,ORD_12C30DA5,PROD_8FDA8D3B,4,132.1,53.66
ITEM_C884BDCF,ORD_138DC283,PROD_799F552A,9,875.39,73.53
ITEM_FAF90A00,ORD_6DDE8F7A,PROD_32AA03D9,10,778.65,88.48
ITEM_C3FC59D8,ORD_1E704B98,PROD_E617206C,5,321.36,57.88
ITEM_D4E20011,ORD_B8CCDE89,PROD_69C4E30D,2,454.92,13.75
ITEM_8881F030,ORD_F50674EA,PROD_D1E74518,1,863.23,98.65
ITEM_477D78BD,ORD_602E1D60,PROD_D324AA67,5,140.88,20.37
ITEM_75F3BBDF,ORD_5888DC8D,PROD_F9C0212A,10,526.25,23.83
ITEM_DDF9CEEC,ORD_2D186C22,PROD_EA3013AB,3,985.48,65.95
ITEM_A1B873F6,ORD_5CB63A19,PROD_3229FC6B,7,165.55,88.16
ITEM_A61491B8,ORD_A04E845E,PROD_E91CBEEC,9,924.91,71.17
ITEM_536A75AA,ORD_5888DC8D,PROD_228BDF5D,3,54.33,11.7
ITEM_881189D9,ORD_8D39D31F,PROD_F44004F0,3,26.11,69.17
ITEM_21E1CB5D,ORD_A0239735,PROD_A9C855EF,7,54.86,2.98
ITEM_F6AB2EF2,ORD_73AC74CA,PROD_AF72EC4A,7,552.26,81.78
ITEM_0F66C63A,ORD_BB733E9F,PROD_637D6F9E,7,295.88,91.73
ITEM_AC97AE6E,ORD_17F4DF3C,PROD_513501AE,6,644.74,8.51
ITEM_E8502ABD,ORD_4DBE9F52,PROD_A7C444DA,8,785.21,76.64
ITEM_5D7A196D,ORD_CF3A27AE,PROD_23548429,4,414.58,98.24
ITEM_560A474F,ORD_DB315B5F,PROD_E02ECD53,-1,736.0,99.46
ITEM_4B6536DE,ORD_7D0C930C,PROD_5BBCEDFF,-3,819.2,27.89
ITEM_D0763851,ORD_8EF8C04D,PROD_1D7BF9A1,8,338.09,90.29
ITEM_83ADB52C,ORD_74291C8C,PROD_4C5C62B2,7,671.76,42.21
ITEM_ACA9B498,ORD_F8ED060C,PROD_9778B247,1,399.06,37.1
ITEM_D5ADB085,ORD_CCF68902,PROD_A8B7D69E,2,892.89,94.26
ITEM_DDA0ECCC,ORD_43284B36,PROD_41E1F5D1,8,109.57,61.41
ITEM_359023F2,ORD_0A2C03CA,PROD_199A2335,10,527.56,1.5
ITEM_9235DB3D,ORD_E7C90D3E,PROD_1E84E4F5,7,210.28,55.4
ITEM_14502C88,ORD_BE5A0C64,PROD_4979D94D,10,411.2,38.84
ITEM_3C9D3F11,ORD_F82BB748,PROD_46607B60,9,439.11,55.54
ITEM_602AA2A9,ORD_AA42390D,PROD_2512460F,8,685.31,64.08
ITEM_03B64550,ORD_8DD7966B,PROD_460FA40D,6,804.82,42.88
ITEM_3FE23B87,ORD_E4BD974D,PROD_D9F7E635,2,897.82,2.34
ITEM_4B462686,ORD_4E6F5F43,PROD_826B1C79,-3,96.11,43.16
ITEM_7FC8D00E,ORD_D89632D5,PROD_BE0C7D82,8,634.75,57.73
ITEM_212DF242,ORD_1B5E40D5,PROD_F4BB7EB1,-7,978.0,55.33
ITEM_4FF8BAF9,ORD_439D1371,PROD_BBCEB73A,3,786.13,36.12
ITEM_0C1655FB,ORD_4DBE9F52,PROD_2901A2FE,2,462.35,70.61
ITEM_776E87C3,ORD_D797755D,PROD_23548429,8,606.1,78.41
ITEM_6E6FE6A9,ORD_0F4B9EDF,PROD_82F6F03A,5,715.64,40.28
ITEM_FA4A0182,ORD_45211C30,PROD_4C5C62B2,5,149.5,94.3
ITEM_E7CFD0D3,ORD_BFE71169,PROD_EB4FE960,10,62.86,70.71
ITEM_7B89870C,ORD_BAB15415,PROD_E694B085,6,140.57,82.33
ITEM_D98B3142,ORD_8AE139B0,PROD_05CFFBD7,6,836.66,31.9
ITEM_416D8B2B,ORD_8F4BD637,PROD_96F289F9,-3,582.2,12.63
ITEM_BCFA2225,ORD_B760B53B,PROD_8ABC9816,8,713.2,1.81
ITEM_0E65978C,ORD_0CABB42E,PROD_C5843A78,2,227.36,70.41
ITEM_034FE1DF,ORD_3D7FD834,PROD_58845CCC,5,464.76,21.13
ITEM_F220CF22,ORD_9C60A868,PROD_12E6D535,8,508.07,91.95
ITEM_AFA5DD2C,ORD_E78E5577,PROD_2E917B54,-5,98.07,52.02
ITEM_8CA7DDCD,ORD_AA58B063,PROD_92EFAC12,3,269.2,45.26
ITEM_83C292FE,ORD_0ECB7D81,PROD_E78DE94D,7,942.18,54.22
ITEM_2178E71E,ORD_ECF851B1,PROD_55C571AF,1,68.33,35.14
ITEM_50269B45,ORD_DD0898D8,PROD_31FA51CD,2,378.08,0.1
ITEM_2377B4CD,ORD_F022D38F,PROD_FCDE641C,2,660.37,31.5
ITEM_2D07F8D7,ORD_FD446332,PROD_A0A131B2,1,235.14,81.69
ITEM_6A592457,ORD_AD9C8AFA,PROD_817D3AA7,1,144.8,4.39
ITEM_833AC2DC,ORD_150BFD53,PROD_90F90A22,7,683.68,0.46
ITEM_F591B95B,ORD_3453A492,PROD_C5B98C19,2,578.26,31.23
ITEM_3F033991,ORD_BF3B8511,PROD_2E917B54,5,649.4,79.74
ITEM_B10DDCD7,ORD_77AB7EEB,PROD_D1DBFBDC,7,577.35,86.52
ITEM_1E0C3573,ORD_1F228DCE,PROD_0CE6349E,3,286.24,47.22
ITEM_107E3BA8,ORD_540105E5,PROD_883CD682,2,795.1,51.47
ITEM_91C26CF7,ORD_B1EF4076,PROD_4B1D3F0D,4,812.83,8.26
ITEM_F3DFB0C7,ORD_8AF29CA9,PROD_90F90A22,1,54.95,35.18
ITEM_836D4729,ORD_D05C8997,PROD_A0E83676,4,78.03,89.24
ITEM_F8BBB24F,ORD_8760D0D0,PROD_75207526,8,766.3,82.39
ITEM_373143D4,ORD_9B3AED67,PROD_BE45FD46,7,411.58,27.3
ITEM_4B17F818,ORD_4B02740B,PROD_93599503,1,453.33,58.83
ITEM_073C24C0,ORD_29110635,PROD_48ECD1DE,5,508.35,54.72
ITEM_461EF3AB,ORD_8A6B675A,PROD_60C525B1,6,388.8,98.14
ITEM_B1B32F4D,ORD_7AD2765B,PROD_F751EC04,7,544.79,33.08
ITEM_8D0C21C7,ORD_98B5A2AE,PROD_FFE7382A,8,707.64,39.35
ITEM_AEB3F605,ORD_55722D76,PROD_63752EF8,6,961.31,15.95
ITEM_943A599B,ORD_8DE8876D,PROD_40065366,1,545.43,33.33
ITEM_594F6EDB,ORD_33345E2C,PROD_AB231C36,2,632.65,30.95
ITEM_B3932CEC,ORD_5FE84CE8,PROD_274ABA95,4,92.5,10.01
ITEM_9727F8F5,ORD_959CD4DC,PROD_66795998,7,986.42,1.91
ITEM_C9A5A32A,ORD_3D8DB8FD,PROD_31F2D36F,8,63.44,70.27
ITEM_B8D0B763,ORD_37F71F2D,PROD_B1977EB0,7,377.24,23.38
ITEM_4D62E925,ORD_AF2D6A17,PROD_EA4137B2,2,998.23,89.3
ITEM_B7CE61CE,ORD_02C499D5,PROD_DB5E25BE,3,320.61,79.39
ITEM_0A142E64,ORD_BA44E86B,PROD_C8E9AFD7,-1,861.33,75.95
ITEM_B2193DA5,ORD_F9245C52,PROD_302DEC58,2,343.89,86.28
ITEM_5F1E1519,ORD_A29F7937,PROD_40065366,6,658.13,68.64
ITEM_5F1058F6,ORD_69ADE456,PROD_A22FD2CC,10,443.68,4.38
ITEM_A6AE938F,ORD_110D01A3,PROD_5CF19CA1,2,707.14,84.45
ITEM_F68ECB92,ORD_EFBDE93C,PROD_C5843A78,6,593.99,36.62
ITEM_982C3C91,ORD_5FE84CE8,PROD_DC13AC27,2,982.74,28.78
ITEM_176F9F32,ORD_9CEF921E,PROD_1872775D,5,22.08,69.0
ITEM_09DA4030,ORD_5EFDB64A,PROD_2512460F,1,134.8,3.14
ITEM_60B649BE,ORD_EE3BD917,PROD_0CC91E3D,1,701.74,76.03
ITEM_F071325C,ORD_EFF811BD,PROD_7DA0C31E,9,617.3,9.38
ITEM_F5F24315,ORD_11D0695B,PROD_E7E010E6,10,182.52,54.54
ITEM_85345BD7,ORD_8AE139B0,PROD_A754CD9B,6,347.06,4.57
ITEM_244FA564,ORD_A3D14F0F,PROD_90F90A22,1,964.12,56.94
ITEM_C8F4888F,ORD_6821579B,PROD_3AB8BF5E,1,434.19,91.4
ITEM_76E2ACCC,ORD_AB7F13B1,PROD_31FA51CD,2,719.96,47.75
ITEM_4CC5F64A,ORD_F4F14D47,PROD_837B77C2,8,697.44,12.53
ITEM_D7BE77B5,ORD_671DE966,PROD_452EFAAC,4,296.09,58.11
ITEM_25A64A28,ORD_07F50BB2,PROD_EE6A1A3C,-4,398.7,45.85
ITEM_AD4E1E4C,ORD_66737D68,PROD_EA8D6869,6,225.79,63.29
ITEM_4CFF5872,ORD_A6B63A72,PROD_BAC2BF4E,2,985.51,31.31
ITEM_852C2B43,ORD_3395EB96,PROD_2C50351B,3,464.78,25.48
ITEM_2CC1E59E,ORD_6319ED0C,PROD_E617206C,3,576.96,77.91
ITEM_3244029D,ORD_29110635,PROD_F963F4F4,5,104.3,1.52
ITEM_F7978C77,ORD_8C9D1487,PROD_0B7974B5,10,896.08,42.18
ITEM_6CBB0B07,ORD_9CEF921E,PROD_CBFAB125,6,640.83,95.91
ITEM_CD1BB7E0,ORD_D6ABDB1C,PROD_883CD682,9,23.81,88.64
ITEM_77CA376F,ORD_B9B94F26,PROD_0D65D6E9,7,227.74,13.61
ITEM_517D356C,ORD_E2DC13DB,PROD_1CDC9959,5,341.17,97.53
ITEM_875795D6,ORD_7649B067,PROD_8B7D55CD,6,996.06,55.65
ITEM_5F75083E,ORD_A972FDB5,PROD_1DE8D5D0,6,862.1,8.77
ITEM_0A27B253,ORD_05348F7D,PROD_02A908BB,5,55.96,95.33
ITEM_43F3E9D1,ORD_9FFA8BC1,PROD_D689A6EC,3,885.9,14.15
ITEM_68B5A644,ORD_4E4905B5,PROD_D791F5E5,9,263.28,98.33
ITEM_3C232D73,ORD_671DE966,PROD_EF7DF0D9,10,908.26,11.45
ITEM_C61D647F,ORD_989050D5,PROD_0CE6349E,3,754.41,0.61
ITEM_21E9A74C,ORD_BB733E9F,PROD_5FA1BAF2,3,797.31,72.56
ITEM_7BC3C25B,ORD_6A0EC6A1,PROD_64C2FC90,6,529.19,12.45
ITEM_317CC7B8,ORD_FAE442D8,PROD_7D676FE7,1,569.89,43.37
ITEM_3DF80AE0,ORD_E7C90D3E,PROD_E7AAD740,9,540.18,33.23
ITEM_4B099768,ORD_CF3A27AE,PROD_5B57E77E,10,573.29,46.38
ITEM_A976495D,ORD_9A58E34D,PROD_B18FEA0A,3,103.25,55.6
ITEM_84EA005D,ORD_F4F14D47,PROD_302DEC58,6,483.96,76.56
ITEM_6992532D,ORD_F9245C52,PROD_1872775D,2,381.68,94.26
ITEM_801C5BA0,ORD_7577A2AC,PROD_3917CD89,3,283.35,96.14
ITEM_BC7BDB9E,ORD_809E04BB,PROD_B1A7E50F,2,146.72,72.24
ITEM_673DE18C,ORD_AACCF6CF,PROD_7F4D23BD,1,555.69,61.5
ITEM_CD33BCD0,ORD_6266A78E,PROD_1D9D66E2,4,946.06,5.92
ITEM_81F5B725,ORD_1ED83384,PROD_1D2A7F03,5,285.97,21.14
ITEM_2ABA336B,ORD_EE5594CC,PROD_094E5AE4,2,974.2,95.66
ITEM_09545F2C,ORD_6821579B,PROD_D1A4175C,1,738.36,73.48
ITEM_55E065FA,ORD_ABF5503F,PROD_FC38DB73,4,284.23,71.44
ITEM_3BDD7E09,ORD_BAF81269,PROD_5D03FC60,3,444.52,35.92
ITEM_4DCC94CE,ORD_A29F7937,PROD_1D9D66E2,2,720.67,4.14
ITEM_F9086923,ORD_E57F9380,PROD_4857031B,9,342.11,4.7
ITEM_75573FE0,ORD_7BFCB2A3,PROD_F1A2AC9B,-4,984.52,5.74
ITEM_81A3F615,ORD_41B1B5E5,PROD_DC13AC27,8,362.3,90.31
ITEM_C64D8887,ORD_0F4B9EDF,PROD_860AC489,3,686.95,65.18
ITEM_D0177C20,ORD_690355D1,PROD_16B3583B,7,814.83,97.83
ITEM_A48C03C7,ORD_721F4174,PROD_5A8C16DD,5,612.04,86.06
ITEM_BB3B4306,ORD_6BAFBEBB,PROD_90520F43,4,787.31,26.37
ITEM_AF9AC5CC,ORD_FD384EC2,PROD_01C59816,2,397.96,15.08
ITEM_566A96A9,ORD_E9946739,PROD_F2E78B2D,2,23.85,5.59
ITEM_95852650,ORD_5A8BEC55,PROD_BBCEB73A,7,908.34,46.05
ITEM_880CC9C5,ORD_06BCD6EC,PROD_3E6B46E0,7,400.06,15.3
ITEM_3F435C9D,ORD_96229D71,PROD_EB4FE960,7,69.84,58.12
ITEM_6A908E9B,ORD_959CD4DC,PROD_1C67E729,5,446.57,43.15
ITEM_C307F9AF,ORD_7EF84179,PROD_A4DCB447,10,720.11,56.76
ITEM_858B03D7,ORD_A0FB6296,PROD_0C5D9117,5,383.16,45.36
ITEM_B3206494,ORD_F5B7520D,PROD_90E0C4EF,7,883.24,11.75
ITEM_5DE3C5CC,ORD_F478E652,PROD_4720EB7F,5,416.83,13.74
ITEM_FBA23DF4,ORD_A6B63A72,PROD_F5754E35,9,273.89,15.13
ITEM_B293E974,ORD_318821EA,PROD_55C9D4A1,9,955.41,53.38
ITEM_CA31D663,ORD_93E888E6,PROD_E02ECD53,10,156.04,24.01
ITEM_06933AA9,ORD_809E04BB,PROD_45F4512F,10,386.46,22.06
ITEM_7BA30D28,ORD_4109AB53,PROD_D20C035E,4,722.96,96.24
ITEM_FD19705C,ORD_43284B36,PROD_86032543,3,670.04,36.47
ITEM_382B6785,ORD_1549C631,PROD_92877A51,4,210.28,81.52
ITEM_0BB21833,ORD_CEEE87D3,PROD_48A1F02C,2,836.11,84.83
ITEM_D9D159E0,ORD_2C78EE0C,PROD_0391863A,-7,980.34,26.71
ITEM_7E80ED5D,ORD_1D1071BD,PROD_11506CEE,7,568.08,26.86
ITEM_0018AF71,ORD_D4F5CE68,PROD_D9F7E635,7,895.97,79.75
ITEM_ADD58C6A,ORD_B91242E4,PROD_63752EF8,4,247.53,37.07
ITEM_3EC9518A,ORD_B178D6C5,PROD_593EA97C,7,730.85,77.69
ITEM_7ED5E821,ORD_CD642B33,PROD_D61B97E3,7,287.55,7.91
ITEM_B5C73366,ORD_C8BAB471,PROD_D23488B5,-6,700.76,0.79
ITEM_01BB5C59,ORD_8DD112F3,PROD_A4DCB447,9,348.27,76.04
ITEM_FC33EAB6,ORD_4211A168,PROD_7DF1140A,6,377.5,38.13
ITEM_E00636FC,ORD_86BED982,PROD_54C7704C,3,923.41,1.35
ITEM_C34A66BF,ORD_B760B53B,PROD_01C59816,3,779.15,58.85
ITEM_5B8497F3,ORD_F57D1787,PROD_23028D84,3,933.79,28.59
ITEM_F59561BC,ORD_68D05D58,PROD_72DE2743,9,255.33,89.73
ITEM_1D2BF7E2,ORD_85A26E35,PROD_B37A69D4,2,323.57,30.89
ITEM_89D4C388,ORD_A821B8A7,PROD_C72F5CD0,8,227.81,77.03
ITEM_28CDDB02,ORD_B08BE45F,PROD_FF4213C4,-1,649.16,73.09
ITEM_816009DA,ORD_9920C617,PROD_90520F43,6,150.67,12.02
ITEM_9B529CE5,ORD_54346515,PROD_54C7704C,2,561.41,31.83
ITEM_08505343,ORD_D6A2B1E7,PROD_31FAC8B9,5,184.46,88.92
ITEM_32C67B0A,ORD_946FB384,PROD_86032543,5,683.47,89.03
ITEM_EA142B9F,ORD_EE292907,PROD_981082F5,2,646.39,16.36
ITEM_A5D48E63,ORD_921EF953,PROD_EF7DF0D9,9,348.02,74.2
ITEM_BA021995,ORD_5E30A05D,PROD_24420EE5,8,140.74,43.0
ITEM_DD26996B,ORD_D2EB44C2,PROD_71BE2E6A,7,473.35,11.15
ITEM_07623A2E,ORD_B0545A3F,PROD_25B91358,1,633.01,35.71
ITEM_5D71A8A6,ORD_EC1EF059,PROD_8528B654,9,928.3,36.75
ITEM_D9E21332,ORD_452EF846,PROD_B39AB5F8,1,921.57,48.38
ITEM_B960BD9D,ORD_D2EB44C2,PROD_47559A53,3,194.45,46.31
ITEM_60BC8F26,ORD_138BE2C1,PROD_1E84E4F5,2,608.17,22.67
ITEM_1825B8C1,ORD_A3DB8D48,PROD_6F63A578,4,533.8,62.75
ITEM_ACBBEE3D,ORD_5AB15C0E,PROD_BD56708B,3,206.47,19.81
ITEM_8C832D25,ORD_FCBB189F,PROD_B4FDA46E,6,522.92,39.08
ITEM_77D93BB8,ORD_8F6C92EB,PROD_69010A60,10,579.86,63.12
ITEM_D9B65583,ORD_E09808D3,PROD_0D710ACB,6,379.79,61.54
ITEM_521E6020,ORD_2B86C402,PROD_09609E2B,4,159.27,69.32
ITEM_E5475BD0,ORD_485E2337,PROD_4735E5CF,4,198.2,52.22
ITEM_78B3E5FF,ORD_2EA71E0D,PROD_A1A72901,1,854.34,69.12
ITEM_962F40E9,ORD_A6B63A72,PROD_24420EE5,6,234.37,42.68
ITEM_20268FDE,ORD_F8BA9DDC,PROD_532A4C13,1,100.72,4.9
ITEM_D703BAD6,ORD_E01B4AC0,PROD_429D85FE,1,395.2,49.78
ITEM_2EEDEAAA,ORD_A686D9E4,PROD_E693C8DB,9,831.47,19.99
ITEM_6431466A,ORD_01F0C637,PROD_DFBA64ED,1,164.41,9.98
ITEM_5713DB22,ORD_38975132,PROD_24420EE5,9,635.8,18.29
ITEM_E7FEA18B,ORD_82623905,PROD_5CF19CA1,7,764.42,53.41
ITEM_3A9DE16F,ORD_3DDC30C0,PROD_A0E83676,8,448.19,26.27
ITEM_C234B95B,ORD_E2353E2B,PROD_CBB80200,4,982.65,14.16
ITEM_5D10C9A9,ORD_4B4A4EEA,PROD_F2183B0F,1,756.84,29.2
ITEM_B9F71959,ORD_0D383E1C,PROD_B4FDA46E,9,859.48,56.61
ITEM_8C62F431,ORD_A97DE3E0,PROD_8201EE3C,3,360.2,5.72
ITEM_B7183A07,ORD_5ED1E65F,PROD_976AE4E4,4,58.82,38.96
ITEM_E1B2F141,ORD_395DAF42,PROD_69C4E30D,4,651.28,53.16
ITEM_265DD1DF,ORD_8E11EBC3,PROD_333958C9,8,829.4,0.63
ITEM_1CFD3995,ORD_7153ED54,PROD_28C3E599,4,950.28,77.22
ITEM_A7215C71,ORD_F8056DB5,PROD_71BE2E6A,-3,663.39,21.98
ITEM_EE3BA384,ORD_3F49EA6F,PROD_A1A72901,7,513.63,28.68
ITEM_E7C5E9FC,ORD_9D69095C,PROD_FDAE7ACE,10,478.79,36.54
ITEM_F48C030B,ORD_373FB249,PROD_2901A2FE,5,54.58,31.84
ITEM_38ED45C2,ORD_4DA03210,PROD_460FA40D,3,663.09,36.83
ITEM_2C8DB88C,ORD_5015A8DB,PROD_EA4137B2,2,768.76,67.32
ITEM_076892A3,ORD_8EF8C04D,PROD_0CC91E3D,-5,934.01,9.13
ITEM_B05CB873,ORD_1D2A0593,PROD_F700CAA8,10,595.03,45.09
ITEM_EFB03AC0,ORD_F8987379,PROD_058A807A,3,805.39,81.12
ITEM_DCEE46E6,ORD_41BA6489,PROD_758B38DC,3,166.71,1.49
ITEM_0E257168,ORD_FCBB189F,PROD_A60ABFF5,2,665.02,14.97
ITEM_786D8CA1,ORD_721F4174,PROD_4BAC2850,10,719.29,90.59
ITEM_7F1481A9,ORD_048BBABC,PROD_5BBCEDFF,8,650.79,40.6
ITEM_DB20E911,ORD_BA44E86B,PROD_496C152C,8,173.32,49.05
ITEM_03916784,ORD_3453A492,PROD_DC13AC27,2,985.24,18.54
ITEM_3D560CCB,ORD_08F5B23E,PROD_439D163F,1,345.73,57.68
ITEM_F288BF10,ORD_22F9626F,PROD_4979D94D,10,549.25,35.24
ITEM_07AC8B68,ORD_ADFE1E49,PROD_BC047526,10,701.3,30.88
ITEM_4349142C,ORD_540105E5,PROD_6EB0F6A4,7,196.49,95.38
ITEM_D73F4B38,ORD_C4943454,PROD_3442656E,3,153.28,15.85
ITEM_9C4F60E1,ORD_A6767B5B,PROD_148836C2,6,776.85,48.63
ITEM_2095BAB7,ORD_47F05EC1,PROD_107DD4D3,5,461.53,92.17
ITEM_2858A8D2,ORD_2A492FFB,PROD_F5B96F5F,-1,426.66,56.13
ITEM_5ED19173,ORD_5CB6FEEF,PROD_A4DCB447,5,764.89,49.64
ITEM_3D799E62,ORD_2A233E56,PROD_1480BC60,10,316.41,94.1
ITEM_12911B82,ORD_B919016F,PROD_4BAC2850,7,432.36,99.06
ITEM_592755AC,ORD_0BF27BA9,PROD_E3C81D2E,-1,251.82,31.47
ITEM_308F8A81,ORD_39BE2B08,PROD_B18FEA0A,4,741.72,97.51
ITEM_39C2B1FC,ORD_8DE8876D,PROD_75305051,10,469.76,7.91
ITEM_F9CD3BB7,ORD_8519B1C4,PROD_058A807A,3,386.36,32.11
ITEM_28097CBB,ORD_72E5A82D,PROD_52306B3A,10,17.88,36.8
ITEM_5D34D86D,ORD_8D805F5C,PROD_6EAD091B,9,419.39,20.64
ITEM_487EFF2F,ORD_FBE23235,PROD_5E656911,2,617.94,91.62
ITEM_E673818D,ORD_048BBABC,PROD_63752EF8,10,923.38,41.39
ITEM_94679C8E,ORD_810A5C02,PROD_12154197,5,756.18,87.47
ITEM_042C0070,ORD_5890A6F9,PROD_48E25825,4,264.82,7.3
ITEM_EF8010E9,ORD_E81EEE94,PROD_37002361,10,573.69,60.35
ITEM_E18C4886,ORD_2FC24B81,PROD_6F8A8E3B,5,456.38,22.64
ITEM_1A0AD705,ORD_03D6C8ED,PROD_57A23117,7,530.57,67.6
ITEM_B6AF8BC9,ORD_9CE071E7,PROD_9E950AC9,3,597.39,50.05
ITEM_597DD980,ORD_7751078D,PROD_F683F922,4,672.32,53.32
ITEM_5D60C5B8,ORD_00DCBDF6,PROD_34C3A310,10,276.91,24.92
ITEM_53E90E15,ORD_D7822BC5,PROD_0C5D9117,10,70.59,17.33
ITEM_DD3E0D5F,ORD_D6054690,PROD_69C4E30D,1,308.35,85.16
ITEM_6F6CEE58,ORD_FAE7FE66,PROD_757F2C87,5,786.53,37.05
ITEM_4925E93F,ORD_B178D6C5,PROD_D1C2B73D,3,20.06,30.18
ITEM_7D6DAF2C,ORD_3FAA6593,PROD_3AB9CD5F,5,73.45,72.35
ITEM_614907FC,ORD_46C4171E,PROD_ED59CC4A,1,739.92,35.58
ITEM_131900DA,ORD_9C60A868,PROD_E607023E,4,466.86,85.85
ITEM_392B4828,ORD_3471B292,PROD_641B8544,9,397.69,33.08
ITEM_DD299A8B,ORD_9B3AED67,PROD_031BC28B,1,435.94,80.62
ITEM_C357886A,ORD_0A2C03CA,PROD_452EFAAC,2,366.89,29.83
ITEM_96F36710,ORD_69ADE456,PROD_2E917B54,7,93.8,22.28
ITEM_5E17FD3D,ORD_A4DC5C30,PROD_52306B3A,1,303.66,18.36
ITEM_4921BC1E,ORD_A6B63A72,PROD_98A084CF,3,743.45,3.35
ITEM_C4443F71,ORD_619A6BA9,PROD_1E84E4F5,5,191.28,40.66
ITEM_4A88DAE8,ORD_C7EB5613,PROD_AFAC1F73,1,666.65,71.42
ITEM_99C679D7,ORD_2F55214A,PROD_C24D3088,7,544.87,2.8
ITEM_3AFD2DF4,ORD_797F4C0F,PROD_2901A2FE,3,287.77,75.33
ITEM_D98F5767,ORD_A686D9E4,PROD_302DEC58,3,657.28,64.66
ITEM_87D63C02,ORD_02F35EA4,PROD_63CA3B60,8,73.77,26.35
ITEM_AB5373E3,ORD_87B2066C,PROD_19426738,4,67.86,22.84
ITEM_39CD25E0,ORD_AD9C8AFA,PROD_8ABC9816,1,816.92,60.95
ITEM_13275F34,ORD_727FF5C6,PROD_4C458C87,7,453.97,33.68
ITEM_D79C9EA1,ORD_FD516BE1,PROD_FCD7C4F6,4,525.11,15.33
ITEM_C81553A5,ORD_AD9C8AFA,PROD_0CEC8609,1,143.1,40.13
ITEM_C94F28FB,ORD_A9CC15D0,PROD_EEF428FF,4,237.42,21.95
ITEM_7F3C1248,ORD_7BFCB2A3,PROD_18D7398C,8,736.72,12.29
ITEM_FF9E1B45,ORD_674D5393,PROD_0CC91E3D,8,817.63,43.75
ITEM_AAEF2C58,ORD_FD446332,PROD_B007207C,8,353.9,81.38
ITEM_25798F84,ORD_9E8861F4,PROD_74738B51,3,376.49,5.61
ITEM_F1C2FF04,ORD_5890A6F9,PROD_CD10E77E,4,560.57,25.83
ITEM_74CE6799,ORD_7D6A24B3,PROD_52910EC3,-4,278.14,91.79
ITEM_5571B825,ORD_2D186C22,PROD_7880F8C2,1,303.05,6.81
ITEM_30F36F53,ORD_02F35EA4,PROD_143943A2,2,171.41,16.34
ITEM_0A20C47A,ORD_22E272D7,PROD_D1C2B73D,5,379.57,43.93
ITEM_A7D47429,ORD_3BAD5D94,PROD_883CD682,5,551.0,72.96
ITEM_E7163445,ORD_CC0BB249,PROD_274ABA95,8,694.07,32.11
ITEM_B977BE77,ORD_0C340011,PROD_883CD682,2,834.08,93.57
ITEM_23CF97DD,ORD_5ED1E65F,PROD_E694B085,1,643.42,22.74
ITEM_1BF2B005,ORD_FD516BE1,PROD_817D3AA7,3,474.47,14.83
ITEM_3D24DCC9,ORD_946FB384,PROD_D61B97E3,3,602.81,80.27
ITEM_C28C5FBA,ORD_7361EE5D,PROD_F5754E35,7,538.44,71.26
ITEM_BE3E9C10,ORD_2E68C134,PROD_66795998,3,490.61,62.72
ITEM_243A48B4,ORD_8063D5C9,PROD_2A88DC13,3,93.69,97.93
ITEM_B380C177,ORD_9F0F990F,PROD_90520F43,8,51.54,69.69
ITEM_F0B6762E,ORD_14DC09D5,PROD_B37A69D4,10,917.17,97.6
ITEM_651AC5A2,ORD_721F4174,PROD_DFF19A7E,1,489.88,69.36
ITEM_8D2E55BA,ORD_FC847148,PROD_92877A51,10,112.53,97.16
ITEM_41FA179E,ORD_B3EBE981,PROD_48ECD1DE,6,325.16,88.57
ITEM_4F909716,ORD_1E704B98,PROD_A1FEE53E,8,183.75,90.53
ITEM_F58EC69D,ORD_AA58B063,PROD_58626E3F,5,561.98,18.18
ITEM_097675B6,ORD_1A033353,PROD_938C5F03,5,121.86,17.61
ITEM_B309988E,ORD_318821EA,PROD_8FDA8D3B,5,649.59,85.0
ITEM_C4B3DF7C,ORD_997A6B54,PROD_1E84E4F5,1,818.29,20.24
ITEM_039E6392,ORD_D0A55039,PROD_134F74CE,5,905.8,1.85
ITEM_9FF56DC3,ORD_48105DFC,PROD_B39AB5F8,8,584.31,33.06
ITEM_44CA18D7,ORD_3BDB3342,PROD_C4D55EBF,1,20.22,37.42
ITEM_E48764E6,ORD_CDF385D7,PROD_1B453576,9,80.66,76.61
ITEM_ACC91CA4,ORD_E616E6F1,PROD_070839D1,8,627.67,90.38
ITEM_6E57A87B,ORD_946AA8C1,PROD_7AB4A12D,4,878.87,74.11
ITEM_0FB58936,ORD_E1FE0C51,PROD_D1E74518,5,922.07,47.42
ITEM_95FC8669,ORD_F6676690,PROD_52910EC3,3,571.57,1.75
ITEM_FF6B193C,ORD_9A56CDA9,PROD_8281A04A,6,150.34,60.46
ITEM_84C06FE7,ORD_5FE84CE8,PROD_BBCEB73A,10,166.09,59.25
ITEM_4FB98883,ORD_B9B94F26,PROD_7DA0C31E,6,955.5,76.86
ITEM_F77CD000,ORD_A2DEE0F8,PROD_62CECF50,3,322.65,66.48
ITEM_F09CD703,ORD_7FB5175A,PROD_BE5A146D,4,468.64,72.02
ITEM_F473D548,ORD_0D383E1C,PROD_18D7398C,3,725.49,66.41
ITEM_FE23055F,ORD_C846AFF0,PROD_682DE0E3,1,85.24,66.32
ITEM_B19A3C08,ORD_AFAD875D,PROD_109670C5,1,555.71,9.71
ITEM_48ACB829,ORD_D744103D,PROD_8BDBE376,4,762.68,4.04
ITEM_28A8BA8C,ORD_6C7B7837,PROD_4979D94D,4,165.46,81.89
ITEM_669349F7,ORD_45D46DA5,PROD_60C525B1,3,830.55,78.21
ITEM_FBD5AB9E,ORD_9B0C7B0A,PROD_32B5A63E,9,884.6,71.12
ITEM_19762A3E,ORD_6C67D7E3,PROD_7AB4424B,7,540.43,99.14
ITEM_281806DA,ORD_E6AF0800,PROD_0C5D9117,2,118.64,32.67
ITEM_40448829,ORD_D6ABDB1C,PROD_2E12FF0E,7,312.54,13.36
ITEM_A5D36DB2,ORD_F9C569D1,PROD_2BE2EF4E,1,185.88,92.81
ITEM_CEED8683,ORD_1D3C11D1,PROD_0BFD6023,8,485.64,83.19
ITEM_EFE407E3,ORD_4D35DFC7,PROD_2E917B54,7,288.95,87.02
ITEM_8281B6B5,ORD_A8B792B9,PROD_E2045D31,2,726.98,21.77
ITEM_D1123900,ORD_DD5BF0C8,PROD_682DE0E3,2,717.71,43.61
ITEM_340AD05D,ORD_E2353E2B,PROD_43F1CDFC,2,26.94,69.02
ITEM_E56EAD53,ORD_FBB0851E,PROD_885AE143,3,536.58,79.58
ITEM_8566C4DF,ORD_18305AE7,PROD_43CB18B5,8,917.87,56.84
ITEM_AC751AC0,ORD_39001ACA,PROD_E7AAD740,2,618.85,15.34
ITEM_ED89DFA4,ORD_996DFCD7,PROD_3AC5977C,10,977.0,27.77
ITEM_0299689C,ORD_7F343354,PROD_C73AA855,2,518.55,19.92
ITEM_3FC39FD2,ORD_2E4111D4,PROD_B56A732D,1,437.67,40.98
ITEM_C4C201DC,ORD_9EA1E78F,PROD_90E0C4EF,1,354.36,19.67
ITEM_807B97EA,ORD_4B4A4EEA,PROD_E7E010E6,4,196.67,9.64
ITEM_BBF7A419,ORD_C64AD5E7,PROD_CBFAB125,6,277.45,88.63
ITEM_EC6064F9,ORD_62D14D08,PROD_5E656911,9,935.96,55.32
ITEM_5257B83B,ORD_4B4A4EEA,PROD_0C2AF783,10,780.57,76.73
ITEM_B88790CA,ORD_0140DEC2,PROD_7BEFD902,8,700.53,16.4
ITEM_8CF518EE,ORD_7D0C930C,PROD_4C5C62B2,4,185.54,55.58
ITEM_CF6E0FF0,ORD_A86EC174,PROD_5EAF8199,9,391.51,78.96
ITEM_62EC17A1,ORD_A686D9E4,PROD_89A14521,4,413.43,74.7
ITEM_6FC7199E,ORD_946FB384,PROD_E7E010E6,2,963.84,91.31
ITEM_865FB30A,ORD_1F4328D3,PROD_A0E83676,3,113.71,43.41
ITEM_F62EC2A1,ORD_4AB89F01,PROD_5C101039,1,197.97,66.38
ITEM_4DD07F72,ORD_D6B4EEF6,PROD_EA8D6869,4,719.73,15.24
ITEM_E9F41A08,ORD_904D884B,PROD_F2183B0F,4,194.97,73.72
ITEM_C55A7733,ORD_E5CE97EB,PROD_784E1FC1,9,711.16,76.43
ITEM_87E635C5,ORD_85A26E35,PROD_B56A732D,7,487.46,38.56
ITEM_6E1C7DC6,ORD_8C56FC49,PROD_47ADE3F3,7,726.12,82.55
ITEM_042DDB01,ORD_674A0D73,PROD_1CDC9959,9,857.74,81.32
ITEM_64F38B29,ORD_F7B044CF,PROD_07EEFCF4,10,610.63,95.65
ITEM_224ABE50,ORD_B9B94F26,PROD_86032543,9,358.82,59.34
ITEM_FF8AE51A,ORD_237ABED9,PROD_9D92BFAC,4,305.92,66.07
ITEM_81607870,ORD_F022D38F,PROD_FAAD6C28,3,383.1,69.59
ITEM_BC4FE73E,ORD_F749D7EB,PROD_8281A04A,9,179.11,86.99
ITEM_69659796,ORD_8E7A879C,PROD_1B38A63E,3,212.1,61.67
ITEM_69788752,ORD_05348F7D,PROD_7F4D23BD,6,606.32,67.12
ITEM_0371B71E,ORD_EEABB019,PROD_97F6522C,8,887.73,57.93
ITEM_E266B61A,ORD_2EA71E0D,PROD_FCAB237D,8,480.43,76.48
ITEM_ADF22459,ORD_76E18EE9,PROD_02A908BB,10,311.47,76.45
ITEM_F3571F07,ORD_A3DB8D48,PROD_F1A2AC9B,-8,13.81,78.18
ITEM_7E4BB780,ORD_7D0C930C,PROD_70FB2970,8,358.42,61.78
ITEM_7F817ACA,ORD_96229D71,PROD_885AE143,7,954.07,19.35
ITEM_FA749B72,ORD_2EA71E0D,PROD_C24D3088,5,467.42,28.9
ITEM_7CF8CC40,ORD_DDBA709E,PROD_B39AB5F8,6,735.75,53.64
ITEM_01B8D302,ORD_C0FDE3A6,PROD_8BDBE376,7,588.44,2.8
ITEM_3BC622F6,ORD_D0A55039,PROD_8C7F2916,1,175.0,64.0
ITEM_35F1B322,ORD_0754C0F0,PROD_7D3C3709,1,179.19,83.57
ITEM_F16C2E90,ORD_537F4D6F,PROD_266B9FDF,7,464.09,39.67
ITEM_574FE928,ORD_D0A55039,PROD_E617206C,1,187.35,53.46
ITEM_BD365455,ORD_3ABFFC2F,PROD_BE0C7D82,9,229.23,55.63
ITEM_E7B3BBEB,ORD_D02728E5,PROD_070839D1,1,312.07,81.48
ITEM_2E92F9B1,ORD_607CA0EA,PROD_826B1C79,10,478.99,83.34
ITEM_919186CF,ORD_BF63B940,PROD_B1064660,9,984.41,23.66
ITEM_DB66FAAD,ORD_BAF81269,PROD_54C7704C,6,56.77,21.29
ITEM_A2961279,ORD_318821EA,PROD_EEF904B1,7,409.26,59.22
ITEM_C8520A2B,ORD_B760B53B,PROD_641B8544,-4,968.56,35.74
ITEM_EA96EE4F,ORD_AC65A22E,PROD_1822A160,9,569.68,82.55
ITEM_55955F56,ORD_B23CF989,PROD_134F74CE,7,61.27,76.12
ITEM_5E2BCFD8,ORD_BAB15415,PROD_47AC1F5C,2,170.38,87.82
ITEM_917A953A,ORD_5BDAB434,PROD_744672F8,1,752.62,42.77
ITEM_0B638E24,ORD_53DDC8D3,PROD_BF314EB6,1,919.74,30.3
ITEM_65DBA586,ORD_1A4A5323,PROD_39B60B65,3,938.76,39.34
ITEM_5AC52F75,ORD_49528CD1,PROD_F5754E35,7,929.83,81.85
ITEM_00DDDFF8,ORD_723B6C15,PROD_F7B87120,5,384.05,78.74
ITEM_DD6B8464,ORD_C3A0F8FE,PROD_A24F2FBC,6,615.17,43.62
ITEM_5C9973FF,ORD_0B7563B4,PROD_4FBD7295,6,770.44,18.42
ITEM_0CBA89D7,ORD_FAC83655,PROD_7B3B82D1,2,338.47,21.55
ITEM_48144C43,ORD_FF337321,PROD_134F74CE,8,266.03,30.73
ITEM_7A9D7BE0,ORD_674D5393,PROD_439D163F,5,687.89,32.57
ITEM_D5F1EB37,ORD_B6CFD9AA,PROD_579610C9,10,179.02,84.81
ITEM_C1AEF150,ORD_AF2D6A17,PROD_980C1EF4,9,16.05,83.04
ITEM_4036D554,ORD_1A4A5323,PROD_4FBD7295,5,354.22,10.16
ITEM_2B88E5A5,ORD_D89632D5,PROD_C72F5CD0,1,400.44,65.84
ITEM_4ED79326,ORD_C0B84BD4,PROD_6EB0F6A4,2,781.34,23.68
ITEM_AB7BE07B,ORD_959CD4DC,PROD_7DF1140A,8,431.34,27.07
ITEM_EBC6F63C,ORD_C91119C4,PROD_0D710ACB,10,327.78,67.51
ITEM_86E4EE79,ORD_B4C5342B,PROD_AB231C36,3,671.91,17.03
ITEM_332066CD,ORD_73AC74CA,PROD_B4FDA46E,3,319.5,40.61
ITEM_9BC67668,ORD_48105DFC,PROD_2E917B54,8,93.19,6.66
ITEM_2C9A16A6,ORD_F9BB3899,PROD_5593F18A,9,56.69,30.85
ITEM_B2D0F801,ORD_F8ED060C,PROD_D093BF71,8,276.55,23.03
ITEM_3151F1CF,ORD_498E2FF3,PROD_1C00FAEE,6,304.59,87.38
ITEM_4D3BA814,ORD_22836701,PROD_31F2D36F,2,845.66,11.91
ITEM_62EFFD9B,ORD_73EB0816,PROD_5C2B1428,10,267.36,84.74
ITEM_AF75880E,ORD_DAA697E3,PROD_89A14521,1,493.45,53.43
ITEM_0E32BB21,ORD_7CBB0C34,PROD_1E84E4F5,2,427.07,87.38
ITEM_E6C21DC2,ORD_9150B03E,PROD_866D042F,4,525.95,60.09
ITEM_AA9BFB28,ORD_824A99A3,PROD_7AB4A12D,1,510.97,88.96
ITEM_A38E8617,ORD_8CB25A9A,PROD_64C2FC90,6,485.12,47.52
ITEM_49A7DD6B,ORD_3B269392,PROD_D23488B5,9,322.81,6.26
ITEM_CBC10777,ORD_AF763FAC,PROD_BF314EB6,8,414.51,83.17
ITEM_4983A6B0,ORD_746B9501,PROD_2E917B54,4,807.72,51.19
ITEM_6D9CFF82,ORD_47CC59F0,PROD_EB4FE960,10,362.68,68.56
ITEM_826F2533,ORD_95F529DC,PROD_48E25825,5,501.6,73.52
ITEM_50A2B752,ORD_35B5E83D,PROD_7A8F8E3C,3,403.52,93.21
ITEM_E4D2B138,ORD_9E432C5D,PROD_860AC489,4,145.19,60.46
ITEM_7A469DFF,ORD_0BF27BA9,PROD_C0B9998A,7,906.97,5.27
ITEM_227ADCB3,ORD_D488B8B6,PROD_5A1D59F4,1,536.94,55.41
ITEM_73D9B2BC,ORD_2A492FFB,PROD_68725FEC,-10,906.86,83.27
ITEM_019B35D3,ORD_9CA182A3,PROD_0BBEE5D6,3,94.13,59.45
ITEM_2A20CE1D,ORD_724E4C2F,PROD_34C3A310,5,178.5,29.48
ITEM_4101CDC6,ORD_4CE9C2F4,PROD_109670C5,9,753.57,90.09
ITEM_6F206376,ORD_348E5FD6,PROD_16821187,10,178.99,91.08
ITEM_438E51AF,ORD_0EAF56DA,PROD_8BB4829B,6,575.3,75.42
ITEM_42A6DE03,ORD_C3A0F8FE,PROD_27DEE735,2,60.83,14.35
ITEM_4D5CEBFC,ORD_2E719FD9,PROD_2CDB6146,9,898.22,84.57
ITEM_B802B481,ORD_B949A94D,PROD_9778B247,3,545.04,63.93
ITEM_E098B227,ORD_7AD2765B,PROD_DFC68870,2,926.97,75.06
ITEM_76E66142,ORD_2C78EE0C,PROD_16D4B5F9,5,812.78,78.99
ITEM_CCE5101C,ORD_F6676690,PROD_5EAF8199,7,875.11,52.31
ITEM_FA086008,ORD_F5F44364,PROD_496C152C,2,728.86,63.82
ITEM_740C71C7,ORD_D6A2B1E7,PROD_69436570,9,440.07,53.64
ITEM_1AD5A2A6,ORD_5D8E71D8,PROD_5B57E77E,10,986.21,49.17
ITEM_5900327B,ORD_6C67D7E3,PROD_E819083C,5,343.19,1.14
ITEM_9D963EAD,ORD_C44C3660,PROD_FCAB237D,10,867.8,84.37
ITEM_AD6B8290,ORD_FAE442D8,PROD_8F53DCA5,2,581.32,37.04
ITEM_42D84EFD,ORD_5E30A05D,PROD_32AA03D9,7,228.8,78.93
ITEM_E1314C1B,ORD_82623905,PROD_78CF6E11,9,30.46,72.19
ITEM_00F96D8E,ORD_F56F88A8,PROD_9E56B5E0,6,676.6,2.0
ITEM_A636E44C,ORD_B0607EA5,PROD_0D9FD454,2,789.39,7.98
ITEM_1BDBC279,ORD_619A6BA9,PROD_E26A91B1,3,984.91,30.74
ITEM_45D8D66B,ORD_FD589796,PROD_28C3E599,6,726.27,4.23
ITEM_9A8B2EAD,ORD_47C190E5,PROD_90520F43,6,799.63,85.56
ITEM_43BEC8E8,ORD_A97DE3E0,PROD_BF314EB6,1,70.39,13.56
ITEM_C67AE984,ORD_746B9501,PROD_A9C855EF,4,906.72,93.27
ITEM_240DAF35,ORD_316E5D72,PROD_90520F43,8,759.95,13.99
ITEM_8074E607,ORD_FB6728AF,PROD_1F80334D,4,514.56,59.96
ITEM_5A0C1728,ORD_A49C52BE,PROD_70D3D251,4,800.49,6.04
ITEM_DBD14295,ORD_085F5EFA,PROD_677276F5,9,875.08,75.13
ITEM_198C4137,ORD_6A20BE95,PROD_93F9512C,2,956.07,45.04
ITEM_6F56AC1D,ORD_4F2C5D44,PROD_A8B7D69E,6,822.21,23.94
ITEM_6754BBCF,ORD_7D6A24B3,PROD_23249BA6,6,878.45,10.13
ITEM_6A4D8DA8,ORD_E638977C,PROD_0D710ACB,7,617.31,66.0
ITEM_3B23CDA5,ORD_B949A94D,PROD_F2183B0F,4,189.89,2.82
ITEM_A64B0E28,ORD_6BAFBEBB,PROD_F5871C91,7,349.68,24.94
ITEM_8E41CA79,ORD_BB91FD22,PROD_3AD9EF22,2,262.34,6.87
ITEM_A376CFCD,ORD_784EA56B,PROD_22016FC0,2,113.79,99.92
ITEM_5341F477,ORD_8AAFAF9C,PROD_71BE2E6A,4,873.47,63.48
ITEM_F0D94F59,ORD_FBE23235,PROD_58845CCC,5,379.57,12.44
ITEM_2A4EAB98,ORD_BB733E9F,PROD_41E1F5D1,3,221.85,26.41
ITEM_7050C945,ORD_3ACAF9DA,PROD_D689A6EC,4,934.29,50.91
ITEM_73077C3E,ORD_0B299379,PROD_5AEA29A8,5,458.75,52.89
ITEM_77EAF264,ORD_5EFDB64A,PROD_F44004F0,10,219.3,2.16
ITEM_904B176A,ORD_76E18EE9,PROD_5E8A8DAD,7,267.53,75.62
ITEM_9EAF0431,ORD_681E92D5,PROD_D085FE36,10,510.6,76.35
ITEM_E81D4113,ORD_C779ABF8,PROD_37247735,8,872.46,75.44
ITEM_1A685DCF,ORD_6D570EBA,PROD_E7AAD740,4,769.25,53.76
ITEM_57CCC584,ORD_9006520A,PROD_D9F7E635,3,132.05,26.59
ITEM_591D8842,ORD_7EF84179,PROD_7054EE29,7,960.26,98.51
ITEM_5F31ADC3,ORD_4E10797C,PROD_B1064660,7,822.55,77.57
ITEM_C77FB23B,ORD_33345E2C,PROD_744672F8,4,216.18,50.39
ITEM_6F2A8B45,ORD_DF99B314,PROD_1AC4B117,9,552.89,44.32
ITEM_6676825D,ORD_8F09E963,PROD_BE0C7D82,9,241.7,40.47
ITEM_64386CB6,ORD_A2820B1C,PROD_7A6144B0,-8,258.56,23.25
ITEM_40F6FF63,ORD_783CBE8A,PROD_9E56B5E0,10,942.66,34.91
ITEM_19871A28,ORD_756D2929,PROD_D689A6EC,1,136.44,13.32
ITEM_0D4C963B,ORD_255BDB68,PROD_8F53DCA5,1,77.14,84.74
ITEM_829D0FC5,ORD_E46F375A,PROD_D1E74518,2,726.92,35.61
ITEM_94B1F7CA,ORD_8AAFAF9C,PROD_6E7A8BC7,1,286.7,1.97
ITEM_3C375E8C,ORD_9336E374,PROD_BD56708B,10,279.39,56.5
ITEM_D8DB2112,ORD_FBF898B2,PROD_593EA97C,6,247.8,55.08
ITEM_150B1D77,ORD_C1574C5F,PROD_31FA51CD,10,619.96,9.88
ITEM_59DEB5A9,ORD_17CDEB50,PROD_64D252B0,3,548.55,46.56
ITEM_82247C06,ORD_D488B8B6,PROD_7A6144B0,3,983.13,86.56
ITEM_A7CAE852,ORD_8E7A879C,PROD_3AC5977C,4,379.46,99.19
ITEM_EEF40940,ORD_FD384EC2,PROD_F751EC04,3,23.85,83.24
ITEM_F7E3C45D,ORD_1A453F1F,PROD_1C00FAEE,3,116.8,82.84
ITEM_757AD2B7,ORD_D6F88303,PROD_FC38DB73,4,530.58,9.92
ITEM_D383165B,ORD_9CE37F02,PROD_EEF428FF,1,157.82,39.94
ITEM_AEE95CBB,ORD_2291DB2D,PROD_F4C76A71,1,159.93,3.51
ITEM_0C29B1A0,ORD_4E6F5F43,PROD_63752EF8,4,804.56,72.14
ITEM_DE3F2283,ORD_DE3FC745,PROD_938C5F03,4,548.26,3.12
ITEM_8C093600,ORD_B7105E2E,PROD_9B32D435,8,39.72,9.58
ITEM_FA6E06C0,ORD_D2E7C180,PROD_E78DE94D,6,567.45,1.23
ITEM_F1FFA823,ORD_FC847148,PROD_A9C855EF,4,98.58,75.26
ITEM_9A9D9379,ORD_1B454305,PROD_DFC68870,3,118.07,54.05
ITEM_30C7596C,ORD_C1CA1AB3,PROD_C0CD1A0A,9,84.81,38.98
ITEM_D3FC2157,ORD_EBBB9BF4,PROD_23249BA6,-2,825.39,31.62
ITEM_557CC8B2,ORD_0A2C03CA,PROD_8018892C,7,998.81,11.1
ITEM_D755A99F,ORD_674A0D73,PROD_148836C2,8,460.24,30.64
ITEM_532C1E05,ORD_567AFAFB,PROD_ED59CC4A,3,761.98,29.31
ITEM_D0BC1FC2,ORD_DA85ED28,PROD_7880F8C2,3,101.91,39.73
ITEM_CAC948DC,ORD_306E493F,PROD_5237DA58,3,591.84,75.53
ITEM_516DC85B,ORD_EBBB9BF4,PROD_FAAD6C28,10,744.49,44.61
ITEM_A07ABBDC,ORD_FD384EC2,PROD_4B1D3F0D,3,32.38,67.44
ITEM_BC2E57A4,ORD_961E6D3E,PROD_FF60477A,6,923.72,47.03
ITEM_713AD83F,ORD_0F9A14C8,PROD_9B32D435,10,723.0,2.41
ITEM_3E7EEF7F,ORD_DAEDA125,PROD_6E7A8BC7,5,828.89,35.91
ITEM_8F14D39F,ORD_602E1D60,PROD_FE96DD1A,2,140.1,10.63
ITEM_E0531619,ORD_68D05D58,PROD_9F2689D3,6,541.65,92.22
ITEM_5676E032,ORD_69206D18,PROD_52910EC3,7,410.56,75.74
ITEM_E61351FE,ORD_5BA2B269,PROD_6B0B4F88,7,560.44,79.12
ITEM_2D86F51B,ORD_56DC7BE0,PROD_109670C5,7,468.97,99.91
ITEM_CAEBA79C,ORD_7AD2765B,PROD_97F6522C,9,318.84,25.88
ITEM_36003240,ORD_2ED85FF8,PROD_DC13AC27,8,561.92,8.86
ITEM_79A1AD15,ORD_8DE8876D,PROD_A1FEE53E,10,298.66,84.64
ITEM_66098035,ORD_3395EB96,PROD_2EDE2EF1,7,59.85,57.13
ITEM_522AE104,ORD_12C30DA5,PROD_30F6EAD8,4,962.33,62.53
ITEM_971EEB28,ORD_395DAF42,PROD_68AE53AD,6,285.82,26.9
ITEM_E6EB62CC,ORD_45CEB391,PROD_57A23117,8,48.68,15.77
ITEM_DDDCB6A8,ORD_1FC9F7FD,PROD_69436570,7,437.38,14.8
ITEM_20181BD2,ORD_C2D5DF67,PROD_97F6522C,3,174.83,74.35
ITEM_2D2F4B66,ORD_8DF2C15B,PROD_27373A49,1,335.56,87.86
ITEM_0DAE06BD,ORD_A2820B1C,PROD_452EFAAC,1,27.99,51.9
ITEM_09E8BF68,ORD_619A6BA9,PROD_9295D57C,7,597.81,61.22
ITEM_05605E9D,ORD_40893D1E,PROD_44AE7CAD,9,780.36,99.93
ITEM_A4BAACFA,ORD_3B13953D,PROD_39B60B65,2,12.62,57.96
ITEM_5040C9DF,ORD_C2D5DF67,PROD_FF5C8F7A,7,743.97,15.23
ITEM_FAAB4045,ORD_17F4DF3C,PROD_80E468F8,8,462.18,83.17
ITEM_EBAB1049,ORD_904D884B,PROD_F3162D17,10,742.61,61.78
ITEM_4C5EDCF5,ORD_A3D14F0F,PROD_97F6522C,9,343.47,54.33
ITEM_1721E2A3,ORD_FD384EC2,PROD_EA9B6447,9,999.98,38.85
ITEM_B3FFE339,ORD_538EAC1C,PROD_302DEC58,1,817.78,97.24
ITEM_9AFC7FCB,ORD_A06DCAAA,PROD_B009B7F2,4,127.55,9.68
ITEM_36437BCA,ORD_844EC0D5,PROD_652406C3,8,105.16,88.24
ITEM_353C7FB7,ORD_19649BF5,PROD_FF5C8F7A,10,375.69,25.91
ITEM_462F45DB,ORD_C9CA9C24,PROD_337E06AE,10,315.96,97.28
ITEM_ECBBAAE9,ORD_BB733E9F,PROD_B82B1B7C,1,211.42,76.26
ITEM_8B5233A2,ORD_C779ABF8,PROD_22016FC0,-7,328.44,94.34
ITEM_2DB11EB2,ORD_3840BE36,PROD_5E3A5988,5,707.01,86.32
ITEM_71A3EE1E,ORD_51F12695,PROD_07DC9AF0,3,104.54,55.05
ITEM_54C046E7,ORD_6DEE9AF9,PROD_143943A2,3,543.68,9.16
ITEM_22C15A82,ORD_F8BA9DDC,PROD_BE45FD46,3,518.21,59.65
ITEM_752E7516,ORD_F62A8864,PROD_297C4E87,1,891.78,14.07
ITEM_8FFD6F2F,ORD_22F9626F,PROD_B4FDA46E,9,501.91,68.88
ITEM_B095D243,ORD_78A443B5,PROD_E78DE94D,8,913.62,63.72
ITEM_01E2B366,ORD_E94FAA70,PROD_D6F560CE,5,931.25,34.44
ITEM_56486F1D,ORD_26F2F2FE,PROD_FAAD6C28,1,167.88,9.47
ITEM_A7B6D542,ORD_93EDC784,PROD_80E468F8,9,116.11,11.62
ITEM_296BAD1B,ORD_E3A0B931,PROD_5CA4596A,3,974.81,34.6
ITEM_431A217E,ORD_41BA6489,PROD_905AEEE3,7,41.39,46.46
ITEM_26301836,ORD_1E41C7CC,PROD_5D03FC60,1,414.31,5.38
ITEM_079A9075,ORD_ABF5503F,PROD_6F8A8E3B,9,95.8,8.97
ITEM_6D9C8C56,ORD_B056BDF0,PROD_C836B409,4,135.88,73.5
ITEM_DD8FABC5,ORD_43929B6A,PROD_7AB4A12D,2,133.84,65.49
ITEM_FEC5D9A9,ORD_255BDB68,PROD_E26A91B1,-6,738.07,43.52
ITEM_9D180DE3,ORD_08FEDD46,PROD_860AC489,5,728.15,97.06
ITEM_BA25A316,ORD_4AB89F01,PROD_60C525B1,3,424.77,21.88
ITEM_3008F164,ORD_17CDEB50,PROD_5C2B1428,7,34.9,62.2
ITEM_B4F1F752,ORD_8DD112F3,PROD_826B1C79,1,721.99,79.85
ITEM_8E5D62E3,ORD_D744103D,PROD_C95A6D8C,8,266.88,34.97
ITEM_840909C9,ORD_F56F88A8,PROD_F5871C91,2,415.73,16.91
ITEM_A62B4187,ORD_3BA80721,PROD_E0EC9D87,2,134.96,45.88
ITEM_5AA049F7,ORD_7787B663,PROD_40065366,7,13.76,39.2
ITEM_427ABA6D,ORD_E3A0B931,PROD_633B4413,6,785.34,95.27
ITEM_4333A627,ORD_C2D5DF67,PROD_4857031B,5,956.83,62.14
ITEM_FD724902,ORD_52A6940C,PROD_18D7398C,9,857.7,26.96
ITEM_15D15AED,ORD_AFAD875D,PROD_05CFFBD7,8,89.71,15.96
ITEM_0BC11A1D,ORD_1CE5E3E2,PROD_BC047526,-6,418.65,93.26
ITEM_2A31FDE5,ORD_0754C0F0,PROD_2C2F95D3,5,488.54,30.13
ITEM_7AAEEFCA,ORD_91BEA7DD,PROD_8935AED5,4,279.16,20.95
ITEM_77286348,ORD_98B5A2AE,PROD_70FB2970,7,756.36,54.77
ITEM_2AA829F5,ORD_E98801CE,PROD_9F2689D3,3,792.72,43.28
ITEM_DF494F64,ORD_3ABFFC2F,PROD_641B8544,3,579.08,17.21
ITEM_83509B83,ORD_DAEDA125,PROD_E986CB53,5,646.39,8.79
ITEM_1E485EF5,ORD_2F57924F,PROD_457AF5CC,10,203.61,55.04
ITEM_6BE76DA2,ORD_22F9626F,PROD_4720EB7F,8,858.6,42.9
ITEM_20D3BCC3,ORD_6112AAB1,PROD_92877A51,6,791.07,50.04
ITEM_DAB3C043,ORD_1D1071BD,PROD_799F552A,3,532.95,27.72
ITEM_5945A550,ORD_989050D5,PROD_D689A6EC,-9,411.1,25.97
ITEM_2C324471,ORD_56653394,PROD_661D179F,6,818.39,99.3
ITEM_5BA4CC64,ORD_824A99A3,PROD_6EB0F6A4,3,377.36,19.61
ITEM_2E94B88A,ORD_78762433,PROD_12E6D535,2,194.62,86.32
ITEM_EDD4E5D0,ORD_F57D1787,PROD_BE5A146D,1,746.53,52.79
ITEM_705E1567,ORD_56E9998B,PROD_762D8BA0,8,716.39,64.19
ITEM_C6AD007B,ORD_946FB384,PROD_9C71F2F7,1,210.61,6.25
ITEM_A6506059,ORD_7357221C,PROD_4BAC2850,2,555.25,59.22
ITEM_5499788C,ORD_9793C72B,PROD_C5843A78,2,283.26,93.84
ITEM_88343D07,ORD_D6A2B1E7,PROD_37B4088B,8,248.29,75.02
ITEM_610DC414,ORD_F8987379,PROD_DFBA64ED,10,764.31,55.48
ITEM_0EB3DC16,ORD_FBB0851E,PROD_1DF2BF58,7,164.03,98.77
ITEM_B2BFC95D,ORD_7473CF65,PROD_1B61CD8F,9,586.02,28.49
ITEM_A93D6F46,ORD_9EB976C7,PROD_31A60357,9,371.01,0.94
ITEM_4DF3A3EF,ORD_99DD6516,PROD_2A88DC13,4,347.32,33.77
ITEM_AF799351,ORD_B9015A15,PROD_7269CE34,1,174.8,52.85
ITEM_23EC89FC,ORD_CCF68902,PROD_C1DC5AD2,9,476.96,77.94
ITEM_36515AA5,ORD_8CD1959C,PROD_C72F5CD0,4,946.04,10.58
ITEM_80798B72,ORD_5FE84CE8,PROD_EB4FE960,2,475.28,83.48
ITEM_F07A0C53,ORD_F5B7520D,PROD_F2E78B2D,10,592.2,98.78
ITEM_0CE08944,ORD_D4C447D1,PROD_AF72EC4A,8,540.12,48.52
ITEM_01B35946,ORD_DD27532B,PROD_85D40F55,1,425.03,86.33
ITEM_7331555B,ORD_33A0A6AB,PROD_F5B96F5F,3,551.56,67.37
ITEM_FE64584D,ORD_87D6220E,PROD_8ABC9816,6,970.58,3.15
ITEM_9B487449,ORD_985F00B2,PROD_DA7FCB3D,5,770.35,21.33
ITEM_F6944D59,ORD_D04B4535,PROD_23249BA6,3,130.33,58.51
ITEM_A37830CC,ORD_0A447812,PROD_90635AF6,10,388.6,35.24
ITEM_22003B40,ORD_C21A2499,PROD_74E1E65F,7,29.72,80.08
ITEM_8E43323C,ORD_D2EB44C2,PROD_C8E9AFD7,2,693.19,24.59
ITEM_E88D6DBD,ORD_F6ABC500,PROD_C27D4F9F,3,64.37,11.54
ITEM_4A6A20C1,ORD_567AFAFB,PROD_F751EC04,3,14.37,92.77
ITEM_1C35B896,ORD_E613A4F0,PROD_68AE53AD,6,941.61,81.34
ITEM_BDE58F36,ORD_DF99B314,PROD_D093BF71,3,219.76,74.81
ITEM_1D656098,ORD_18305AE7,PROD_24420EE5,10,546.41,29.28
ITEM_A7ABB80E,ORD_800B0F64,PROD_09C0B2D1,-1,913.75,73.86
ITEM_5523DCFC,ORD_7FB4C468,PROD_07EEFCF4,1,236.35,14.74
ITEM_A4C6B5B7,ORD_54346515,PROD_90F90A22,7,371.08,80.75
ITEM_2DB1E5A4,ORD_CF3A27AE,PROD_58626E3F,5,796.25,23.11
ITEM_78A2F984,ORD_CCF68902,PROD_7B95E200,4,99.81,0.31
ITEM_ED197239,ORD_0768CE8E,PROD_2512460F,5,426.41,76.87
ITEM_B5BBBD2C,ORD_933615DE,PROD_8BB4829B,9,589.36,42.45
ITEM_1D6A0474,ORD_A686D9E4,PROD_BF314EB6,6,556.29,32.1
ITEM_25F34A1F,ORD_2D619530,PROD_9F2689D3,3,85.6,44.9
ITEM_E103A3EC,ORD_93E888E6,PROD_7B95E200,2,596.35,76.51
ITEM_889E0FEB,ORD_45DB38C7,PROD_3D16AF80,2,267.0,37.64
ITEM_D7435106,ORD_11DA4212,PROD_2CDED6FA,10,234.81,38.34
ITEM_919826BC,ORD_0D383E1C,PROD_31F2D36F,5,740.76,99.08
ITEM_E77A1FFE,ORD_93EDC784,PROD_8018892C,7,473.88,3.67
ITEM_B712F9AC,ORD_01ADDD6E,PROD_07DC9AF0,-2,211.54,82.69
ITEM_EAD99EA6,ORD_EFBDE93C,PROD_BF314EB6,6,270.94,65.23
ITEM_04775178,ORD_084058FA,PROD_F44004F0,8,70.59,9.77
ITEM_6199C956,ORD_19649BF5,PROD_70FB2970,4,778.55,88.87
ITEM_27366C59,ORD_86AD328E,PROD_460FA40D,5,331.07,45.9
ITEM_B10F8314,ORD_AF763FAC,PROD_8B8C1776,1,181.03,25.96
ITEM_2E29C060,ORD_F5E25D85,PROD_7D3C3709,9,156.03,45.09
ITEM_EA01935B,ORD_170E59FB,PROD_44AE7CAD,5,454.21,42.86
ITEM_D6806B60,ORD_9C60A868,PROD_C091153D,8,383.47,20.69
ITEM_5000CFED,ORD_0B7563B4,PROD_64C2FC90,4,216.16,54.85
ITEM_C9F52E0F,ORD_B6CC7899,PROD_325EB72F,8,146.98,60.37
ITEM_493C3777,ORD_A2DEE0F8,PROD_30F6EAD8,7,837.54,60.74
ITEM_EBD44A78,ORD_567AFAFB,PROD_3229FC6B,5,936.77,99.36
ITEM_575D6A8B,ORD_C0C96449,PROD_0CEC8609,3,341.26,37.05
ITEM_7D437FA8,ORD_17F4DF3C,PROD_74E1E65F,1,35.15,52.48
ITEM_9D221656,ORD_110D01A3,PROD_82F6F03A,8,423.94,8.38
ITEM_37DF1F28,ORD_78A443B5,PROD_2E917B54,10,434.77,25.74
ITEM_AE1A4C9E,ORD_3B269392,PROD_2901A2FE,4,740.49,41.15
ITEM_BCB2CF5E,ORD_D35D6FEA,PROD_4B1D3F0D,9,468.74,71.07
ITEM_660795F4,ORD_A0FB6296,PROD_1C67E729,3,86.2,70.45
ITEM_E5BCC187,ORD_5FE84CE8,PROD_837B77C2,9,846.63,47.69
ITEM_3040F868,ORD_4B46BC2A,PROD_A0E83676,3,214.18,5.96
ITEM_3E4E3522,ORD_6D75608E,PROD_C836B409,3,115.35,7.5
ITEM_75D17FB5,ORD_89D08633,PROD_52306B3A,8,129.49,49.18
ITEM_FB745504,ORD_5EE7426C,PROD_F7B87120,1,166.04,88.3
ITEM_B7FD89A9,ORD_B61965BA,PROD_5AFC4BCC,5,556.96,57.71
ITEM_E477C894,ORD_0FA4A9B9,PROD_3BB716D6,6,112.53,42.48
ITEM_877CE297,ORD_5EFDB64A,PROD_0C5D9117,4,808.41,18.72
ITEM_DADE7BE6,ORD_62D14D08,PROD_682DE0E3,7,984.11,79.47
ITEM_3ED6AB55,ORD_5CB87BAA,PROD_39466E16,5,403.55,49.55
ITEM_3CE7627B,ORD_34C279A8,PROD_E617206C,7,869.67,45.06
ITEM_13B2735B,ORD_C8CF4860,PROD_47AC1F5C,4,89.58,92.39
ITEM_5CD2E920,ORD_4DDB4563,PROD_EE2796B4,6,941.95,29.12
ITEM_F4C9C8DE,ORD_E998DFDA,PROD_E847D4E0,3,464.25,25.38
ITEM_7D0E8917,ORD_7A685C44,PROD_C0B9998A,10,122.0,80.83
ITEM_44AADF2B,ORD_FBF898B2,PROD_12E6D535,8,249.25,55.52
ITEM_626E9E02,ORD_D02728E5,PROD_24420EE5,10,403.72,92.96
ITEM_0A57A0BC,ORD_0C340011,PROD_E617206C,3,619.62,61.27
ITEM_556C1FF7,ORD_CF3A27AE,PROD_AB231C36,2,226.79,60.47
ITEM_99299514,ORD_ABF5503F,PROD_2CDB6146,3,498.32,54.09
ITEM_85027D65,ORD_C6264380,PROD_FCD7C4F6,10,393.74,34.81
ITEM_03B40F27,ORD_522C108B,PROD_F751EC04,10,68.9,83.04
ITEM_E7ADF571,ORD_A821B8A7,PROD_D689A6EC,8,337.82,17.16
ITEM_C97859B4,ORD_E46F375A,PROD_8F53DCA5,9,362.34,20.54
ITEM_B1AEA60C,ORD_1E3544AE,PROD_72DE2743,10,590.52,2.34
ITEM_FA6E5DC9,ORD_73C7F02E,PROD_2BE2EF4E,9,440.5,81.61
ITEM_6DBD05D8,ORD_E3A0B931,PROD_B7D9A8E0,6,848.02,2.17
ITEM_BD3E88CB,ORD_F4F14D47,PROD_C091153D,2,843.98,17.18
ITEM_0ED306C3,ORD_74291C8C,PROD_267984E7,3,905.08,77.66
ITEM_5C443740,ORD_5CF3F6E3,PROD_16D4B5F9,4,286.7,54.22
ITEM_2298A399,ORD_BAB15415,PROD_744672F8,10,899.76,34.85
ITEM_C5A2B312,ORD_E94FAA70,PROD_12154197,4,957.83,24.47
ITEM_F020EA3D,ORD_FE2D7B9F,PROD_3E6B46E0,3,906.81,80.54
ITEM_02840542,ORD_A0FB6296,PROD_31FA51CD,2,732.09,98.93
ITEM_A8DD7D12,ORD_EDF39365,PROD_C0901A60,1,410.77,50.43
ITEM_1B2120EC,ORD_B4C5342B,PROD_885AE143,4,757.5,24.56
ITEM_E5BAF3BC,ORD_ED0B2593,PROD_7F4D23BD,5,400.17,16.32
ITEM_ACA5D710,ORD_17ABA9C3,PROD_D1C2B73D,1,36.39,56.43
ITEM_32ADE037,ORD_67CD2BC3,PROD_DC13AC27,2,966.26,26.95
ITEM_BD2026C3,ORD_CA767015,PROD_5CAC0AD8,3,66.96,78.01
ITEM_8B3A5340,ORD_F5E25D85,PROD_E1CD65EB,6,615.61,61.48
ITEM_2159D005,ORD_0A276E54,PROD_C72F5CD0,2,967.31,40.15
ITEM_849421BE,ORD_C1574C5F,PROD_AF72EC4A,8,377.98,16.01
ITEM_D396506F,ORD_8F6C92EB,PROD_46607B60,7,777.13,26.82
ITEM_2DD39388,ORD_9F3CD89A,PROD_89A14521,8,986.12,9.78
ITEM_0EB6B3B7,ORD_4DBCED2D,PROD_7B3B82D1,7,705.96,9.99
ITEM_C8868E4A,ORD_9B0C7B0A,PROD_980C1EF4,7,429.32,95.08
ITEM_94DC2EC2,ORD_31B603EC,PROD_F508CF5D,3,513.61,91.78
ITEM_8E0525DD,ORD_D4C447D1,PROD_8B8C1776,2,150.45,2.54
ITEM_7F43D081,ORD_048BBABC,PROD_32AA03D9,2,768.79,2.64
ITEM_602DEFE8,ORD_96229D71,PROD_C49D9939,9,322.25,13.74
ITEM_464D0954,ORD_315AB7AF,PROD_211B8BCC,3,72.17,69.11
ITEM_7553F721,ORD_4B46BC2A,PROD_B62138B2,-6,103.15,20.99
ITEM_0CE05124,ORD_93EDC784,PROD_80E468F8,2,114.02,23.78
ITEM_8A411531,ORD_73AC74CA,PROD_C5843A78,9,490.26,59.13
ITEM_7F0F54D5,ORD_7DDDE9C6,PROD_21A606F4,5,974.09,37.44
ITEM_F7994CC6,ORD_AA456DED,PROD_48ECD1DE,3,102.49,54.53
ITEM_19E007C0,ORD_BF44CCAA,PROD_1C67E729,6,544.3,10.95
ITEM_476A574F,ORD_CB7AD285,PROD_F5B96F5F,5,488.27,4.14
ITEM_11E59988,ORD_93E888E6,PROD_377CD2B4,10,216.88,23.45
ITEM_D1317A0D,ORD_78A0FAB6,PROD_93F9512C,6,873.88,94.28
ITEM_420224B5,ORD_B9015A15,PROD_0BBEE5D6,8,668.86,96.0
ITEM_0277A0E8,ORD_BCC28330,PROD_74738B51,9,508.42,78.44
ITEM_5EBA1939,ORD_C3806BDC,PROD_C73AA855,9,741.43,17.18
ITEM_F2EBD75D,ORD_5D8E71D8,PROD_8FDA8D3B,7,483.05,40.45
ITEM_3C180F1C,ORD_9535F37A,PROD_661D179F,9,487.43,65.85
ITEM_290E7D05,ORD_959CD4DC,PROD_90E0C4EF,6,224.54,78.01
ITEM_96518CA6,ORD_46A91DB2,PROD_F508CF5D,6,589.75,16.88
ITEM_30020FEE,ORD_6BAFBEBB,PROD_E91CBEEC,3,18.54,10.63
ITEM_A46B1B7D,ORD_5ED1E65F,PROD_FF60477A,7,884.09,29.99
ITEM_B19EB7F1,ORD_9535F37A,PROD_D6F560CE,4,259.43,18.03
ITEM_077D00AE,ORD_8CC6B7D2,PROD_5CAC0AD8,3,253.23,27.35
ITEM_52297FC6,ORD_66A96CF3,PROD_C836B409,-10,23.31,70.22
ITEM_6902A92E,ORD_36340ABD,PROD_7D3C3709,3,448.95,13.44
ITEM_DF054AAB,ORD_9D69095C,PROD_2BE2EF4E,5,892.94,82.8
ITEM_44321E55,ORD_420E3B68,PROD_938C5F03,7,76.09,83.6
ITEM_F8D01474,ORD_2D3DD8D1,PROD_EE2796B4,1,618.38,4.99
ITEM_D6793166,ORD_996DFCD7,PROD_45F4512F,10,377.03,20.08
ITEM_8EB967A2,ORD_3415CE4A,PROD_60C525B1,3,837.99,9.36
ITEM_87D469EA,ORD_CE221865,PROD_24420EE5,7,697.88,41.99
ITEM_B8D2195C,ORD_1A033353,PROD_30F6EAD8,3,662.49,32.04
ITEM_EBF42118,ORD_727FF5C6,PROD_E986CB53,2,750.88,83.1
ITEM_F3CA3A21,ORD_68EAC98E,PROD_4B1D3F0D,7,397.01,21.84
ITEM_CD6D839F,ORD_4E115F0D,PROD_D791F5E5,-1,332.31,46.3
ITEM_D3E96308,ORD_D8313F08,PROD_593EA97C,7,827.9,65.9
ITEM_FB36A538,ORD_119E667B,PROD_579610C9,2,868.67,19.82
ITEM_56F3F7A5,ORD_D3879D9E,PROD_E607023E,1,794.64,25.9
ITEM_40123DD6,ORD_F122B1AE,PROD_AFBA714F,7,939.3,71.54
ITEM_B202E243,ORD_515537A5,PROD_76D2E30A,5,294.83,91.54
ITEM_1C9C5D9D,ORD_7EF84179,PROD_429D85FE,3,661.91,38.84
ITEM_71CBA6BF,ORD_DAB48E82,PROD_F683F922,7,754.53,42.2
ITEM_CD113821,ORD_9E25D53B,PROD_E847D4E0,5,188.26,97.47
ITEM_8131DD06,ORD_B244070F,PROD_1D2A7F03,7,478.65,85.83
ITEM_A0412961,ORD_80BD2AE6,PROD_177DF6C1,9,998.03,83.59
ITEM_6565A211,ORD_5838E1AA,PROD_919A08F0,3,190.92,88.22
ITEM_7E53B371,ORD_3DD8E2A3,PROD_5D03FC60,8,773.78,7.78
ITEM_2AB8131F,ORD_F8987379,PROD_90E0C4EF,4,434.12,33.52
ITEM_847F5510,ORD_7EF84179,PROD_05022F66,7,454.15,76.09
ITEM_97CB7504,ORD_0A8460CB,PROD_267984E7,6,774.98,36.97
ITEM_8FA64C90,ORD_875403AB,PROD_7A8F8E3C,3,572.14,28.09
ITEM_A271EE4F,ORD_AAA49766,PROD_CD10E77E,4,736.6,26.62
ITEM_38716759,ORD_F8056DB5,PROD_9E56B5E0,1,234.87,87.44
ITEM_61385F96,ORD_F9461C0F,PROD_78CF6E11,8,275.24,9.14
ITEM_237C4011,ORD_12C30DA5,PROD_12E6D535,4,594.07,1.6
ITEM_5A7CAEBB,ORD_FC847148,PROD_3BB716D6,10,482.19,7.77
ITEM_F3F51E79,ORD_C4943454,PROD_7AB4A12D,1,847.97,63.51
ITEM_641F1C7C,ORD_98CA33B7,PROD_1B38A63E,5,510.14,90.65
ITEM_ED99C797,ORD_216989DD,PROD_01C59816,4,402.22,37.52
ITEM_46DA5185,ORD_A4DC5C30,PROD_DFC68870,6,263.84,41.41
ITEM_1E7C625D,ORD_AAA49766,PROD_7880F8C2,7,410.09,92.46
ITEM_DB964241,ORD_674D5393,PROD_11620C88,6,883.45,8.71
ITEM_1A719643,ORD_9B0C7B0A,PROD_92EFAC12,10,939.0,14.92
ITEM_E1858E66,ORD_784F3BB1,PROD_8F53DCA5,10,20.98,51.7
ITEM_E0307883,ORD_BFE71169,PROD_3E6B46E0,8,839.25,38.51
ITEM_136DD7BB,ORD_E638977C,PROD_165C25C3,6,883.48,3.33
ITEM_7CE620A3,ORD_33A0A6AB,PROD_992BC2BE,4,449.76,91.48
ITEM_83ABF8DD,ORD_A573170D,PROD_37247735,4,402.39,64.46
ITEM_28BF5355,ORD_4DAB9E96,PROD_AE57B30D,1,476.29,79.15
ITEM_210EBACB,ORD_78A443B5,PROD_E693C8DB,9,191.21,18.34
ITEM_02273E22,ORD_D3879D9E,PROD_7A6144B0,10,778.34,61.43
ITEM_FEF133EE,ORD_00DCBDF6,PROD_EB4FE960,8,512.0,32.91
ITEM_109A0F35,ORD_48105DFC,PROD_7B95E200,10,56.22,47.07
ITEM_6298058E,ORD_9B562AEB,PROD_1F562435,4,815.07,69.64
ITEM_C21B8918,ORD_1A453F1F,PROD_CDCACB4D,8,33.83,84.38
ITEM_FA0A2FA3,ORD_FC847148,PROD_8B087EA4,1,640.43,57.1
ITEM_6433E907,ORD_3C1C32A1,PROD_1092775F,8,651.43,56.1
ITEM_CB47753B,ORD_2D619530,PROD_E7085F65,9,685.97,44.28
ITEM_44E91489,ORD_567AFAFB,PROD_2C50351B,4,70.58,6.97
ITEM_68A968B1,ORD_2AC1EA5C,PROD_7F4D23BD,10,679.4,87.97
ITEM_064A4762,ORD_2DF3C8A6,PROD_9269544D,10,769.07,50.9
ITEM_4D3A91E2,ORD_E94872C8,PROD_A0A131B2,10,931.18,49.05
ITEM_A3D03E7A,ORD_DD0898D8,PROD_7AB4424B,7,966.12,76.95
ITEM_DE989984,ORD_E7C90D3E,PROD_D1E74518,8,740.16,92.21
ITEM_B9D9D4BE,ORD_C0FDE3A6,PROD_02A908BB,5,179.9,58.73
ITEM_30185018,ORD_E2031E28,PROD_3229FC6B,4,595.44,68.7
ITEM_10CC4C50,ORD_308D2ABF,PROD_5E656911,2,245.03,32.68
ITEM_73CB993C,ORD_6CCD5B5C,PROD_47AC1F5C,2,777.34,61.05
ITEM_DB7F0009,ORD_E3A0B931,PROD_72C76ED2,1,602.83,6.35
ITEM_A0476994,ORD_F728112E,PROD_8528B654,-4,265.88,60.73
ITEM_1B6ABCBB,ORD_B46B7824,PROD_107DD4D3,4,517.5,77.58
ITEM_1D8094CD,ORD_DD5BF0C8,PROD_70D3D251,1,784.98,69.37
ITEM_8DE801AD,ORD_F749D7EB,PROD_ADA122E7,8,120.53,47.15
ITEM_41493416,ORD_4B46BC2A,PROD_982C8038,7,954.31,27.11
ITEM_3CBC168B,ORD_7CBB0C34,PROD_5AFC4BCC,6,532.43,86.37
ITEM_3095ECCF,ORD_66737D68,PROD_5593F18A,2,852.4,88.25
ITEM_489FB4DE,ORD_73EB0816,PROD_B007207C,9,11.46,93.95
ITEM_E75A0060,ORD_5D8E71D8,PROD_CBFAB125,2,937.55,97.73
ITEM_F429B084,ORD_1F228DCE,PROD_F751EC04,1,57.44,3.11
ITEM_AC0F8661,ORD_E2134949,PROD_0B7974B5,9,867.51,85.9
ITEM_18345E52,ORD_26F2F2FE,PROD_FCD7C4F6,7,173.95,94.59
ITEM_33AD0B1F,ORD_CF3A27AE,PROD_A1A72901,5,844.02,32.62
ITEM_E4362AAD,ORD_C0B84BD4,PROD_3229FC6B,1,521.18,65.98
ITEM_F395CEB2,ORD_67301F8D,PROD_C43F2B80,10,650.38,63.13
ITEM_9627F65C,ORD_1ED83384,PROD_ADA122E7,7,428.75,59.23
ITEM_A206877D,ORD_18305AE7,PROD_9C71F2F7,2,477.53,39.19
ITEM_7197B5F4,ORD_591807C1,PROD_3BB716D6,9,26.58,62.49
ITEM_15AE4A8E,ORD_6CDEE6C9,PROD_74738B51,3,427.07,67.25
ITEM_0A2B7E89,ORD_8519B1C4,PROD_E694B085,5,332.8,59.49
ITEM_C65989A4,ORD_744B3AA1,PROD_8201EE3C,5,526.7,82.13
ITEM_E62A9EAE,ORD_E09808D3,PROD_1CDC9959,2,738.43,29.52
ITEM_B24CEF8F,ORD_E894EF14,PROD_7DF1140A,5,878.14,21.49
ITEM_3D085BB3,ORD_4211A168,PROD_47AC1F5C,10,926.77,95.68
ITEM_A8010503,ORD_DDBA709E,PROD_4C5483F1,-4,555.81,26.63
ITEM_0C1BBCB8,ORD_8063D5C9,PROD_0476DA10,1,382.96,76.1
ITEM_1DACAF69,ORD_FF8F5344,PROD_D1C2B73D,5,325.06,84.45
ITEM_7CB9743F,ORD_C0F6C3F3,PROD_603F863C,1,230.08,76.41
ITEM_6A9923B3,ORD_CB090281,PROD_05022F66,2,817.0,78.98
ITEM_D7F217B9,ORD_959CD4DC,PROD_12E6D535,1,874.97,82.71
ITEM_1FD56A0B,ORD_8E11EBC3,PROD_2C2F95D3,9,358.76,71.68
ITEM_C6D6ABDB,ORD_8063D5C9,PROD_114CC453,4,283.68,71.23
ITEM_F4FC62B3,ORD_D3879D9E,PROD_BE45FD46,4,238.51,3.84
ITEM_585A5BF3,ORD_673E9C25,PROD_FCDE641C,10,970.45,40.78
ITEM_612F9D28,ORD_B861FA32,PROD_9778B247,3,317.31,81.66
ITEM_1546CD10,ORD_34847761,PROD_A1A72901,3,951.8,18.6
ITEM_8555B0A9,ORD_B54A5042,PROD_633B4413,3,416.62,61.99
ITEM_B400CB22,ORD_0A8460CB,PROD_90635AF6,7,966.83,94.86
ITEM_64824348,ORD_4DA03210,PROD_98A084CF,3,351.31,61.03
ITEM_ACE45BC4,ORD_DB04C73F,PROD_6AD3A885,10,607.17,95.13
ITEM_BB6D24BE,ORD_0CBABCDA,PROD_12154197,4,557.32,47.75
ITEM_17E0F4C2,ORD_02F35EA4,PROD_E986CB53,9,713.01,45.09
ITEM_98B6C77E,ORD_87F1D169,PROD_637D6F9E,-7,130.2,25.48
ITEM_3A24D8D3,ORD_9535F37A,PROD_C5843A78,9,809.4,89.52
ITEM_71F59D09,ORD_9E940445,PROD_0D710ACB,2,607.09,74.6
ITEM_2CE2AB31,ORD_E01B4AC0,PROD_45F4512F,3,408.43,2.93
ITEM_1642005A,ORD_E81EEE94,PROD_11620C88,5,655.85,65.82
ITEM_286D98E9,ORD_8F4248B6,PROD_8281A04A,3,727.13,94.39
ITEM_C3F08512,ORD_DF6A6EEE,PROD_37002361,4,872.01,73.11
ITEM_EFD7A97C,ORD_CEDCF235,PROD_90F90A22,4,26.52,51.66
ITEM_1AEB2D05,ORD_8E7A879C,PROD_B7D9A8E0,6,639.21,54.36
ITEM_167679A0,ORD_4DBCED2D,PROD_3BB716D6,10,440.43,32.72
ITEM_7DB9AC64,ORD_D797755D,PROD_8B8C1776,5,788.05,93.98
ITEM_61BCA9E3,ORD_5884DB0F,PROD_32B5A63E,1,969.92,64.9
ITEM_0E6DEB7D,ORD_68EAC98E,PROD_B39AB5F8,3,833.33,3.1
ITEM_FA1296BA,ORD_A0B99AF8,PROD_41F7AD98,7,942.99,10.23
ITEM_308C8219,ORD_8CEC08F0,PROD_68EA523E,9,406.67,91.54
ITEM_06086668,ORD_4DA03210,PROD_50C7C528,6,140.39,0.43
ITEM_EC498B65,ORD_2DF3C8A6,PROD_C27D4F9F,4,12.75,61.57
ITEM_692406F0,ORD_80523FC4,PROD_AC943073,9,339.87,48.03
ITEM_69158E79,ORD_BFF60040,PROD_917BB737,1,797.45,30.74
ITEM_24A29FC7,ORD_0BF27BA9,PROD_E693C8DB,3,964.72,65.66
ITEM_6B4D3C43,ORD_68C905A8,PROD_8C7F2916,7,61.31,49.02
ITEM_9E31D3A4,ORD_7EF84179,PROD_F4C76A71,2,970.97,6.21
ITEM_6E239225,ORD_B919016F,PROD_A8B7D69E,10,187.55,4.5
ITEM_EE91009B,ORD_2291DB2D,PROD_677276F5,10,587.99,72.22
ITEM_DFBEAEE8,ORD_DB04C73F,PROD_63A4E41A,9,217.87,4.03
ITEM_B3DAA7AD,ORD_E6AF0800,PROD_8201EE3C,5,317.4,84.66
ITEM_2C156E07,ORD_3DD8E2A3,PROD_2BE2EF4E,5,35.42,74.98
ITEM_83F4979D,ORD_D24BDB02,PROD_B37A69D4,3,322.06,6.57
ITEM_7FFA596E,ORD_34847761,PROD_982C8038,8,85.45,75.71
ITEM_CFA52880,ORD_B2055C77,PROD_031BC28B,1,691.18,85.33
ITEM_FB5012FA,ORD_1D9EE2A9,PROD_C8E9AFD7,2,246.5,65.74
ITEM_72729B2E,ORD_1D1071BD,PROD_CD77597F,2,389.69,97.16
ITEM_09B82047,ORD_A0C3F9D2,PROD_9778B247,9,513.79,34.43
ITEM_D634A102,ORD_C698403D,PROD_1F80334D,2,836.82,26.06
ITEM_8D0C2856,ORD_A821B8A7,PROD_159F4619,6,669.74,92.18
ITEM_C683F319,ORD_522C108B,PROD_8E766A75,-8,292.21,58.78
ITEM_16869889,ORD_FEC055F2,PROD_9E56B5E0,5,318.64,53.96
ITEM_0818DD26,ORD_41BA6489,PROD_0F8ADBBF,10,714.72,14.96
ITEM_559A274E,ORD_E9946739,PROD_B1977EB0,4,399.72,16.03
ITEM_CFFE89DB,ORD_3BA80721,PROD_EE2796B4,4,916.19,54.4
ITEM_BE8F4B29,ORD_9D69095C,PROD_12E6D535,1,538.84,1.24
ITEM_3B794D11,ORD_82BAA52A,PROD_7433D2E5,3,344.57,97.08
ITEM_9163D413,ORD_CD642B33,PROD_BCBE4C58,7,214.58,20.37
ITEM_2A5A96AF,ORD_98B65107,PROD_5237DA58,7,64.94,18.99
ITEM_7136B2A9,ORD_E82EE459,PROD_5C2B1428,5,508.11,50.72
ITEM_ACBCAC8E,ORD_98B5A2AE,PROD_AAE0F9EA,8,722.64,60.51
ITEM_EECDA0FD,ORD_D940312C,PROD_62CECF50,10,979.26,71.56
ITEM_F919362A,ORD_8CD1959C,PROD_FF5C8F7A,9,824.1,62.92
ITEM_A23C7E20,ORD_43284B36,PROD_24420EE5,2,683.94,91.05
ITEM_653F3B65,ORD_9689C913,PROD_B4C44046,7,341.93,27.57
ITEM_408A93CD,ORD_B7C74B45,PROD_A7C444DA,6,405.35,18.65
ITEM_3C98F642,ORD_9F0F990F,PROD_E7AAD740,10,42.03,99.42
ITEM_C5677017,ORD_FC847148,PROD_C49D9939,-3,233.63,90.5
ITEM_08102441,ORD_BEA83F86,PROD_F5B96F5F,8,279.91,71.12
ITEM_83ACCDE8,ORD_86AD328E,PROD_3917CD89,1,682.11,67.89
ITEM_6DFA1781,ORD_5F03977A,PROD_474BD9C5,2,72.89,39.04
ITEM_81F8C728,ORD_721F4174,PROD_C43F2B80,4,427.01,79.27
ITEM_88CE1430,ORD_6DDE8F7A,PROD_633B4413,7,413.37,24.82
ITEM_8E829D03,ORD_25AD0817,PROD_F700CAA8,1,976.46,13.79
ITEM_54B1AD3C,ORD_855061DC,PROD_9778B247,9,138.44,48.62
ITEM_F201F07B,ORD_170E59FB,PROD_C18ED1A8,1,394.38,40.13
ITEM_B745C074,ORD_D4F5CE68,PROD_5593F18A,7,402.26,23.87
ITEM_78C324C9,ORD_7D468700,PROD_0C5D9117,6,733.62,88.71
ITEM_7F4BC572,ORD_C6264380,PROD_CC7A2F23,5,627.61,58.78
ITEM_836F17A6,ORD_0A8460CB,PROD_1872775D,10,127.08,16.49
ITEM_AEFB22BC,ORD_FC09F561,PROD_826B1C79,1,143.9,60.83
ITEM_07D8AA7D,ORD_B7105E2E,PROD_B08B89BA,4,465.47,37.1
ITEM_E26055C3,ORD_AAA49766,PROD_8ABC9816,4,578.73,82.44
ITEM_33F590AD,ORD_1A4A5323,PROD_159F4619,1,719.44,43.04
ITEM_4413E288,ORD_B8CCDE89,PROD_FCDE641C,6,948.05,93.44
ITEM_4C345314,ORD_E894EF14,PROD_7433D2E5,5,981.67,59.05
ITEM_6EFF3516,ORD_5F03977A,PROD_47ADE3F3,6,561.27,60.5
ITEM_666FFE63,ORD_1A453F1F,PROD_D23488B5,6,99.66,55.74
ITEM_4025FDF4,ORD_744B3AA1,PROD_E693C8DB,9,354.38,35.04
ITEM_73BB8B31,ORD_4E0C22C1,PROD_DD41E7D7,5,404.16,40.61
ITEM_80EC9AAF,ORD_19E47BB2,PROD_FB22D9E3,10,377.28,12.33
ITEM_1EF6ACBA,ORD_9A048B43,PROD_BD56708B,1,413.33,1.21
ITEM_0A3E0BDB,ORD_1A4A5323,PROD_18D7398C,2,841.95,30.96
ITEM_C3E5217E,ORD_5EE7426C,PROD_F4D8134F,-8,454.42,64.03
ITEM_1AF9C2F6,ORD_BFF60040,PROD_F5871C91,-7,204.77,79.98
ITEM_7A6D477F,ORD_373FB249,PROD_1147CE6A,9,80.3,95.49
ITEM_A0507F0E,ORD_F6708286,PROD_F525B3BD,2,682.6,63.48
ITEM_C021683F,ORD_0ECB7D81,PROD_02A908BB,8,322.87,5.4
ITEM_5927E185,ORD_A8D6C223,PROD_A22FD2CC,10,137.66,25.57
ITEM_3EE3F2BA,ORD_DEB1A3DC,PROD_CBB80200,4,314.51,56.72
ITEM_427B1B58,ORD_FB55A2CD,PROD_F700CAA8,5,371.71,9.71
ITEM_1869CF75,ORD_8CB25A9A,PROD_F462EF4F,8,326.12,46.02
ITEM_63671EE2,ORD_FAE442D8,PROD_E819083C,9,536.2,43.47
ITEM_51F4D1BC,ORD_BF63B940,PROD_5C2B1428,7,435.39,38.83
ITEM_E41B5F60,ORD_2F57924F,PROD_5E656911,4,716.35,49.49
ITEM_58DFAB1A,ORD_A061B015,PROD_86032543,7,16.85,68.67
ITEM_0E8A8D9B,ORD_72E5A82D,PROD_23249BA6,4,697.12,84.76
ITEM_3D68D5E0,ORD_989050D5,PROD_0D65D6E9,9,856.98,80.57
ITEM_DB43DC1F,ORD_80BD2AE6,PROD_23249BA6,-3,366.28,48.89
ITEM_26C9876F,ORD_E613A4F0,PROD_070839D1,3,607.67,47.91
ITEM_D17FBCF5,ORD_DA85ED28,PROD_C7159A74,4,862.0,28.91
ITEM_E9EFC8FA,ORD_C577920C,PROD_23249BA6,9,328.94,76.31
ITEM_D552E4FD,ORD_B8EFAEFB,PROD_A31EBDAE,8,860.87,65.27
ITEM_031DBA42,ORD_3DDC30C0,PROD_267984E7,8,244.39,93.31
ITEM_942D6114,ORD_FBF898B2,PROD_860AC489,9,655.19,4.67
ITEM_50E2A428,ORD_034525C2,PROD_01F28F78,1,258.85,99.16
ITEM_F9A51D2A,ORD_01ADDD6E,PROD_02A908BB,10,763.53,17.52
ITEM_C137C5D2,ORD_B919D02C,PROD_05CFFBD7,3,303.95,65.98
ITEM_E6059095,ORD_6DC2AAF3,PROD_094E5AE4,3,19.0,67.27
ITEM_5AC8023C,ORD_EDC6BE5C,PROD_8FDA8D3B,2,276.04,34.21
ITEM_E75E19F3,ORD_E81EEE94,PROD_439D163F,1,448.14,43.64
ITEM_23F7870C,ORD_130F5DD8,PROD_5CA4596A,4,228.93,2.95
ITEM_D9F7A4B2,ORD_87D6220E,PROD_E1CD65EB,5,221.31,15.47
ITEM_044B5C60,ORD_56653394,PROD_AAE0F9EA,3,497.84,46.74
ITEM_40305895,ORD_A2DEE0F8,PROD_89A14521,2,728.72,69.98
ITEM_816A57C2,ORD_616494B5,PROD_6EF180FE,7,732.81,2.83
ITEM_CB2E7A87,ORD_E5E82374,PROD_4735E5CF,1,367.89,23.8
ITEM_291CCCD3,ORD_22E272D7,PROD_744672F8,6,177.77,50.34
ITEM_1B480257,ORD_6743437C,PROD_DB5E25BE,5,825.85,64.03
ITEM_AD3B5810,ORD_D6B4EEF6,PROD_37B4088B,1,501.1,1.85
ITEM_CF3F0EB1,ORD_921EF953,PROD_F1EA512C,8,373.16,16.7
ITEM_478CD8CE,ORD_53832182,PROD_B7E02CB3,3,926.74,84.19
ITEM_97E6A8ED,ORD_7E150F05,PROD_FCD7C4F6,1,252.66,40.48
ITEM_498C6B68,ORD_FC09F561,PROD_F2183B0F,6,795.92,94.38
ITEM_08CA320B,ORD_C8CF4860,PROD_48A11675,7,289.9,44.78
ITEM_10F4E2D5,ORD_B876CD51,PROD_7ECB78A9,10,527.49,21.76
ITEM_CE01147C,ORD_D488B8B6,PROD_41F7AD98,10,710.99,84.21
ITEM_28217E4C,ORD_690355D1,PROD_E7085F65,5,709.01,42.72
ITEM_1B363E55,ORD_D5382CF4,PROD_28C3E599,-6,289.27,70.22
ITEM_88E06ED2,ORD_E894EF14,PROD_BC047526,3,777.33,43.65
ITEM_90ED5B0F,ORD_00E9CB6A,PROD_1D9D66E2,3,975.61,25.73
ITEM_90E8BB1D,ORD_9CE37F02,PROD_457AF5CC,3,721.42,58.57
ITEM_C25117E3,ORD_45C50F88,PROD_9D92BFAC,2,911.13,32.95
ITEM_B5A166F3,ORD_91D7A349,PROD_C43F2B80,4,14.04,7.32
ITEM_31345DAF,ORD_FEF45F87,PROD_1DE8D5D0,7,987.83,87.57
ITEM_60C823C3,ORD_5F03977A,PROD_757F2C87,10,706.17,30.42
ITEM_D03D36B3,ORD_45DB38C7,PROD_5C2B1428,3,929.85,16.16
ITEM_C84F665F,ORD_584A10EC,PROD_A9C855EF,9,73.57,51.34
ITEM_7EF53544,ORD_C9CA9C24,PROD_F20E8C5C,3,137.48,45.03
ITEM_75F75A62,ORD_415B31B4,PROD_290CE19E,1,551.19,84.78
ITEM_3B983F07,ORD_DE472A14,PROD_58626E3F,9,700.55,98.74
ITEM_991CE943,ORD_D8313F08,PROD_52DF1BFA,10,406.81,46.75
ITEM_33543128,ORD_8E7A879C,PROD_996B1AA9,5,755.51,32.46
ITEM_C618EAC5,ORD_5015A8DB,PROD_C1DC5AD2,10,777.29,38.68
ITEM_AD485114,ORD_C8CF4860,PROD_837B77C2,1,859.5,44.48
ITEM_E1B79953,ORD_DAEA773D,PROD_A31EBDAE,2,547.57,57.39
ITEM_D438BDB6,ORD_B1EF4076,PROD_0C2AF783,2,141.08,9.9
ITEM_D2483F91,ORD_A7246809,PROD_641B8544,6,687.54,40.64
ITEM_0AB98936,ORD_C779ABF8,PROD_E3C81D2E,8,527.51,39.86
ITEM_ACAC5C16,ORD_76859358,PROD_BE0C7D82,8,991.29,17.21
ITEM_1A719183,ORD_7373D36A,PROD_5FA1BAF2,-5,61.78,52.38
ITEM_F52FD487,ORD_9B3AED67,PROD_3AD9EF22,7,857.28,29.12
ITEM_6C89D199,ORD_9C7D5CDF,PROD_C8E9AFD7,2,359.37,32.51
ITEM_7B728A77,ORD_0D383E1C,PROD_C836B409,5,267.41,76.98
ITEM_CA3E6323,ORD_7A18DA16,PROD_42DA0E7C,-5,803.66,83.32
ITEM_B908A2D6,ORD_DAEA773D,PROD_30F6EAD8,7,998.13,1.7
ITEM_08D4A19A,ORD_3A84E943,PROD_D1E74518,6,868.59,73.02
ITEM_A48B22A8,ORD_8BE55A94,PROD_B56A732D,4,55.13,62.22
ITEM_FE122BCE,ORD_4BCD2B78,PROD_EA4137B2,3,517.57,41.12
ITEM_F7C5658F,ORD_1E41C7CC,PROD_2CDED6FA,6,545.15,73.59
ITEM_771B9EFB,ORD_46C4171E,PROD_F4D8134F,10,285.2,6.92
ITEM_40CCE32F,ORD_75CE5A58,PROD_9E56B5E0,10,641.59,82.37
ITEM_F0E373C9,ORD_F08ECB1F,PROD_41F7AD98,10,143.58,27.27
ITEM_7F2564E5,ORD_EC1EF059,PROD_199A2335,2,395.35,27.03
ITEM_4F1DC941,ORD_8CC6B7D2,PROD_F751EC04,6,469.4,35.39
ITEM_B64C4F43,ORD_151150D4,PROD_1B453576,8,514.35,98.37
ITEM_E547465C,ORD_FAE442D8,PROD_7433D2E5,8,953.81,57.3
ITEM_9B28F3A5,ORD_9CEF921E,PROD_47AC1F5C,6,631.66,54.85
ITEM_1261795B,ORD_43987A54,PROD_AAE0F9EA,1,620.82,27.03
ITEM_CC3EE29B,ORD_8C56FC49,PROD_5E8A8DAD,4,360.24,53.04
ITEM_A5B09F8B,ORD_1D9EE2A9,PROD_21A606F4,6,614.42,87.1
ITEM_0145D423,ORD_E82EE459,PROD_211B8BCC,5,235.08,56.35
ITEM_485A140E,ORD_FB6728AF,PROD_429D85FE,8,442.42,36.26
ITEM_50632D27,ORD_498E2FF3,PROD_5AFC4BCC,5,900.36,73.78
ITEM_9F7899FB,ORD_56DC7BE0,PROD_496C152C,3,505.85,75.46
ITEM_796E9446,ORD_F5B7520D,PROD_F462EF4F,9,699.37,80.6
ITEM_F30FA60B,ORD_4CE9C2F4,PROD_B1064660,10,252.25,76.65
ITEM_FF3EAC9A,ORD_37F71F2D,PROD_CC7A2F23,1,366.99,54.86
ITEM_1B377A49,ORD_87D6220E,PROD_8018892C,3,840.26,29.25
ITEM_2B20758E,ORD_0A4D6822,PROD_CBB80200,2,449.02,69.98
ITEM_F1D73928,ORD_855061DC,PROD_A0E83676,3,221.5,96.66
ITEM_7FE08468,ORD_2E68C134,PROD_A8B7D69E,6,813.84,92.33
ITEM_8FD7FD8B,ORD_FC847148,PROD_5CAC0AD8,8,158.09,77.89
ITEM_358A8A37,ORD_294A6CB2,PROD_D324AA67,6,567.5,41.43
ITEM_D9E80340,ORD_0CBABCDA,PROD_FCAB237D,7,243.21,46.02
ITEM_F3469458,ORD_306E493F,PROD_09C0B2D1,8,628.43,94.58
ITEM_83B4A0EF,ORD_2E6F0A6E,PROD_BE45FD46,3,682.52,57.32
ITEM_5A986BCD,ORD_A61D3AFE,PROD_0CC91E3D,6,874.19,71.45
ITEM_62BC3A62,ORD_A061B015,PROD_1480BC60,1,556.67,80.99
ITEM_8D43F961,ORD_7AAF59DF,PROD_8B087EA4,5,793.15,42.07
ITEM_880D6055,ORD_884A2B3C,PROD_2901A2FE,4,86.62,81.85
ITEM_6DCF72C7,ORD_3471B292,PROD_EE2796B4,8,468.14,6.63
ITEM_8E2B50DB,ORD_C6571685,PROD_1AC4B117,6,67.5,58.1
ITEM_A4E81A8F,ORD_4E4905B5,PROD_2C2F95D3,10,630.92,16.76
ITEM_1F8ECAB0,ORD_80D4CA26,PROD_4975AB5A,9,516.61,41.1
ITEM_CFC209EC,ORD_B54A5042,PROD_FCAB237D,3,688.4,39.86
ITEM_79BE7E90,ORD_8626F8EF,PROD_D36A0E3A,10,117.69,11.45
ITEM_77B3BA42,ORD_E459C41C,PROD_072FC7A4,6,551.71,80.73
ITEM_1DA4146A,ORD_80BD2AE6,PROD_6AD3A885,10,544.62,64.36
ITEM_08C34E62,ORD_138BE2C1,PROD_E02ECD53,9,817.32,2.66
ITEM_DEBB0D68,ORD_2B86C402,PROD_7D676FE7,1,394.14,76.04
ITEM_6CC45FFD,ORD_6187EEF8,PROD_992BC2BE,2,590.28,21.94
ITEM_34E334F9,ORD_8F4BD637,PROD_4720EB7F,10,393.75,60.67
ITEM_2F2C1D11,ORD_A6CDCEA0,PROD_860AC489,5,516.27,92.97
ITEM_1787A3E3,ORD_45CEB391,PROD_0C647B98,10,922.11,24.26
ITEM_E8081477,ORD_DB315B5F,PROD_5E8A8DAD,7,465.64,61.42
ITEM_0A4272B9,ORD_39001ACA,PROD_B39AB5F8,4,199.1,35.43
ITEM_7D8B8600,ORD_4DDB4563,PROD_3AB8BF5E,8,742.34,76.59
ITEM_F91BFA43,ORD_ADFE1E49,PROD_452EFAAC,2,346.86,4.27
ITEM_D8DB3A27,ORD_E284BE68,PROD_E0EC9D87,8,42.41,12.7
ITEM_BA66AC40,ORD_9F3CD89A,PROD_094E5AE4,8,678.75,73.92
ITEM_1D3A0DDC,ORD_0A4D6822,PROD_98C173AD,5,318.07,98.19
ITEM_40164D0A,ORD_A4C31EC4,PROD_CBB80200,2,318.25,30.86
ITEM_AFB7473A,ORD_D940312C,PROD_1B61CD8F,2,936.85,97.78
ITEM_7EE4F667,ORD_AD9C8AFA,PROD_8B087EA4,1,540.4,44.4
ITEM_5DEDC40A,ORD_08FEDD46,PROD_E1CD65EB,9,746.22,58.28
ITEM_E70BAC83,ORD_08F5B23E,PROD_1DE8D5D0,10,62.9,88.25
ITEM_2C7AA2BC,ORD_CA8C192C,PROD_19426738,5,517.25,26.34
ITEM_3C693B7F,ORD_E01B4AC0,PROD_507ECB1B,10,34.49,76.13
ITEM_DC95168E,ORD_CA8C192C,PROD_02A908BB,7,816.26,6.64
ITEM_20DB03A2,ORD_A2DEE0F8,PROD_6E7A8BC7,10,226.44,49.86
ITEM_F0442B69,ORD_E894EF14,PROD_E847D4E0,2,945.45,36.61
ITEM_02E1A60C,ORD_53BB6530,PROD_A194C137,10,672.67,66.25
ITEM_6E4A8924,ORD_41FA4C35,PROD_FF4213C4,9,563.96,74.3
ITEM_45DEEA87,ORD_FF109A0D,PROD_A16F0344,3,97.84,55.92
ITEM_844DD3A7,ORD_B1DC58E1,PROD_0C647B98,3,234.5,17.51
ITEM_8F5E64AC,ORD_0ECB7D81,PROD_F700CAA8,6,353.49,73.89
ITEM_3D456572,ORD_A4C31EC4,PROD_12154197,10,395.17,94.67
ITEM_3B76CABF,ORD_B0545A3F,PROD_BC047526,5,390.46,47.09
ITEM_5308116E,ORD_24F722B5,PROD_439D163F,3,351.92,63.22
ITEM_4900C59B,ORD_ECEFC9B3,PROD_DD41E7D7,2,492.19,74.07
ITEM_F0A5B0D6,ORD_B740D3AA,PROD_E607023E,7,12.91,1.31
ITEM_642A9F45,ORD_4B4A4EEA,PROD_267984E7,2,103.1,56.45
ITEM_70BF3404,ORD_B2055C77,PROD_905AEEE3,2,765.58,83.78
ITEM_F583FB3C,ORD_68D05D58,PROD_3917CD89,7,67.99,59.08
ITEM_29128A9D,ORD_B6B642CB,PROD_89A14521,8,294.92,73.59
ITEM_3B3A6342,ORD_7751078D,PROD_8935AED5,9,667.79,99.69
ITEM_17DE1666,ORD_6A20BE95,PROD_4BAC2850,1,430.5,85.27
ITEM_7B0E8B3C,ORD_FAE7FE66,PROD_3229FC6B,10,589.29,70.71
ITEM_CFB70825,ORD_87F1D169,PROD_A24F2FBC,9,421.46,45.24
ITEM_6A8F8A97,ORD_2F57924F,PROD_1B453576,7,953.02,0.15
ITEM_E4815C6C,ORD_E616E6F1,PROD_7D3C3709,4,813.19,92.17
ITEM_1988758F,ORD_8CEE548C,PROD_07BB15D7,3,979.06,26.87
ITEM_E3FB50CC,ORD_7A18DA16,PROD_EE2796B4,2,216.67,43.77
ITEM_14413810,ORD_5EE7426C,PROD_F963F4F4,7,621.03,1.61
ITEM_B923860B,ORD_2DF3C8A6,PROD_868A365E,10,158.22,30.44
ITEM_7E32C58A,ORD_268A29E5,PROD_5BBCEDFF,2,36.63,16.42
ITEM_51AD936E,ORD_B4116A6A,PROD_532A4C13,2,852.95,90.8
ITEM_57912B2A,ORD_69ECBD7C,PROD_70FB2970,3,383.13,5.25
ITEM_3A0E5DC6,ORD_7887C2BC,PROD_8B8C1776,4,136.96,21.82
ITEM_07EA233B,ORD_A49C52BE,PROD_C8E9AFD7,7,637.37,35.6
ITEM_A675BB53,ORD_66737D68,PROD_B08B89BA,3,444.28,85.08
ITEM_9CACB732,ORD_50D0A859,PROD_FF5C8F7A,5,36.06,92.73
ITEM_4ECE2E22,ORD_34847761,PROD_71BE2E6A,1,745.52,33.45
ITEM_09EA1098,ORD_EFF811BD,PROD_E847D4E0,5,926.11,25.58
ITEM_C052CEC0,ORD_7887C2BC,PROD_8281A04A,8,538.11,53.59
ITEM_8FDD79CB,ORD_FAE442D8,PROD_2BE2EF4E,5,248.79,23.34
ITEM_51962DF3,ORD_3ABFFC2F,PROD_938C5F03,5,741.55,8.37
ITEM_6E31C0C1,ORD_6CCD5B5C,PROD_CE406185,5,205.99,35.76
ITEM_64DA4465,ORD_4D472037,PROD_B82B1B7C,10,521.89,58.96
ITEM_02741878,ORD_03170C38,PROD_09609E2B,2,691.32,28.95
ITEM_D81D415B,ORD_C6571685,PROD_7433D2E5,5,500.59,43.54
ITEM_1FAABF51,ORD_FA152632,PROD_109670C5,4,533.05,37.4
ITEM_31A81954,ORD_D6F88303,PROD_7BEFD902,2,540.55,96.5
ITEM_28263E08,ORD_57A72880,PROD_F3617311,4,331.33,93.83
ITEM_FB569062,ORD_C609F1B5,PROD_FDAE7ACE,7,418.43,63.13
ITEM_5A51E770,ORD_5CF3F6E3,PROD_46607B60,8,86.84,45.61
ITEM_29439AAF,ORD_FBB0851E,PROD_D7AD617B,9,308.18,33.07
ITEM_034F11F7,ORD_26F2F2FE,PROD_B1A7E50F,7,655.18,0.23
ITEM_8EEC01C0,ORD_1D1071BD,PROD_0CC91E3D,10,251.95,80.86
ITEM_9527CF2D,ORD_B2055C77,PROD_637D6F9E,5,745.62,1.22
ITEM_32FAE44D,ORD_616494B5,PROD_B1A7E50F,3,193.17,50.22
ITEM_95456063,ORD_46A91DB2,PROD_63752EF8,6,28.68,32.64
ITEM_2551C12F,ORD_1B5E40D5,PROD_23548429,3,104.62,28.93
ITEM_3969E451,ORD_0D383E1C,PROD_69010A60,7,46.3,31.5
ITEM_5DB771AC,ORD_59BFEA2F,PROD_F462EF4F,10,28.9,98.31
ITEM_5EEA111E,ORD_A4D637D0,PROD_63B1C77A,4,742.79,14.06
ITEM_8B52312D,ORD_5884DB0F,PROD_E78DE94D,5,991.3,23.21
ITEM_BC08D572,ORD_D488B8B6,PROD_4857031B,3,56.72,37.78
ITEM_A15C56C6,ORD_19DFD79E,PROD_072FC7A4,2,741.77,75.75
ITEM_919F76C5,ORD_F6ABC500,PROD_ADA122E7,2,263.47,30.67
ITEM_C893D30D,ORD_46C4171E,PROD_457AF5CC,4,182.57,18.15
ITEM_DA9901EA,ORD_47F05EC1,PROD_A24F2FBC,4,735.61,25.42
ITEM_FAF16344,ORD_3FFF1FB4,PROD_D6F560CE,5,224.41,18.57
ITEM_CB9F8B83,ORD_37BF70BC,PROD_F751EC04,5,433.91,0.5
ITEM_A42E3A11,ORD_255BDB68,PROD_EB4FE960,7,274.95,74.54
ITEM_8D182EB9,ORD_2E139F5B,PROD_C8E9AFD7,4,459.28,67.0
ITEM_5BF4645C,ORD_F9461C0F,PROD_6F8A8E3B,5,554.65,62.51
ITEM_D21CDC86,ORD_BB91FD22,PROD_42DA0E7C,4,836.49,9.21
ITEM_46DB0218,ORD_14DC09D5,PROD_60C525B1,7,410.24,81.41
ITEM_929ABFBB,ORD_33FC8E30,PROD_A2506FAE,5,898.25,96.04
ITEM_B8887E2A,ORD_4E4905B5,PROD_0D710ACB,9,916.96,41.65
ITEM_DF108F0F,ORD_F9571749,PROD_23028D84,8,375.78,24.92
ITEM_D45A2236,ORD_A244DB65,PROD_52306B3A,3,447.12,99.24
ITEM_5C9A04B9,ORD_3BDB3342,PROD_7D3C3709,7,670.25,33.81
ITEM_18A34590,ORD_D05C8997,PROD_98A084CF,3,881.89,57.66
ITEM_170D84EE,ORD_53DDC8D3,PROD_C43F2B80,4,210.52,91.08
ITEM_AC1155FC,ORD_8A94A691,PROD_58626E3F,8,159.23,10.33
ITEM_F11E9A50,ORD_784F3BB1,PROD_5B57E77E,3,864.78,69.78
ITEM_27D192A1,ORD_E3A0B931,PROD_474BD9C5,9,330.74,21.25
ITEM_A9B7FE04,ORD_B831009E,PROD_905AEEE3,7,505.21,42.92
ITEM_C4CDB4F9,ORD_AF4EC87F,PROD_647D2C1F,7,399.36,53.84
ITEM_DD241779,ORD_86AD328E,PROD_B18FEA0A,10,619.75,75.21
ITEM_384A502F,ORD_042C8BD7,PROD_E7085F65,7,861.84,67.38
ITEM_883EDFD5,ORD_8EFABE33,PROD_18558B4C,2,783.8,65.58
ITEM_ED05D144,ORD_2291DB2D,PROD_A9C855EF,-2,32.89,80.64
ITEM_48530DB1,ORD_2DF3C8A6,PROD_4857031B,7,694.22,77.5
ITEM_2596BF32,ORD_E7C90D3E,PROD_F525B3BD,2,617.41,81.45
ITEM_D6D2527E,ORD_CC0BB249,PROD_47AC1F5C,9,392.73,27.51
ITEM_79B86D69,ORD_0EAFC715,PROD_1092775F,3,979.26,39.82
ITEM_C8138453,ORD_7EF84179,PROD_37B4088B,8,330.08,27.8
ITEM_0D8ECC22,ORD_306E493F,PROD_F7B87120,7,303.57,75.07
ITEM_8654BFFB,ORD_9B562AEB,PROD_211B8BCC,10,147.31,93.07
ITEM_C230C267,ORD_D6054690,PROD_5C2B1428,1,822.45,26.23
ITEM_2B1C0126,ORD_5CC14FDD,PROD_E819083C,2,419.48,91.1
ITEM_CB4A4539,ORD_A821B8A7,PROD_48E25825,10,624.22,45.15
ITEM_03152843,ORD_C4943454,PROD_647D2C1F,7,555.2,21.85
ITEM_B92FBFE8,ORD_39BE2B08,PROD_9F2689D3,1,395.73,16.98
ITEM_1B5F37AD,ORD_8E088D9E,PROD_072FC7A4,2,721.23,56.77
ITEM_6FD94152,ORD_8E11EBC3,PROD_50C7C528,2,239.31,97.21
ITEM_EFF08264,ORD_E1E3700D,PROD_7D7471D6,7,660.22,20.51
ITEM_AE7EA02E,ORD_1672FD72,PROD_98C173AD,9,288.63,82.55
ITEM_165B845D,ORD_4B02740B,PROD_72DE2743,2,955.46,86.5
ITEM_A5868EC9,ORD_984CE5F0,PROD_1872775D,1,258.53,54.44
ITEM_0501B6CE,ORD_D7822BC5,PROD_325EB72F,1,582.56,71.04
ITEM_0E010194,ORD_938F4281,PROD_18558B4C,1,318.44,89.9
ITEM_5F111693,ORD_4B4A4EEA,PROD_B19EC3D0,3,832.49,41.72
ITEM_AC145AE1,ORD_36340ABD,PROD_2512460F,7,999.26,74.8
ITEM_56A99079,ORD_669C9F82,PROD_EE2796B4,4,130.77,84.56
ITEM_CF2519D1,ORD_6B133184,PROD_D093BF71,9,935.19,30.24
ITEM_C5EE6553,ORD_55FDB1C2,PROD_97DD921A,1,205.51,42.55
ITEM_1F1AB489,ORD_DA7C1824,PROD_58CCD120,10,105.21,83.73
ITEM_1255D813,ORD_CF2779B3,PROD_AC943073,4,388.34,7.98
ITEM_B46610ED,ORD_8C9D1487,PROD_AF72EC4A,2,884.92,79.07
ITEM_240F31E9,ORD_540105E5,PROD_89A14521,3,106.78,68.18
ITEM_9AEEE77C,ORD_AD4444D0,PROD_143943A2,3,469.29,86.74
ITEM_94FE5009,ORD_4B4A4EEA,PROD_3AD9EF22,9,97.38,9.2
ITEM_91230FCF,ORD_4DBCED2D,PROD_9D92BFAC,8,306.08,13.67
ITEM_C9551087,ORD_E09808D3,PROD_07EEFCF4,10,441.78,84.91
ITEM_9A633F14,ORD_54346515,PROD_8BB4829B,7,434.42,60.52
ITEM_78ACC8C3,ORD_034525C2,PROD_E819083C,1,504.32,61.47
ITEM_31B0905C,ORD_C0F2F17A,PROD_1D7BF9A1,2,998.77,16.93
ITEM_34FF8F37,ORD_349948C0,PROD_BE45FD46,2,878.21,7.61
ITEM_A46829CB,ORD_FC12FC3B,PROD_EA9B6447,6,60.89,59.68
ITEM_B23FBB88,ORD_AEDA7979,PROD_CDAFEAE0,7,552.39,81.41
ITEM_DB0E52A7,ORD_9B3AED67,PROD_FB22D9E3,6,659.43,73.96
ITEM_E00B899C,ORD_9006520A,PROD_07EEFCF4,1,369.65,48.66
ITEM_AAB82D87,ORD_CEEE87D3,PROD_1AC4B117,8,601.24,61.36
ITEM_23E3EDEC,ORD_4D35DFC7,PROD_F20E8C5C,6,608.46,50.67
ITEM_DB62C378,ORD_CE221865,PROD_F963F4F4,1,114.91,99.04
ITEM_953A90D9,ORD_6ED97025,PROD_0BBEE5D6,7,939.69,91.7
ITEM_FEC3C417,ORD_F529B035,PROD_1147CE6A,6,303.28,14.56
ITEM_FFFF6648,ORD_D09006FB,PROD_C18ED1A8,2,395.82,13.33
ITEM_2CAD4B17,ORD_ED0D858C,PROD_B7EA5ABA,7,266.4,87.4
ITEM_8E935E02,ORD_F08ECB1F,PROD_FCAB237D,1,860.43,65.39
ITEM_26C32C7D,ORD_BCC28330,PROD_9F2689D3,-4,820.23,50.92
ITEM_BAE09483,ORD_3480159F,PROD_F5871C91,3,789.58,51.2
ITEM_B99EFD3D,ORD_33E1734F,PROD_EA3013AB,-1,641.79,81.27
ITEM_1B6F6F26,ORD_80523FC4,PROD_31FA51CD,5,806.16,10.03
ITEM_F46B3C7C,ORD_5884DB0F,PROD_996B1AA9,-3,413.57,19.22
ITEM_32E04A49,ORD_C049C80E,PROD_9F2689D3,2,794.82,16.13
ITEM_C0C95D64,ORD_09F54D59,PROD_7DF1140A,9,183.24,15.5
ITEM_103D4725,ORD_8CC6B7D2,PROD_6B0B4F88,5,867.66,52.6
ITEM_AE28489C,ORD_61681272,PROD_37B4088B,-1,101.35,72.63
ITEM_98F4CBD3,ORD_B4C5342B,PROD_EA4137B2,8,124.66,37.3
ITEM_436E0CC9,ORD_8DD7966B,PROD_274ABA95,2,353.56,2.97
ITEM_F97AD11F,ORD_4F5F6FE8,PROD_2901A2FE,4,781.97,44.3
ITEM_8BF15CB0,ORD_91BEA7DD,PROD_F7B87120,9,924.3,0.77
ITEM_5F035CB2,ORD_54F2A600,PROD_F6275572,5,703.21,66.49
ITEM_D766E086,ORD_DF6A6EEE,PROD_D9F42F71,9,602.81,46.44
ITEM_58E385F7,ORD_9FFA8BC1,PROD_5A1D59F4,3,27.02,7.28
ITEM_E471A1EC,ORD_E4546C46,PROD_5C2B1428,2,910.93,71.23
ITEM_B27A193D,ORD_8EF8C04D,PROD_6F8A8E3B,5,339.59,75.91
ITEM_A1A72317,ORD_DA85ED28,PROD_2C2F95D3,2,270.01,46.95
ITEM_34018E3F,ORD_94275E48,PROD_DFF19A7E,5,632.52,55.06
ITEM_79B4380E,ORD_6443DB4F,PROD_2EDE2EF1,9,927.07,22.33
ITEM_BDD08D40,ORD_3F49EA6F,PROD_24420EE5,6,913.6,64.25
ITEM_84136636,ORD_34847761,PROD_EF7DF0D9,4,589.33,11.54
ITEM_0D9F0B66,ORD_91BEA7DD,PROD_1822A160,4,624.36,90.49
ITEM_CB70E849,ORD_90D2FD52,PROD_5E3A5988,4,408.47,57.57
ITEM_F7020063,ORD_15AF33B9,PROD_B62138B2,9,351.04,49.3
ITEM_051FFAFF,ORD_9B0C7B0A,PROD_A4DCB447,1,285.47,57.59
ITEM_B5DFCCE5,ORD_98CA33B7,PROD_2BE2EF4E,7,435.63,63.76
ITEM_8B5944D0,ORD_130F5DD8,PROD_F751EC04,6,524.62,80.1
ITEM_8D4B16F1,ORD_674F48D3,PROD_46607B60,7,57.99,33.16
ITEM_D5DA02E3,ORD_F82BB748,PROD_48A1F02C,4,280.63,44.41
ITEM_F0C68A2E,ORD_35C41D8C,PROD_EA9B6447,7,449.72,9.32
ITEM_A2DAB5E7,ORD_46C4171E,PROD_C327C703,9,591.87,55.18
ITEM_CBB5551F,ORD_43987A54,PROD_058A807A,4,516.91,19.45
ITEM_1FD25617,ORD_73C7F02E,PROD_8281A04A,10,643.75,84.89
ITEM_1FD2694B,ORD_F478E652,PROD_199A2335,5,838.99,85.97
ITEM_44D252BC,ORD_CB7AD285,PROD_8B087EA4,1,678.56,24.04
ITEM_74E28182,ORD_B1EF4076,PROD_5E3A5988,3,517.16,76.68
ITEM_A1867AB8,ORD_49528CD1,PROD_E819083C,8,314.74,72.01
ITEM_1324B8D8,ORD_3D7FD834,PROD_0D710ACB,7,334.35,33.8
ITEM_8B056696,ORD_DDBA709E,PROD_43CB18B5,10,390.33,83.41
ITEM_39F77535,ORD_33FC8E30,PROD_7A8F8E3C,1,172.9,45.22
ITEM_83B34E80,ORD_034525C2,PROD_09609E2B,4,624.38,33.79
ITEM_88FF23F9,ORD_6646F73A,PROD_9295D57C,6,230.02,8.26
ITEM_6BE0695C,ORD_F67881AF,PROD_80E468F8,9,55.63,2.03
ITEM_3DCA6CD0,ORD_A6B63A72,PROD_21A606F4,10,191.98,88.17
ITEM_6D9E5DAC,ORD_B3EBE981,PROD_5CAC0AD8,8,490.52,95.13
ITEM_67A39F61,ORD_6646F73A,PROD_80E468F8,-3,96.14,46.4
ITEM_2973409A,ORD_E2DC13DB,PROD_60C525B1,2,248.33,17.61
ITEM_660B2AC1,ORD_5A8BEC55,PROD_377CD2B4,10,859.85,83.42
ITEM_561B8665,ORD_5CB6FEEF,PROD_F963F4F4,3,754.01,97.12
ITEM_C604E049,ORD_3B13953D,PROD_DC13AC27,10,54.71,53.16
ITEM_2F131608,ORD_7FDB393F,PROD_058A807A,1,54.63,9.52
ITEM_DC2BF2D6,ORD_B861FA32,PROD_981082F5,2,646.56,21.16
ITEM_0BE11687,ORD_2234C1B0,PROD_F9C0212A,8,93.91,6.18
ITEM_A4757910,ORD_D35D6FEA,PROD_3EF05460,3,651.55,43.03
ITEM_083AC8C1,ORD_F50674EA,PROD_23EE80D3,3,382.81,71.79
ITEM_B1DBABB9,ORD_727FF5C6,PROD_5CF19CA1,2,374.78,96.98
ITEM_227FCD62,ORD_91195C84,PROD_B4A5132C,8,625.43,89.85
ITEM_ECEE301C,ORD_65737FA4,PROD_2BE2EF4E,5,350.69,80.38
ITEM_1E1B9358,ORD_E613A4F0,PROD_E78DE94D,4,391.22,62.75
ITEM_6E229B0F,ORD_984367E3,PROD_4979D94D,2,383.08,44.11
ITEM_89F299FE,ORD_66A96CF3,PROD_652406C3,-8,742.69,61.49
ITEM_BDC360D3,ORD_5CF3F6E3,PROD_FF60477A,4,702.31,10.44
ITEM_EC9B868C,ORD_9A56CDA9,PROD_DFC68870,8,426.51,42.8
ITEM_AD3DB87A,ORD_D35D6FEA,PROD_0CE6349E,3,651.62,75.97
ITEM_011D70F2,ORD_FE2D7B9F,PROD_8935AED5,1,168.52,8.65
ITEM_9035991D,ORD_6ED97025,PROD_8FDA8D3B,8,412.71,7.42
ITEM_468746AF,ORD_1D2A0593,PROD_7BEFD902,3,78.55,11.39
ITEM_434F8805,ORD_0B7563B4,PROD_07DC9AF0,1,827.65,63.26
ITEM_2F1CE944,ORD_D744103D,PROD_63752EF8,4,206.44,48.63
ITEM_BFFA3648,ORD_D02728E5,PROD_641B8544,10,870.31,37.86
ITEM_9C1ADE22,ORD_9EB976C7,PROD_92EFAC12,5,373.96,22.07
ITEM_520E8F72,ORD_45DB38C7,PROD_18558B4C,2,160.7,31.16
ITEM_E8CAC41C,ORD_54F11D1E,PROD_3E6B46E0,1,252.39,83.02
ITEM_0D8944C4,ORD_E7C90D3E,PROD_70D3D251,10,568.95,69.69
ITEM_A2B0C35B,ORD_2AFB7813,PROD_A754CD9B,2,267.06,34.46
ITEM_E0272766,ORD_DD5BF0C8,PROD_799F552A,7,216.6,97.09
ITEM_8872B9BD,ORD_8A94A691,PROD_6B0B4F88,5,662.52,20.17
ITEM_A4C73EC1,ORD_CDF385D7,PROD_A60ABFF5,7,80.86,98.54
ITEM_2EDD5571,ORD_FFACC457,PROD_4975AB5A,9,103.31,77.89
ITEM_7D6E37CD,ORD_68D05D58,PROD_F4D8134F,7,172.03,42.8
ITEM_03C35859,ORD_AC65A22E,PROD_8201EE3C,7,795.09,22.03
ITEM_DC8991EE,ORD_BBA51B35,PROD_BBCEB73A,2,492.97,99.34
ITEM_591439D5,ORD_DB315B5F,PROD_EEF904B1,4,910.49,48.9
ITEM_64C3BD5E,ORD_110D01A3,PROD_1147CE6A,7,753.86,61.36
ITEM_83F41FCA,ORD_D3879D9E,PROD_B82B1B7C,9,300.57,42.59
ITEM_08EADB55,ORD_85CF404D,PROD_12E6D535,10,373.93,12.03
ITEM_3273B802,ORD_6112AAB1,PROD_3AC5977C,3,958.99,57.86
ITEM_BAFC0F2F,ORD_DAEDA125,PROD_C327C703,6,929.52,85.87
ITEM_CADF1880,ORD_AD4F5366,PROD_ED59CC4A,7,753.19,87.58
ITEM_0AA7BB71,ORD_BF3B8511,PROD_5CF19CA1,3,239.1,31.96
ITEM_2D28B1B6,ORD_54F11D1E,PROD_817D3AA7,10,264.83,87.73
ITEM_66FD0D3A,ORD_19E47BB2,PROD_23548429,2,119.14,43.71
ITEM_79A15719,ORD_3437A50B,PROD_54D9C0D4,1,789.55,29.27
ITEM_8F69C70E,ORD_984CE5F0,PROD_A9C855EF,9,692.68,85.46
ITEM_8215E6F3,ORD_AF4EC87F,PROD_1CDC9959,5,972.74,72.3
ITEM_8D90AF07,ORD_EFBDE93C,PROD_4FBD7295,6,524.55,69.81
ITEM_6B7E8323,ORD_420E3B68,PROD_3C192E14,1,653.23,52.97
ITEM_1F26B1BD,ORD_9F3CD89A,PROD_48E25825,8,842.47,94.37
ITEM_6C129128,ORD_E98801CE,PROD_64D252B0,4,648.66,88.08
ITEM_F9302956,ORD_1A453F1F,PROD_C72F5CD0,10,277.03,6.4
ITEM_2289C413,ORD_0A2C03CA,PROD_A31EBDAE,8,732.55,1.18
ITEM_9A04CCED,ORD_7EF84179,PROD_3AC5977C,4,850.22,78.38
ITEM_FCACD17D,ORD_9BC1B3CF,PROD_2EA3A630,7,121.7,98.84
ITEM_96B601C4,ORD_C8CF4860,PROD_BE45FD46,1,842.6,89.13
ITEM_C783235B,ORD_C049C80E,PROD_27DEE735,5,275.74,38.77
ITEM_B3429F61,ORD_7BFCB2A3,PROD_89A14521,4,220.39,84.91
ITEM_54A76FD8,ORD_129A5FEF,PROD_D324AA67,1,514.41,93.85
ITEM_3EDC5405,ORD_7F343354,PROD_D7AD617B,8,641.76,69.73
ITEM_DE04C378,ORD_9CE37F02,PROD_0C5D9117,6,260.66,91.74
ITEM_CF19EF78,ORD_C0F6C3F3,PROD_93599503,10,566.67,37.05
ITEM_CC5ECF0F,ORD_B919016F,PROD_8018892C,10,61.48,86.71
ITEM_6B92F309,ORD_91BEA7DD,PROD_68EA523E,10,868.49,90.81
ITEM_26CD6600,ORD_A29F7937,PROD_EEF428FF,6,656.55,89.0
ITEM_48A0B523,ORD_FF8F5344,PROD_E7085F65,2,298.86,10.97
ITEM_09F826E3,ORD_4557EB00,PROD_90520F43,1,58.3,95.17
ITEM_5C4CE052,ORD_0CABB42E,PROD_37247735,10,730.97,3.57
ITEM_4A3D529B,ORD_CB090281,PROD_64C2FC90,1,279.22,6.39
ITEM_5057D093,ORD_5A8BEC55,PROD_9C71F2F7,9,690.23,83.36
ITEM_EFEC7C31,ORD_3845B187,PROD_34C3A310,2,649.27,47.73
ITEM_D04B1D56,ORD_DDBA709E,PROD_F462EF4F,6,205.11,62.45
ITEM_FB157D89,ORD_581A08D0,PROD_EA3013AB,7,324.58,28.18
ITEM_8720ED67,ORD_8D805F5C,PROD_63CA3B60,8,45.73,96.21
ITEM_2D843FE5,ORD_2EA71E0D,PROD_A16F0344,3,792.41,65.71
ITEM_7F455099,ORD_D37E1A4B,PROD_C73AA855,9,212.16,70.17
ITEM_4356D8D2,ORD_D4CB4F77,PROD_AFBA714F,2,928.56,42.43
ITEM_D4BA1B84,ORD_B319F355,PROD_92EFAC12,7,573.06,47.0
ITEM_6912FCC8,ORD_36202BE5,PROD_9C71F2F7,8,738.48,52.13
ITEM_8DB419D1,ORD_724E4C2F,PROD_63A4E41A,3,481.73,4.17
ITEM_AF0377D6,ORD_594F4F4E,PROD_072FC7A4,6,540.95,37.49
ITEM_99527856,ORD_CB090281,PROD_C8E9AFD7,9,354.3,32.71
ITEM_B84B4EF2,ORD_DE8B5FA3,PROD_6ECF94E5,9,371.1,23.94
ITEM_AE48B925,ORD_F7B044CF,PROD_37247735,3,394.02,65.95
ITEM_4F733D7B,ORD_DC2EFCB5,PROD_D1DBFBDC,8,52.88,68.13
ITEM_E9250F85,ORD_D02728E5,PROD_EA4137B2,7,490.03,86.9
ITEM_F9BE0153,ORD_56E9998B,PROD_F2E78B2D,1,520.28,20.45
ITEM_ACF2F89B,ORD_674D5393,PROD_2CDB6146,3,390.41,59.25
ITEM_51F5953D,ORD_9689C913,PROD_24420EE5,5,641.59,81.1
ITEM_5E0A07B9,ORD_FF109A0D,PROD_E617206C,3,876.04,37.06
ITEM_05C17F8B,ORD_06A14234,PROD_75305051,2,14.37,54.44
ITEM_CE285404,ORD_AF2D6A17,PROD_211B8BCC,1,568.66,47.19
ITEM_E388076B,ORD_294A6CB2,PROD_0C5D9117,8,231.52,86.5
ITEM_C4A869E1,ORD_E284BE68,PROD_8F53DCA5,8,474.45,91.99
ITEM_68AD8A71,ORD_CE221865,PROD_7D20A21F,2,506.25,14.02
ITEM_866525B9,ORD_7751078D,PROD_AF72EC4A,9,206.44,78.02
ITEM_E8C0C6C7,ORD_315AB7AF,PROD_0C5D9117,8,154.96,4.8
ITEM_C49493F2,ORD_B1EF4076,PROD_12E6D535,3,678.38,48.89
ITEM_F758C928,ORD_53DDC8D3,PROD_5593F18A,6,488.59,82.17
ITEM_55CA03FD,ORD_938F4281,PROD_54C7704C,8,622.85,92.79
ITEM_D777F201,ORD_BF3B8511,PROD_7AB4A12D,2,586.74,47.47
ITEM_2F23AB06,ORD_F50674EA,PROD_C27D4F9F,10,774.16,40.26
ITEM_93C6CF7F,ORD_C21A2499,PROD_3AC5977C,5,613.31,68.13
ITEM_A5287CAC,ORD_E09709A4,PROD_5E656911,4,273.35,1.75
ITEM_95B36940,ORD_75E1B829,PROD_8ABC9816,3,825.88,28.15
ITEM_3270D50E,ORD_45211C30,PROD_1D7BF9A1,6,464.3,20.03
ITEM_2E4D5970,ORD_2291DB2D,PROD_01F28F78,3,583.66,76.02
ITEM_BE05C7CF,ORD_D2E7C180,PROD_3AB8BF5E,-8,696.35,47.82
ITEM_07D627A4,ORD_D2E7C180,PROD_F5871C91,1,341.23,78.86
ITEM_E718FAE4,ORD_A6767B5B,PROD_E607023E,2,335.47,74.52
ITEM_A11019C4,ORD_0F4B9EDF,PROD_47ADE3F3,2,830.52,15.14
ITEM_5121AD61,ORD_3B269392,PROD_F4D8134F,9,407.31,56.05
ITEM_C758C251,ORD_A97DE3E0,PROD_E847D4E0,5,910.64,59.79
ITEM_CA26B58A,ORD_1D1071BD,PROD_89A14521,4,512.52,71.37
ITEM_939AA6E0,ORD_61681272,PROD_8E766A75,2,116.72,57.05
ITEM_B5868BE5,ORD_B178D6C5,PROD_6EB0F6A4,5,970.6,71.09
ITEM_3C84F9B7,ORD_15FA23C2,PROD_883CD682,7,681.99,24.01
ITEM_74CC5CF3,ORD_933615DE,PROD_FCAB237D,4,994.97,49.49
ITEM_D1E38635,ORD_3C1C32A1,PROD_98A084CF,7,780.89,14.2
ITEM_06035D28,ORD_2F7A43AC,PROD_677276F5,5,596.32,16.64
ITEM_A8371654,ORD_C049C80E,PROD_114CC453,3,49.0,3.44
ITEM_3D229CCB,ORD_F0C365CF,PROD_337E06AE,1,667.43,8.64
ITEM_5486E372,ORD_02C499D5,PROD_1B453576,1,593.34,55.95
ITEM_D9690EA3,ORD_B7C74B45,PROD_8018892C,4,500.55,11.45
ITEM_110B7DB6,ORD_E10EE184,PROD_F2E78B2D,1,699.11,19.81
ITEM_1E64447B,ORD_17F4DF3C,PROD_F462EF4F,7,910.48,38.14
ITEM_2BDEB6A8,ORD_F122B1AE,PROD_866D042F,1,67.63,72.24
ITEM_6B688990,ORD_D5382CF4,PROD_5593F18A,9,592.76,6.6
ITEM_8C1ECCF2,ORD_3D196691,PROD_3AD9EF22,2,811.45,30.97
ITEM_BC241D0D,ORD_D811F670,PROD_F3162D17,1,647.26,94.84
ITEM_0B53522C,ORD_65A131C4,PROD_12E6D535,2,881.97,60.01
ITEM_18FD8DBC,ORD_CB7AD285,PROD_302DEC58,10,58.88,26.25
ITEM_3F66A61B,ORD_39BE2B08,PROD_C1DC5AD2,7,250.02,41.75
ITEM_40DAC14C,ORD_78A0FAB6,PROD_9D92BFAC,1,812.67,14.03
ITEM_F0EB3805,ORD_5F03977A,PROD_CC7A2F23,9,854.52,86.52
ITEM_C089611F,ORD_F9D25992,PROD_1B710969,8,981.58,76.91
ITEM_6EB1689C,ORD_138BE2C1,PROD_D085FE36,6,228.09,99.35
ITEM_466A8509,ORD_E46F375A,PROD_0D65D6E9,1,684.07,94.69
ITEM_0BC560B1,ORD_F955B2BB,PROD_652406C3,1,438.32,92.99
ITEM_E2A3D3CB,ORD_6DC2AAF3,PROD_1480BC60,10,978.94,9.47
ITEM_0167AA23,ORD_7361EE5D,PROD_BED3D316,5,427.97,23.28
ITEM_37B4C903,ORD_2975DE7E,PROD_641B8544,1,112.81,81.23
ITEM_DA8EECE2,ORD_FD446332,PROD_69C4E30D,2,483.93,86.97
ITEM_8679DA85,ORD_72102E8A,PROD_90520F43,9,224.58,92.68
ITEM_ABDE25A0,ORD_51F12695,PROD_F20E8C5C,-6,731.42,39.65
ITEM_6AE902F4,ORD_3A84E943,PROD_6EAD091B,8,180.18,15.89
ITEM_9BE7F26A,ORD_F04F0598,PROD_AAE0F9EA,7,832.49,51.49
ITEM_00596683,ORD_05F47BC4,PROD_1E84E4F5,8,94.77,39.52
ITEM_06E89EBC,ORD_B6B642CB,PROD_AB231C36,3,917.61,60.22
ITEM_6896453E,ORD_FEC055F2,PROD_2BE2EF4E,8,587.89,80.84
ITEM_D05CBCCA,ORD_BA44E86B,PROD_6B0B4F88,2,347.98,47.66
ITEM_5DA270A8,ORD_984367E3,PROD_BE45FD46,7,607.23,49.6
ITEM_426668BB,ORD_86AD328E,PROD_EF7DF0D9,9,913.01,36.94
ITEM_BC789771,ORD_AA456DED,PROD_F3162D17,1,925.03,91.85
ITEM_FE799B52,ORD_85A26E35,PROD_917BB737,2,118.27,94.72
ITEM_E6707DA2,ORD_01ADEFF2,PROD_7B95E200,8,196.59,7.0
ITEM_D02A4307,ORD_03C1716C,PROD_80E468F8,10,864.34,86.74
ITEM_DBF86654,ORD_6D570EBA,PROD_AFBA714F,9,89.48,11.42
ITEM_1D2BA530,ORD_54A276C9,PROD_F20E8C5C,7,874.31,36.11
ITEM_1E5E7B63,ORD_35C41D8C,PROD_F525B3BD,10,277.07,70.4
ITEM_5FEA025A,ORD_AF763FAC,PROD_496C152C,8,890.1,34.96
ITEM_9A3B65BF,ORD_EFBDE93C,PROD_C5843A78,4,776.2,58.97
ITEM_AD4D2E5F,ORD_41BA6489,PROD_6F63A578,2,158.43,63.36
ITEM_61E7AD8B,ORD_EFF811BD,PROD_66795998,7,45.77,27.52
ITEM_7F92C657,ORD_F9D25992,PROD_FCAB237D,7,604.72,14.92
ITEM_1EB78B09,ORD_AF763FAC,PROD_6EAD091B,4,413.99,21.08
ITEM_2D5587D8,ORD_F57D1787,PROD_143943A2,7,51.43,78.25
ITEM_90164DCB,ORD_EE292907,PROD_D1A4175C,1,814.26,78.55
ITEM_83F1BED1,ORD_78A443B5,PROD_9C71F2F7,7,704.73,57.42
ITEM_AFE33615,ORD_102BF12B,PROD_29DBD51C,8,737.43,28.83
ITEM_2EE7851F,ORD_CE8048E8,PROD_B149A42F,8,693.48,80.68
ITEM_A4A0A3C6,ORD_941339BA,PROD_B009B7F2,5,666.71,59.76
ITEM_E24C6859,ORD_674D5393,PROD_98A084CF,8,723.16,54.28
ITEM_DEB77E98,ORD_93E888E6,PROD_E847D4E0,6,260.62,37.27
ITEM_1328BE85,ORD_24F722B5,PROD_E3C81D2E,2,658.76,89.63
ITEM_F54C0F2F,ORD_1D9EE2A9,PROD_996B1AA9,7,875.26,19.86
ITEM_B2C239DD,ORD_8F09E963,PROD_EA4137B2,9,303.71,74.14
ITEM_6AD0AC4F,ORD_09F54D59,PROD_FF60477A,9,633.68,85.47
ITEM_5D7FC4E7,ORD_3FFF1FB4,PROD_BD56708B,4,397.72,29.97
ITEM_0A1E2C1B,ORD_E616E6F1,PROD_48A1F02C,-3,666.37,46.07
ITEM_D09C74F3,ORD_DC85DDA5,PROD_094E5AE4,-8,512.81,60.89
ITEM_C2259BED,ORD_D2E7C180,PROD_C49D9939,7,613.98,21.84
ITEM_0505D9D7,ORD_7D468700,PROD_48ECD1DE,5,975.64,43.06
ITEM_A1237D9F,ORD_B6CFD9AA,PROD_976AE4E4,9,33.54,72.41
ITEM_3825E1A6,ORD_4AB89F01,PROD_F508CF5D,1,723.52,59.59
ITEM_09D2E0F2,ORD_084058FA,PROD_199A2335,7,735.49,0.82
ITEM_C568CB83,ORD_7D0C930C,PROD_474BD9C5,5,985.95,60.35
ITEM_BA012DAA,ORD_4E98AED9,PROD_2CDED6FA,8,915.53,49.0
ITEM_6FEEF434,ORD_EBBB9BF4,PROD_28C3E599,5,922.87,66.7
ITEM_59D516BC,ORD_1A4A5323,PROD_F525B3BD,4,38.29,42.17
ITEM_85AFA4E3,ORD_65A131C4,PROD_FE96DD1A,2,679.82,68.91
ITEM_115E83E6,ORD_9EB976C7,PROD_F525B3BD,5,32.93,18.5
ITEM_160B61A8,ORD_DD0898D8,PROD_1B38A63E,5,234.71,6.47
ITEM_44FB4666,ORD_56DC7BE0,PROD_C4D55EBF,10,686.94,67.23
ITEM_B04AA839,ORD_0FA4A9B9,PROD_860AC489,8,834.11,33.06
ITEM_9A7193C2,ORD_0F9A14C8,PROD_AC943073,2,660.25,57.61
ITEM_08704FF0,ORD_BCC28330,PROD_8F53DCA5,7,886.07,81.71
ITEM_A1F94C88,ORD_BAF81269,PROD_F1EA512C,7,808.06,34.39
ITEM_6D856A28,ORD_D38A52CB,PROD_1B61CD8F,9,231.21,19.24
ITEM_8FC8C493,ORD_41B1B5E5,PROD_532A4C13,6,955.01,25.95
ITEM_45133B45,ORD_4AC6FF53,PROD_5FA1BAF2,1,825.56,62.58
ITEM_72063845,ORD_7361EE5D,PROD_980C1EF4,6,481.87,90.19
ITEM_2ADFE5BB,ORD_6743437C,PROD_0CE6349E,6,687.42,68.86
ITEM_F444AED8,ORD_7357221C,PROD_0B7974B5,7,194.61,84.52
ITEM_DD4A4A63,ORD_2F55214A,PROD_0EB34D13,4,257.68,9.55
ITEM_F1C364C5,ORD_D4F3E08D,PROD_21A606F4,2,832.15,37.46
ITEM_50CC5D43,ORD_5EE7426C,PROD_8F53DCA5,7,110.49,75.33
ITEM_2E21E70D,ORD_E6BFDD37,PROD_109670C5,5,516.05,78.35
ITEM_7E476EC6,ORD_52A6940C,PROD_159F4619,-3,625.22,5.92
ITEM_9B5181BD,ORD_96229D71,PROD_0CEC8609,2,437.17,2.02
ITEM_4E754858,ORD_E284BE68,PROD_5E656911,10,950.32,43.58
ITEM_D5C3DA47,ORD_984CE5F0,PROD_31FA51CD,5,715.15,72.11
ITEM_BEF78E04,ORD_F749D7EB,PROD_7DF1140A,3,706.86,41.88
ITEM_3B836B29,ORD_D31E7DC9,PROD_AC943073,3,223.16,78.16
ITEM_4932A8E0,ORD_2B86C402,PROD_90520F43,9,48.09,50.21
ITEM_8D080DEB,ORD_F6ABC500,PROD_5CAC0AD8,5,66.61,36.93
ITEM_15CD2B8A,ORD_B8EFAEFB,PROD_6F8A8E3B,7,55.74,67.95
ITEM_E4C2AE49,ORD_7FFA855C,PROD_C836B409,4,262.8,47.14
ITEM_0E2C311B,ORD_F62A8864,PROD_52306B3A,8,192.96,60.96
ITEM_BF078BBF,ORD_8D805F5C,PROD_B62138B2,5,751.0,62.87
ITEM_4133EE75,ORD_05DC934A,PROD_2EDE2EF1,9,211.09,29.92
ITEM_AF253D75,ORD_D4CB4F77,PROD_637D6F9E,4,93.71,3.81
ITEM_B5047B05,ORD_F8056DB5,PROD_EA8D6869,10,127.52,64.25
ITEM_4D3C9CEC,ORD_594F4F4E,PROD_143943A2,7,588.7,94.87
ITEM_8B94845B,ORD_4216A290,PROD_11506CEE,10,904.22,95.99
ITEM_00793943,ORD_CEEE87D3,PROD_D61B97E3,8,170.11,11.15
ITEM_186180D8,ORD_FD446332,PROD_337E06AE,10,63.04,50.34
ITEM_1112CF1A,ORD_09F54D59,PROD_97DD921A,3,554.45,39.71
ITEM_51F3E00F,ORD_33A0A6AB,PROD_ADA122E7,6,682.6,43.51
ITEM_50680A55,ORD_3453A492,PROD_5AFC4BCC,1,569.23,68.24
ITEM_67B2A6F5,ORD_7D6A24B3,PROD_41E1F5D1,8,352.79,59.49
ITEM_E7C88791,ORD_2234C1B0,PROD_A0A131B2,6,65.91,27.42
ITEM_AC7AFCFC,ORD_D6F88303,PROD_C091153D,-3,778.35,37.73
ITEM_FE4C139D,ORD_36455FA7,PROD_3AD9EF22,4,559.4,3.42
ITEM_4B690A78,ORD_8760D0D0,PROD_351010F4,6,178.4,31.62
ITEM_612FDE0A,ORD_37BF70BC,PROD_868A365E,7,652.09,4.75
ITEM_3BD1753E,ORD_783CBE8A,PROD_E0F18781,5,692.88,67.94
ITEM_6550FB46,ORD_2A233E56,PROD_148836C2,9,154.73,78.88
ITEM_A8774187,ORD_B23CF989,PROD_96F289F9,2,889.78,83.01
ITEM_C2762E3A,ORD_308D2ABF,PROD_D1C2B73D,8,57.98,75.03
ITEM_34F03C3D,ORD_80BD2AE6,PROD_A754CD9B,4,69.51,54.55
ITEM_10F0A224,ORD_FBF898B2,PROD_6AC7D44B,1,540.06,54.69
ITEM_67526D38,ORD_DAB48E82,PROD_165C25C3,3,554.67,19.7
ITEM_A806AEAA,ORD_4816E5AE,PROD_2A88DC13,7,726.43,63.72
ITEM_31C3EBBB,ORD_7CBB0C34,PROD_B37A69D4,1,569.69,66.76
ITEM_69A7C84E,ORD_5AB15C0E,PROD_69C4E30D,4,604.23,46.59
ITEM_FBFD6B40,ORD_4DBE9F52,PROD_A4DCB447,8,192.35,4.27
ITEM_7F98FEBD,ORD_B5942B93,PROD_8EC3548E,2,720.1,78.05
ITEM_D1700410,ORD_67301F8D,PROD_4B1D3F0D,1,439.36,26.9
ITEM_CEFA367D,ORD_DC85DDA5,PROD_072FC7A4,9,327.43,18.03
ITEM_B61E0759,ORD_DDBA709E,PROD_1CDC9959,9,767.1,88.22
ITEM_4D089830,ORD_7361EE5D,PROD_A0A131B2,10,646.16,36.18
ITEM_F6F3BFAD,ORD_2AB47488,PROD_4C5483F1,7,150.35,39.54
ITEM_A8ECC512,ORD_B7C74B45,PROD_439D163F,2,458.98,49.85
ITEM_23184DAD,ORD_1549C631,PROD_8528B654,8,812.77,68.81
ITEM_C8E30500,ORD_129A5FEF,PROD_05022F66,9,149.95,42.57
ITEM_10533B99,ORD_7361EE5D,PROD_D791F5E5,7,744.76,76.49
ITEM_C9119982,ORD_9CE37F02,PROD_817D3AA7,9,35.01,36.35
ITEM_49DD4F55,ORD_0EAFC715,PROD_3C192E14,2,847.61,52.48
ITEM_81CE6B43,ORD_8F09E963,PROD_905AEEE3,1,148.39,68.74
ITEM_269D37D0,ORD_E2DC13DB,PROD_297C4E87,7,308.91,78.75
ITEM_98CDFB74,ORD_294A6CB2,PROD_D324AA67,3,212.75,21.84
ITEM_4EC3BE76,ORD_86AD328E,PROD_9F2689D3,2,421.93,9.68
ITEM_36D2F783,ORD_E6AF0800,PROD_A1A72901,2,302.57,22.68
ITEM_E107F6B5,ORD_7FB4C468,PROD_333958C9,9,215.14,92.31
ITEM_49B84018,ORD_216989DD,PROD_69C4E30D,1,394.42,37.71
ITEM_3C2718F1,ORD_8DE8876D,PROD_633B4413,10,488.21,2.18
ITEM_9B039975,ORD_BE5A0C64,PROD_DC13AC27,-1,545.87,48.64
ITEM_40B4156A,ORD_DAA697E3,PROD_68725FEC,7,693.19,7.88
ITEM_430921BF,ORD_A0FB6296,PROD_7B3B82D1,3,709.88,94.8
ITEM_2ECC28FA,ORD_F691BBA9,PROD_FB22D9E3,8,389.47,59.83
ITEM_F015B4D1,ORD_7A685C44,PROD_D61B97E3,1,59.38,74.28
ITEM_E9802924,ORD_1672FD72,PROD_82F6F03A,10,547.78,17.03
ITEM_E385D9D4,ORD_FA7D1C4A,PROD_EA8D6869,5,523.41,2.04
ITEM_B11A1477,ORD_6266A78E,PROD_5AFC4BCC,8,774.95,94.6
ITEM_41B322BC,ORD_723FACC7,PROD_B1A7E50F,8,453.72,61.28
ITEM_8868BEB7,ORD_7404703B,PROD_3AD9EF22,5,482.29,28.49
ITEM_BE6CA630,ORD_AB1392BD,PROD_C18ED1A8,10,322.57,92.99
ITEM_C6A15C01,ORD_5884DB0F,PROD_8BDBE376,8,286.37,85.37
ITEM_ACCEB641,ORD_7404703B,PROD_63752EF8,7,740.39,55.29
ITEM_AFA53999,ORD_D24BDB02,PROD_274ABA95,1,497.59,63.18
ITEM_310078AC,ORD_FEF45F87,PROD_78CF6E11,7,103.77,40.79
ITEM_14E790AF,ORD_A6B63A72,PROD_1B38A63E,3,981.26,36.65
ITEM_2151600C,ORD_2DF34C72,PROD_C18ED1A8,3,755.76,10.34
ITEM_91DA48B0,ORD_B6CFD9AA,PROD_37002361,10,493.12,56.06
ITEM_1F3192E6,ORD_6AB99758,PROD_0D65D6E9,10,219.15,85.29
ITEM_D9103FFC,ORD_FF109A0D,PROD_B1A7E50F,7,948.28,69.77
ITEM_C83A1D8F,ORD_F691BBA9,PROD_BC047526,1,431.76,49.38
ITEM_54C06DA6,ORD_BB733E9F,PROD_9E950AC9,2,804.45,69.11
ITEM_51F47A9A,ORD_48C75021,PROD_E693C8DB,4,617.78,52.69
ITEM_AF94F82B,ORD_B91242E4,PROD_992BC2BE,1,606.03,5.63
ITEM_B7CA67A5,ORD_F08ECB1F,PROD_266B9FDF,10,302.9,51.59
ITEM_A6EBBEE1,ORD_8DD112F3,PROD_CDCACB4D,4,426.89,96.77
ITEM_D6E78FCE,ORD_CCF68902,PROD_5E656911,10,552.68,83.09
ITEM_8B2C83E2,ORD_EC1EF059,PROD_CE406185,5,225.65,63.21
ITEM_3B796508,ORD_E2353E2B,PROD_7433D2E5,6,810.63,6.97
ITEM_53DFE8A0,ORD_6646F73A,PROD_8201EE3C,6,879.39,62.94
ITEM_62D7DCC2,ORD_D4F3E08D,PROD_1C67E729,8,899.05,90.46
ITEM_81604EB1,ORD_419B9E75,PROD_01F28F78,4,46.95,69.62
ITEM_19C1ECBC,ORD_D04B4535,PROD_D1E74518,10,364.43,9.77
ITEM_C81758AB,ORD_0EAFC715,PROD_48ECD1DE,6,320.81,21.76
ITEM_A9C96C45,ORD_420E3B68,PROD_6F8A8E3B,1,802.97,59.78
ITEM_96A6D6EB,ORD_4D35DFC7,PROD_976AE4E4,10,591.27,69.58
ITEM_DE2E368D,ORD_C53F62CB,PROD_31FAC8B9,10,144.26,27.76
ITEM_DE761151,ORD_FC6BA334,PROD_0B7974B5,9,615.17,86.62
ITEM_B5480203,ORD_25AD0817,PROD_AFAC1F73,8,778.64,18.82
ITEM_35B92762,ORD_8C56FC49,PROD_AFBA714F,7,73.73,87.73
ITEM_D1B4E0C6,ORD_E1E3700D,PROD_B18FEA0A,4,458.29,47.82
ITEM_FC6891BE,ORD_9C60A868,PROD_E693C8DB,8,709.55,97.46
ITEM_09BEF601,ORD_53BB6530,PROD_682DE0E3,5,179.93,17.07
ITEM_12F8902B,ORD_E5F97CBD,PROD_57A23117,2,529.96,79.19
ITEM_11E5FD2E,ORD_EE2A1467,PROD_F44004F0,1,913.24,18.48
ITEM_AFCA1235,ORD_17F4DF3C,PROD_F1EA512C,6,24.27,89.16
ITEM_09663E06,ORD_80BD2AE6,PROD_351010F4,5,303.57,97.2
ITEM_42505F6B,ORD_FD516BE1,PROD_593EA97C,3,671.47,15.73
ITEM_907B3901,ORD_7A685C44,PROD_652406C3,-6,604.91,43.92
ITEM_DD07ABD9,ORD_6D570EBA,PROD_6EB0F6A4,2,519.61,65.74
ITEM_8BDAC47C,ORD_F9BB3899,PROD_7D860BB6,-5,804.68,28.5
ITEM_7A4DC770,ORD_91195C84,PROD_BD56708B,6,543.76,70.67
ITEM_17D6CE21,ORD_E81EEE94,PROD_757F2C87,8,317.94,63.63
ITEM_0994BD99,ORD_06A14234,PROD_AB231C36,2,627.35,50.86
ITEM_736999E4,ORD_AB7F13B1,PROD_43F1CDFC,7,670.72,82.18
ITEM_1D5748CE,ORD_6AB99758,PROD_69010A60,4,326.33,26.72
ITEM_5E77B4EF,ORD_78762433,PROD_C836B409,1,182.75,48.03
ITEM_23A251E6,ORD_BF3B8511,PROD_D324AA67,7,937.18,42.34
ITEM_BF11E959,ORD_1E41C7CC,PROD_FB22D9E3,10,239.4,38.37
ITEM_CCAEF94F,ORD_4DA03210,PROD_5E3A5988,2,628.86,54.18
ITEM_99EF6BC2,ORD_0E5E7442,PROD_9269544D,10,837.42,79.3
ITEM_61779A63,ORD_64563D25,PROD_37002361,3,634.62,14.88
ITEM_F866A908,ORD_78054E62,PROD_7A8F8E3C,7,517.26,18.78
ITEM_CD6FE5C6,ORD_94275E48,PROD_211B8BCC,4,677.8,53.88
ITEM_19D71235,ORD_41A28C2E,PROD_D36A0E3A,5,377.22,93.91
ITEM_7AC81B51,ORD_9EA1E78F,PROD_C73AA855,7,616.17,73.17
ITEM_8FD0710C,ORD_F8BA9DDC,PROD_93599503,6,183.97,24.91
ITEM_244829B7,ORD_DD0898D8,PROD_62BD0617,7,945.27,55.45
ITEM_6FF5C83A,ORD_C8BAB471,PROD_7054EE29,8,346.63,83.29
ITEM_F3CD40FB,ORD_6821579B,PROD_CD77597F,3,854.04,63.36
ITEM_BB2784F6,ORD_4216A290,PROD_496C152C,10,612.69,87.91
ITEM_5D67F3D6,ORD_B1DC58E1,PROD_3917CD89,1,432.65,90.43
ITEM_D5797A4F,ORD_2AFB7813,PROD_4C458C87,5,329.49,9.61
ITEM_A88D5DD7,ORD_39001ACA,PROD_B18FEA0A,7,266.03,12.46
ITEM_7C2DD766,ORD_7887C2BC,PROD_496C152C,-4,764.4,79.82
ITEM_4EF8B7A2,ORD_F728112E,PROD_98C173AD,3,950.04,21.23
ITEM_EE10DEA7,ORD_BCC28330,PROD_885AE143,10,670.29,51.63
ITEM_2B33255A,ORD_69ECBD7C,PROD_93F9512C,8,615.18,25.82
ITEM_84236773,ORD_55F55753,PROD_18D7398C,2,854.82,64.25
ITEM_8CB9916A,ORD_FD516BE1,PROD_3AB9CD5F,10,847.82,62.12
ITEM_D9D120D2,ORD_7AD2765B,PROD_EA9B6447,-2,761.13,79.84
ITEM_1CAD3617,ORD_0C340011,PROD_1480BC60,2,485.63,35.85
ITEM_6E154AF1,ORD_51F12695,PROD_F8D3B2CE,1,85.81,72.8
ITEM_C2B6A5FD,ORD_B128DF42,PROD_B56A732D,2,665.56,26.08
ITEM_A9762D55,ORD_BBA51B35,PROD_7B3B82D1,4,215.41,96.56
ITEM_DEAF05EB,ORD_E78E5577,PROD_93599503,10,28.46,97.64
ITEM_4FDD4BB7,ORD_AD4444D0,PROD_1D2A7F03,6,26.47,33.51
ITEM_E8FE80C0,ORD_80523FC4,PROD_18D7398C,10,237.03,34.32
ITEM_CF4C3816,ORD_FBB0851E,PROD_DB5E25BE,5,797.45,43.46
ITEM_DD0A69E9,ORD_E32A838A,PROD_996B1AA9,10,337.82,44.57
ITEM_572CAEA0,ORD_06A14234,PROD_50C7C528,3,980.53,68.25
ITEM_70D90EA3,ORD_9FFA8BC1,PROD_71BE2E6A,8,180.71,37.64
ITEM_49255F23,ORD_1B5E40D5,PROD_C8234450,9,80.63,41.13
ITEM_20608F25,ORD_4AC6FF53,PROD_4CC2651E,9,577.24,75.87
ITEM_C63B6107,ORD_567AFAFB,PROD_5593F18A,7,517.03,22.07
ITEM_96DC2C5B,ORD_C049C80E,PROD_45F4512F,1,851.65,14.13
ITEM_E7BA723D,ORD_7887C2BC,PROD_1B453576,10,967.17,61.04
ITEM_072ABC20,ORD_F529B035,PROD_41E1F5D1,5,508.68,36.89
ITEM_224EBF98,ORD_8F6C92EB,PROD_D9F42F71,8,382.29,47.48
ITEM_6DB35270,ORD_C0F6C3F3,PROD_1872775D,7,155.21,94.54
ITEM_C36251E6,ORD_8F09E963,PROD_4C458C87,4,683.2,21.13
ITEM_E537E4AB,ORD_8805ACEC,PROD_D093BF71,7,601.77,74.72
ITEM_0279AFAF,ORD_A821B8A7,PROD_652406C3,4,81.22,96.3
ITEM_67D6713A,ORD_4E98AED9,PROD_24420EE5,6,427.46,47.68
ITEM_8516F418,ORD_FD384EC2,PROD_A7C444DA,8,839.82,88.59
ITEM_D2B30668,ORD_5C21DD85,PROD_8018892C,6,887.28,17.31
ITEM_B35F71AB,ORD_AFC515D6,PROD_E78DE94D,7,398.49,53.82
ITEM_8219404A,ORD_0A8E798D,PROD_C0CD1A0A,9,910.39,91.48
ITEM_8AB08AFE,ORD_6DC2AAF3,PROD_7D676FE7,8,500.84,77.34
ITEM_5A1B65E2,ORD_723B6C15,PROD_C54C4A4C,5,941.54,83.93
ITEM_018FE276,ORD_F122B1AE,PROD_3442656E,3,849.96,44.61
ITEM_5F757F05,ORD_F82BB748,PROD_758B38DC,1,786.17,47.62
ITEM_3A1A2611,ORD_984367E3,PROD_D689A6EC,9,34.77,87.21
ITEM_0B30125B,ORD_AD7C218C,PROD_3917CD89,7,89.71,59.68
ITEM_F2CACFE3,ORD_6D570EBA,PROD_CCA91BD2,5,323.92,47.12
ITEM_4CB2EF8B,ORD_0EAFC715,PROD_BC047526,1,67.61,3.23
ITEM_5935BAE5,ORD_A97DE3E0,PROD_CBFAB125,10,741.09,79.63
ITEM_951BF46F,ORD_9B0C7B0A,PROD_6EF180FE,6,158.51,74.49
ITEM_A0B3896E,ORD_EE2A1467,PROD_5AEA29A8,6,983.36,80.05
ITEM_3E2A5C2A,ORD_19DFD79E,PROD_4C458C87,6,954.29,91.38
ITEM_1969FEFD,ORD_3471B292,PROD_4857031B,7,41.57,68.35
ITEM_A8C470A3,ORD_1D3C11D1,PROD_3AB8BF5E,1,38.61,99.95
ITEM_C1A92947,ORD_98CA33B7,PROD_1F80334D,2,253.06,30.77
ITEM_EBF718A5,ORD_06BCD6EC,PROD_B7EA5ABA,7,604.01,76.54
ITEM_9E3EDFBF,ORD_C9CA9C24,PROD_8281A04A,6,95.9,10.18
ITEM_208CF274,ORD_BBA51B35,PROD_E0EC9D87,9,962.04,78.76
ITEM_230CEE6F,ORD_4CE9C2F4,PROD_BE5A146D,7,732.86,47.04
ITEM_542C0A00,ORD_F04F0598,PROD_AFBA714F,9,651.43,51.11
ITEM_B0DE647B,ORD_AF4EC87F,PROD_2BE2EF4E,5,735.75,41.16
ITEM_E56067F3,ORD_D797755D,PROD_8B8C1776,9,711.09,1.58
ITEM_CD0202DD,ORD_9B0C7B0A,PROD_C7159A74,6,978.17,58.62
ITEM_AD0D4018,ORD_0768CE8E,PROD_C73AA855,10,721.15,70.14
ITEM_A17AF51D,ORD_D38A52CB,PROD_980C1EF4,1,578.51,18.59
ITEM_7733D0C7,ORD_B128DF42,PROD_D23488B5,1,839.79,68.04
ITEM_35EEAF85,ORD_AFAD875D,PROD_4979D94D,7,164.01,25.34
ITEM_AC386625,ORD_7473CF65,PROD_11620C88,4,536.61,37.61
ITEM_9CD2F4A5,ORD_54A276C9,PROD_41F7AD98,5,251.2,55.18
ITEM_492C1919,ORD_B949A94D,PROD_5CAC0AD8,5,743.24,33.96
ITEM_0A7A655A,ORD_55FDB1C2,PROD_0EB34D13,5,829.34,0.27
ITEM_2BC01AC7,ORD_76859358,PROD_48A11675,5,930.72,74.63
ITEM_6E8970DF,ORD_C4943454,PROD_8F53DCA5,4,486.04,22.57
ITEM_C3A9A0F7,ORD_ECEFC9B3,PROD_EA9B6447,9,685.14,75.48
ITEM_C1038594,ORD_567AFAFB,PROD_883CD682,5,865.88,47.91
ITEM_41B4DA55,ORD_FA152632,PROD_89A14521,2,919.49,7.64
ITEM_007CEDA2,ORD_F955B2BB,PROD_D130CA73,1,518.98,19.56
ITEM_2D32A4C3,ORD_674D5393,PROD_C327C703,6,87.75,21.0
ITEM_B543BDA2,ORD_718F12B5,PROD_C73AA855,9,176.11,11.89
ITEM_D6DDB44C,ORD_CF3A27AE,PROD_2E917B54,6,808.66,5.79
ITEM_7B95131E,ORD_6821579B,PROD_496C152C,5,680.64,97.35
ITEM_9A571937,ORD_AEA289BB,PROD_52910EC3,9,336.99,80.77
ITEM_87E53ED4,ORD_B6C82DC0,PROD_9F2689D3,7,760.32,17.78
ITEM_1936817E,ORD_A4C31EC4,PROD_E0F18781,2,317.94,76.22
ITEM_C0A4E99D,ORD_F9D25992,PROD_6EB0F6A4,9,767.78,73.23
ITEM_09A750C1,ORD_4E98AED9,PROD_E26A91B1,2,867.49,18.91
ITEM_FDAFF07F,ORD_ABF5503F,PROD_CD10E77E,5,111.77,60.83
ITEM_029D2DC3,ORD_4E4905B5,PROD_FCDE641C,4,848.52,84.04
ITEM_E2F1F539,ORD_2E4111D4,PROD_274ABA95,3,321.25,47.22
ITEM_44FEBB79,ORD_E94FAA70,PROD_31F2D36F,2,302.77,40.16
ITEM_71CB1E59,ORD_7EF84179,PROD_4CC2651E,2,644.7,36.24
ITEM_A99D5068,ORD_A244DB65,PROD_ED59CC4A,2,48.6,5.89
ITEM_A79400C6,ORD_6112AAB1,PROD_32B5A63E,1,537.5,67.17
ITEM_7BACEED0,ORD_80BD2AE6,PROD_A7C444DA,10,743.0,36.06
ITEM_708CECE2,ORD_7887C2BC,PROD_1B710969,6,412.71,83.94
ITEM_7182128C,ORD_51F12695,PROD_D36A0E3A,5,887.48,11.97
ITEM_9F2F7B11,ORD_74B9244B,PROD_8201EE3C,10,149.95,93.88
ITEM_1CA5370C,ORD_C5C95782,PROD_1F8E3EAA,6,422.81,68.44
ITEM_62C95B69,ORD_2AB47488,PROD_EA3013AB,1,113.6,69.48
ITEM_6A9B6CA0,ORD_CD642B33,PROD_69268D02,10,68.28,75.38
ITEM_1F4296F3,ORD_ADFE1E49,PROD_C73AA855,3,257.56,80.01
ITEM_E3894F5F,ORD_2F57924F,PROD_0476DA10,9,825.98,92.51
ITEM_A2981D2B,ORD_232A5DEB,PROD_18558B4C,8,641.66,17.05
ITEM_6108D326,ORD_8DD7966B,PROD_D324AA67,10,387.64,14.6
ITEM_B76C2312,ORD_2C78EE0C,PROD_2DA5B629,5,801.63,70.84
ITEM_08B99C04,ORD_B280CC3B,PROD_D085FE36,1,238.09,66.2
ITEM_258C6C28,ORD_17CDEB50,PROD_67C7DB66,8,141.34,62.73
ITEM_47708E23,ORD_72E5A82D,PROD_4BAC2850,3,56.16,64.54
ITEM_CC59F61B,ORD_EFBDE93C,PROD_1F8E3EAA,9,498.41,12.88
ITEM_C15B77A5,ORD_FC09F561,PROD_211B8BCC,9,130.88,61.01
ITEM_0A0F36E9,ORD_1ED83384,PROD_31F2D36F,6,720.05,4.47
ITEM_E5458FFA,ORD_9CEF921E,PROD_EB4FE960,1,155.95,63.18
ITEM_84E7B9CB,ORD_0A4D6822,PROD_E986CB53,1,53.48,55.24
ITEM_02826655,ORD_1E41C7CC,PROD_01F28F78,-5,785.34,84.72
ITEM_6A78219F,ORD_294A6CB2,PROD_F683F922,5,806.6,69.26
ITEM_E57638DE,ORD_3840BE36,PROD_E41A495A,1,33.06,87.06
ITEM_E1B2A181,ORD_17CDEB50,PROD_799F552A,10,441.3,96.29
ITEM_18334C2F,ORD_69ADE456,PROD_0A60516C,1,395.04,62.7
ITEM_9C8E5926,ORD_B5942B93,PROD_5FA1BAF2,3,563.28,53.08
ITEM_9D0238D1,ORD_AD4444D0,PROD_2C2F95D3,8,387.11,42.56
ITEM_201327C9,ORD_7649B067,PROD_D36A0E3A,2,662.41,5.25
ITEM_E29E8787,ORD_2D3DD8D1,PROD_07BB15D7,3,32.8,8.82
ITEM_76D8FDCC,ORD_0E83978D,PROD_2DA5B629,9,922.88,48.2
ITEM_889ECD61,ORD_D5382CF4,PROD_B009B7F2,8,88.85,57.74
ITEM_2BA5D485,ORD_591807C1,PROD_1C00FAEE,-9,335.98,75.99
ITEM_789FA107,ORD_2E139F5B,PROD_C5B98C19,9,990.43,32.27
ITEM_2E73AFEE,ORD_B4116A6A,PROD_90E0C4EF,10,82.68,71.13
ITEM_CFF872CE,ORD_3B13953D,PROD_74E1E65F,8,733.77,95.7
ITEM_1652C1FD,ORD_0FA4A9B9,PROD_603F863C,8,246.97,35.84
ITEM_9F68F9CE,ORD_9F3CD89A,PROD_18D7398C,8,65.73,56.44
ITEM_8029B95D,ORD_FC6BA334,PROD_F963F4F4,3,399.9,0.78
ITEM_D8AD583B,ORD_D6ABDB1C,PROD_52DF1BFA,9,409.97,62.68
ITEM_DA344B16,ORD_A8B792B9,PROD_883CD682,6,664.22,59.3
ITEM_86D46A38,ORD_251C327A,PROD_A8B06F18,9,873.91,15.89
ITEM_E2707FE6,ORD_ABBAF1C6,PROD_F7B87120,9,762.54,11.08
ITEM_A4D9A3BD,ORD_A2DEE0F8,PROD_7AB4424B,4,51.32,89.83
ITEM_A8211F3C,ORD_E5A80297,PROD_F5754E35,7,305.05,94.21
ITEM_7A5E1D8C,ORD_B128DF42,PROD_41F7AD98,7,507.36,61.08
ITEM_0B45D2F0,ORD_9D69095C,PROD_12E6D535,6,226.62,97.36
ITEM_0D29E05C,ORD_0CABB42E,PROD_FFBB7E42,10,579.09,33.47
ITEM_934FD0E8,ORD_575BCE03,PROD_DC13AC27,6,90.35,47.76
ITEM_2C7B93D3,ORD_E81EEE94,PROD_0CE6349E,6,167.05,50.29
ITEM_B9C436ED,ORD_FCBB189F,PROD_7D676FE7,5,462.78,27.64
ITEM_1666471D,ORD_8A6B675A,PROD_D61B97E3,5,391.91,88.73
ITEM_F7A01EA0,ORD_CF2779B3,PROD_EA8D6869,7,763.01,83.9
ITEM_D7303650,ORD_723FACC7,PROD_1092775F,10,430.16,33.46
ITEM_C77BE0BC,ORD_B91242E4,PROD_3AC5977C,6,81.22,35.82
ITEM_253B9799,ORD_349948C0,PROD_4C5C62B2,5,615.26,44.06
ITEM_D8990EDC,ORD_8CD1959C,PROD_7AB4A12D,4,17.86,80.89
ITEM_77205243,ORD_BA44E86B,PROD_5EAF8199,6,819.99,6.1
ITEM_55E7D612,ORD_8D805F5C,PROD_F1A2AC9B,4,95.0,73.64
ITEM_A48BE4AD,ORD_B40842A5,PROD_7A6144B0,3,287.97,12.63
ITEM_CA83B56B,ORD_727FF5C6,PROD_EEF428FF,5,604.2,47.96
ITEM_AC253D76,ORD_D3879D9E,PROD_981082F5,10,768.63,43.59
ITEM_EA5C3481,ORD_1A453F1F,PROD_C5843A78,2,875.5,97.08
ITEM_5DA2A024,ORD_BCC28330,PROD_0C5D9117,4,307.01,0.5
ITEM_0BCCA257,ORD_B949A94D,PROD_677276F5,4,249.59,79.46
ITEM_6B255840,ORD_A8D6C223,PROD_8281A04A,7,491.11,92.85
ITEM_193E79B5,ORD_D5783222,PROD_68EA523E,5,25.61,24.5
ITEM_169E4E93,ORD_0D383E1C,PROD_E1CD65EB,1,443.04,85.58
ITEM_CB167EBD,ORD_ECF851B1,PROD_A0E83676,3,57.6,33.28
ITEM_786CA898,ORD_BCC0BCCE,PROD_A31EBDAE,5,72.34,59.93
ITEM_A8492A08,ORD_EC1EF059,PROD_90520F43,6,741.5,92.55
ITEM_CAA74976,ORD_0D383E1C,PROD_05022F66,6,179.01,8.55
ITEM_065D764C,ORD_03D6C8ED,PROD_C8E9AFD7,6,851.29,64.9
ITEM_0E951CF9,ORD_C1607F20,PROD_CCF3D587,9,29.41,49.71
ITEM_46CBFDD5,ORD_F728112E,PROD_F462EF4F,9,915.04,38.63
ITEM_B9F0DA3C,ORD_CFC86FC8,PROD_B82B1B7C,4,377.07,47.77
ITEM_8A317F6A,ORD_756D2929,PROD_1F8E3EAA,5,12.5,56.12
ITEM_EA4A53AE,ORD_E57F9380,PROD_3EF05460,8,91.36,78.13
ITEM_35E2282C,ORD_33FC8E30,PROD_AC943073,10,461.52,37.46
ITEM_71561A7A,ORD_9150B03E,PROD_1C4EE8CD,10,284.56,9.6
ITEM_8FC0BF30,ORD_6112AAB1,PROD_267984E7,6,109.31,91.77
ITEM_AF57F2B5,ORD_3415CE4A,PROD_47559A53,9,762.35,51.73
ITEM_D27B9DD0,ORD_C390E0BA,PROD_E7E010E6,10,445.58,43.44
ITEM_F01B66D7,ORD_22E787D1,PROD_F508CF5D,10,486.59,36.16
ITEM_3118BA17,ORD_EE6285AF,PROD_5AEA29A8,4,312.86,98.4
ITEM_0AAF47F1,ORD_51F12695,PROD_996B1AA9,8,110.83,85.98
ITEM_CBD28004,ORD_9938D1DC,PROD_A1A72901,3,831.77,26.56
ITEM_2EAE9C58,ORD_08B6DF4C,PROD_ED59CC4A,8,949.97,24.1
ITEM_8C9F1722,ORD_3471B292,PROD_7428A4C5,6,597.8,46.66
ITEM_F43588CF,ORD_D6F88303,PROD_A7C444DA,2,339.7,25.23
ITEM_31514E4F,ORD_26F2F2FE,PROD_FDAE7ACE,5,270.2,66.32
ITEM_BA11FBF0,ORD_B244070F,PROD_48A11675,9,181.22,94.26
ITEM_C829AB25,ORD_E82EE459,PROD_538EBEC5,6,112.82,34.26
ITEM_614E0671,ORD_921EF953,PROD_DC0F344B,5,538.63,87.55
ITEM_75F98C94,ORD_723B6C15,PROD_11506CEE,4,320.93,23.78
ITEM_ADD8E150,ORD_E2353E2B,PROD_996B1AA9,6,356.02,1.77
ITEM_7B3EC9E3,ORD_5D8E71D8,PROD_0CE6349E,8,308.4,48.78
ITEM_DDD0220F,ORD_CF2779B3,PROD_05022F66,2,408.43,15.54
ITEM_C4DDF756,ORD_AA42390D,PROD_90520F43,5,126.38,19.34
ITEM_902FA7AD,ORD_674A0D73,PROD_29DBD51C,4,658.65,96.23
ITEM_20EE750C,ORD_86BED982,PROD_C1DC5AD2,1,470.36,25.16
ITEM_4430F871,ORD_36455FA7,PROD_FB5551C5,2,979.28,66.94
ITEM_18652BDA,ORD_1E3544AE,PROD_70D3D251,5,355.81,31.93
ITEM_FB896425,ORD_F728112E,PROD_C0CD1A0A,9,504.32,28.34
ITEM_D3678649,ORD_486E1762,PROD_A0E83676,1,35.14,60.85
ITEM_0E1827A0,ORD_A3D14F0F,PROD_457AF5CC,1,354.46,67.78
ITEM_92E83C8A,ORD_DD5BF0C8,PROD_EE2796B4,2,44.91,38.32
ITEM_1FA9DF2D,ORD_FAE442D8,PROD_57A23117,10,547.57,70.07
ITEM_8426ED07,ORD_F022D38F,PROD_30F6EAD8,6,106.89,90.39
ITEM_0F7847E4,ORD_933615DE,PROD_A1FEE53E,6,782.79,66.46
ITEM_1FBFFD15,ORD_00DCBDF6,PROD_63B1C77A,8,257.49,99.82
ITEM_B6FA4E13,ORD_7404703B,PROD_0CC91E3D,8,374.33,67.38
ITEM_8B8962C5,ORD_D967BFF9,PROD_C73AA855,10,494.16,45.45
ITEM_65C03B3A,ORD_B8CCDE89,PROD_9D92BFAC,9,781.3,96.7
ITEM_4540C51B,ORD_A6CDCEA0,PROD_EEF904B1,2,615.97,7.44
ITEM_4A34DB54,ORD_13FD80D2,PROD_A7C444DA,10,858.7,16.5
ITEM_3A91F84B,ORD_FF337321,PROD_351010F4,10,411.14,67.24
ITEM_8CA9BF6B,ORD_875403AB,PROD_2901A2FE,8,729.91,41.4
ITEM_0444A2CF,ORD_115331DF,PROD_784E1FC1,5,32.12,70.36
ITEM_07EAA583,ORD_3B7C39B8,PROD_BAC2BF4E,1,676.81,22.83
ITEM_7EB5A41E,ORD_102BF12B,PROD_F6275572,6,161.83,82.44
ITEM_E95293F0,ORD_FA7D1C4A,PROD_A1A72901,6,991.75,41.51
ITEM_5748D68B,ORD_E81EEE94,PROD_031BC28B,10,710.47,79.99
ITEM_FFA42ABE,ORD_B1EF4076,PROD_3D16AF80,9,939.58,10.37
ITEM_96853BC8,ORD_4BCD2B78,PROD_7D30D278,3,798.8,16.62
ITEM_A27A0B81,ORD_255BDB68,PROD_8F53DCA5,6,807.05,8.26
ITEM_9FE401A9,ORD_A9CC15D0,PROD_7D676FE7,9,978.67,84.29
ITEM_CDC82ACF,ORD_4BCD2B78,PROD_A4DCB447,7,761.19,45.15
ITEM_1B82B72C,ORD_255BDB68,PROD_C54C4A4C,7,703.07,18.09
ITEM_8924B8DE,ORD_1672FD72,PROD_246412F4,5,85.65,52.08
ITEM_2FD4C7C7,ORD_22E272D7,PROD_E26A91B1,6,388.23,45.01
ITEM_004CE334,ORD_2ED85FF8,PROD_661D179F,6,214.02,82.55
ITEM_25C85898,ORD_415B31B4,PROD_AC943073,10,839.13,72.23
ITEM_A838D583,ORD_FA7D1C4A,PROD_C8234450,2,898.83,86.2
ITEM_8B078BCE,ORD_11DA4212,PROD_A0A131B2,5,143.23,2.79
ITEM_98AB7481,ORD_DEB1A3DC,PROD_68EA523E,9,250.5,26.7
ITEM_BE588EB8,ORD_1CE5E3E2,PROD_1822A160,2,177.29,20.71
ITEM_1A3BD69C,ORD_515537A5,PROD_BAC2BF4E,-4,486.87,77.77
ITEM_C9CEF32C,ORD_B6CC7899,PROD_9295D57C,8,55.75,57.3
ITEM_A7EA7067,ORD_48C75021,PROD_290CE19E,7,548.03,77.55
ITEM_3FC38FB2,ORD_BE5A0C64,PROD_64D252B0,10,488.35,65.42
ITEM_F9E8D06B,ORD_B213F68D,PROD_A2506FAE,7,102.87,14.73
ITEM_A7643A9F,ORD_43284B36,PROD_8F309D2B,9,58.83,29.98
ITEM_4ABEB56A,ORD_C9CA9C24,PROD_B4C44046,10,233.93,82.71
ITEM_3DDB8C15,ORD_4B4A4EEA,PROD_633B4413,5,797.89,25.67
ITEM_F4CFED24,ORD_674F48D3,PROD_11506CEE,5,616.75,40.13
ITEM_4606D7FD,ORD_A7246809,PROD_DC13AC27,10,393.03,91.17
ITEM_0A9B4713,ORD_EB70E69C,PROD_3BB716D6,10,753.18,64.52
ITEM_CDD3579D,ORD_09F54D59,PROD_F751EC04,3,665.38,11.45
ITEM_A9FCE421,ORD_F56F88A8,PROD_1DE8D5D0,1,78.46,86.34
ITEM_906B1C07,ORD_3A7B9215,PROD_AC943073,4,549.38,57.96
ITEM_CECBD3AF,ORD_89D08633,PROD_BAC2BF4E,8,126.69,33.21
ITEM_906F1F82,ORD_4F2C5D44,PROD_11620C88,10,902.31,72.86
ITEM_A76BBAAC,ORD_7977410C,PROD_E41A495A,3,13.41,17.42
ITEM_AA741E54,ORD_5EE7426C,PROD_EF7DF0D9,9,460.94,79.27
ITEM_68A84E16,ORD_E5A80297,PROD_C091153D,3,928.78,23.19
ITEM_0EF4571E,ORD_E7C90D3E,PROD_A8B06F18,9,508.45,29.8
ITEM_F165C420,ORD_D2EB44C2,PROD_EA9B6447,1,454.15,88.54
ITEM_A3661034,ORD_D5783222,PROD_45F4512F,8,919.09,37.74
ITEM_D8D975A8,ORD_E613A4F0,PROD_EEF904B1,-2,171.3,8.15
ITEM_B26674D5,ORD_522C108B,PROD_0D65D6E9,3,252.1,8.68
ITEM_E74CD458,ORD_D4F5CE68,PROD_A8B06F18,9,587.08,48.22
ITEM_DEB12216,ORD_5EFDB64A,PROD_9E56B5E0,4,760.78,60.29
ITEM_473C5883,ORD_80BD2AE6,PROD_5CF19CA1,8,491.07,2.68
ITEM_95A060D7,ORD_E420D887,PROD_EEF904B1,7,908.48,89.33
ITEM_F1501621,ORD_EE6285AF,PROD_9778B247,3,933.53,38.2
ITEM_871B7A9E,ORD_8EF8C04D,PROD_AFBA714F,7,811.06,76.08
ITEM_A9DF008C,ORD_E459C41C,PROD_8FDA8D3B,4,391.33,25.89
ITEM_D7A11FC4,ORD_4AC6FF53,PROD_D9F7E635,7,867.01,43.56
ITEM_0CDDE04D,ORD_315AB7AF,PROD_97F6522C,7,317.06,94.17
ITEM_AD45A214,ORD_C7EB5613,PROD_DFF19A7E,4,642.66,47.24
ITEM_3AEFB1F9,ORD_98B65107,PROD_5E8A8DAD,4,271.55,79.12
ITEM_1BDD4442,ORD_A8B792B9,PROD_DFC68870,6,983.8,89.61
ITEM_532B4238,ORD_255BDB68,PROD_0BBEE5D6,2,309.17,28.09
ITEM_78EA7B07,ORD_C0FDE3A6,PROD_47ADE3F3,10,874.51,43.88
ITEM_334C699F,ORD_E5E82374,PROD_CCF3D587,2,990.92,38.7
ITEM_FA26BA6C,ORD_119E667B,PROD_E41A495A,5,60.95,59.44
ITEM_6D430B5D,ORD_A244DB65,PROD_75207526,10,305.91,47.73
ITEM_B76CFF9E,ORD_36202BE5,PROD_1092775F,2,489.28,99.32
ITEM_0FEB44EB,ORD_31B603EC,PROD_159F4619,5,368.44,67.36
ITEM_10C67ED3,ORD_6D570EBA,PROD_C327C703,6,516.62,79.02
ITEM_2740998B,ORD_232A5DEB,PROD_8F53DCA5,7,217.99,50.69
ITEM_98D98DCF,ORD_B91242E4,PROD_EF7DF0D9,4,612.77,25.78
ITEM_BD0B41FB,ORD_FEF45F87,PROD_69268D02,9,744.23,1.14
ITEM_0390875B,ORD_69ECBD7C,PROD_1D7BF9A1,10,190.18,86.55
ITEM_B1B19079,ORD_FC546CAB,PROD_98A084CF,2,140.89,40.98
ITEM_E6E9197B,ORD_0CBABCDA,PROD_7D7471D6,1,863.68,88.32
ITEM_1639E702,ORD_671DE966,PROD_8B7D55CD,8,473.7,75.69
ITEM_4D172E31,ORD_9B562AEB,PROD_3AC5977C,3,502.03,58.93
ITEM_B681B862,ORD_B056BDF0,PROD_C1DC5AD2,2,94.54,94.64
ITEM_0C897613,ORD_042C8BD7,PROD_29DBD51C,6,558.36,41.94
ITEM_7D4FEA0B,ORD_87F1D169,PROD_3BB716D6,7,902.0,91.63
ITEM_AA6F2B5D,ORD_66A96CF3,PROD_4BAC2850,3,687.57,77.63
ITEM_D746148A,ORD_420E3B68,PROD_7DF1140A,4,929.78,25.22
ITEM_05695CC5,ORD_22E787D1,PROD_FCAB237D,7,890.7,83.45
