item_id,order_id,product_id,quantity,unit_price,discount_percent
ITEM_8546ECFC,ORD_EE1AF37F,PROD_3E6A998C,7,760.92,44.41
ITEM_887B0465,ORD_26275114,PROD_8F75D8D5,8,717.68,55.25
ITEM_A86F18E0,ORD_FE38C199,PROD_BA941827,7,249.54,87.31
ITEM_BBAE3396,ORD_E3A1F642,PROD_6425438D,3,908.53,83.79
ITEM_C57B33A7,ORD_64A4BE8B,PROD_26B17524,1,46.04,19.21
ITEM_FCD85862,ORD_F8138744,PROD_09862CCF,3,740.04,27.87
ITEM_DA5B20A9,ORD_2A75EA11,PROD_BD67DC0B,4,309.95,69.98
ITEM_538A3DEB,ORD_402E1333,PROD_B8D8AE21,6,305.02,58.45
ITEM_403B170C,ORD_CA4BDD4A,PROD_7E64E098,1,26.03,69.96
ITEM_3FCA6071,ORD_DDF3B4EF,PROD_5A1C390A,2,41.32,12.72
ITEM_54DE5D32,ORD_2869C263,PROD_4AE93BCD,2,869.31,29.18
ITEM_55EACF30,ORD_C8AE146A,PROD_77FF94C9,4,204.77,63.56
ITEM_552714E4,ORD_E1473EB8,PROD_C3BCA5F3,9,167.11,80.46
ITEM_8817941E,ORD_3CDFBDE1,PROD_819851A7,3,781.9,22.05
ITEM_C404FA65,ORD_0C18BB41,PROD_641BE87C,2,214.37,96.6
ITEM_29264841,ORD_FD43A637,PROD_CCE42FDB,10,581.72,70.21
ITEM_97D9F102,ORD_2A46BB02,PROD_C8008ECC,5,493.74,71.29
ITEM_7A339394,ORD_7DCB0F49,PROD_71A2555D,5,925.56,3.62
ITEM_5F3A8871,ORD_DFA53228,PROD_352AA40F,9,844.33,40.96
ITEM_E1A9D97D,ORD_A9573468,PROD_CCE42FDB,7,131.68,73.79
ITEM_5EB4A87C,ORD_A576F90A,PROD_64AA117B,4,977.96,14.59
ITEM_E042AB02,ORD_AC695525,PROD_DF61D4BC,3,245.72,62.45
ITEM_62CFBEFC,ORD_BB204870,PROD_8BD479BE,1,128.78,79.28
ITEM_7050A9DB,ORD_E3AA4A41,PROD_63AF3FD2,1,850.37,64.55
ITEM_75100FE9,ORD_590B6716,PROD_0DFB636E,10,704.86,21.45
ITEM_A5E36C1A,ORD_973A395A,PROD_42160890,3,338.37,29.86
ITEM_5575C5E9,ORD_E4607679,PROD_09862CCF,4,418.22,21.56
ITEM_8FE933CA,ORD_2B783FF3,PROD_81F41066,4,613.93,70.61
ITEM_7C61F8AC,ORD_1A20B548,PROD_2395ABBD,10,757.47,80.51
ITEM_FDE8A8A6,ORD_34F78158,PROD_5DE8F93B,1,390.88,59.62
ITEM_1B0AD87F,ORD_50F73C93,PROD_FF52C6CD,1,489.31,41.49
ITEM_6C8BA2D5,ORD_3AA9ABE8,PROD_25CC4B61,1,398.69,17.7
ITEM_69340E8E,ORD_1D89E572,PROD_4919EDB1,8,108.91,75.79
ITEM_CD888636,ORD_1D45D28E,PROD_8922F2C0,3,14.01,36.35
ITEM_656A8422,ORD_5C0E313E,PROD_5B28F3D1,5,333.07,36.76
ITEM_0AB5EBEF,ORD_F261035E,PROD_09F427D3,5,940.38,90.42
ITEM_298E173E,ORD_97E2FCE3,PROD_99DBD9B0,1,65.51,99.04
ITEM_D5FFF6AA,ORD_3AF42F24,PROD_5F5B5AB3,8,257.22,64.65
ITEM_00AE5220,ORD_B230D7DF,PROD_A7DF2977,1,113.98,40.75
ITEM_81F687D0,ORD_F1615071,PROD_800112F9,7,57.32,60.97
ITEM_C1DE3FF0,ORD_FF367430,PROD_B083B49A,9,835.48,3.09
ITEM_E814F605,ORD_C21C94F9,PROD_A1EA1636,5,959.32,86.47
ITEM_C7432678,ORD_9621CFED,PROD_3341B4D8,2,453.57,63.28
ITEM_9ED4DA27,ORD_D2CF3670,PROD_53C13013,8,389.36,14.38
ITEM_8E570DFC,ORD_2601C675,PROD_DCA59AB9,5,61.76,50.18
ITEM_DDAC772E,ORD_99577DD7,PROD_E11B29EB,2,558.19,15.52
ITEM_81F7BCF4,ORD_0BEECE93,PROD_0260B3FC,-6,28.64,19.4
ITEM_C8D5DD69,ORD_2EBB0685,PROD_31B9986D,8,811.36,94.73
ITEM_AE5E5AB4,ORD_7738E505,PROD_3F54DC57,4,239.6,9.7
ITEM_8157F330,ORD_8356639E,PROD_90775A57,3,414.4,27.47
ITEM_C625B88A,ORD_FA3FDFB8,PROD_2469BB89,5,177.34,98.87
ITEM_B8A3983D,ORD_407258D6,PROD_B2C7168D,8,331.9,16.08
ITEM_1CBF39AF,ORD_86FA6D65,PROD_7EFF81CD,1,477.93,43.9
ITEM_2C0A5442,ORD_BC1CBE51,PROD_FEF9F26F,4,297.39,92.96
ITEM_B212E23D,ORD_BACD3235,PROD_DA3FB4A0,3,926.54,56.82
ITEM_201A7292,ORD_D4F41442,PROD_41289F6F,1,897.92,77.5
ITEM_A6B9106C,ORD_81ABD008,PROD_EA9A5B69,5,458.23,19.01
ITEM_7DE4F13B,ORD_A46BE2B0,PROD_CB3DFB30,10,84.19,62.33
ITEM_CA07C5F8,ORD_5AE2BF11,PROD_EF1E90E8,7,962.7,34.57
ITEM_0554656A,ORD_966F2E40,PROD_CDA38F06,5,490.69,55.4
ITEM_37330427,ORD_4A4224A8,PROD_8922F2C0,1,125.67,92.49
ITEM_08BD67EB,ORD_5D9B3360,PROD_BABE193C,6,994.0,42.12
ITEM_0AFA6D7A,ORD_A0A05F83,PROD_70BE0105,6,650.66,77.46
ITEM_D343C8D5,ORD_EB866A2D,PROD_6E13B1C5,3,872.83,42.51
ITEM_1D67B426,ORD_84999017,PROD_ADD17A0F,10,237.11,20.99
ITEM_F72F98B1,ORD_127DA4AF,PROD_ED972053,10,535.01,70.29
ITEM_0DEF96DC,ORD_24676ACA,PROD_3437F4E2,3,755.36,47.55
ITEM_40D38637,ORD_88667722,PROD_419E71A0,6,194.92,31.56
ITEM_4FB5761B,ORD_6DBE1E33,PROD_AF8C074C,6,511.46,95.44
ITEM_7BA0F7ED,ORD_9FBF2DAD,PROD_ADD17A0F,3,164.12,26.21
ITEM_B6B0E9B4,ORD_3B65F444,PROD_1DF77795,7,626.69,64.08
ITEM_37408B4B,ORD_81D568EF,PROD_A08E3CCB,6,649.46,7.94
ITEM_36F81886,ORD_26A9DC4B,PROD_B1EE175A,4,22.65,98.71
ITEM_C6CAEA5E,ORD_F02BC5AD,PROD_73AFF189,5,152.86,10.22
ITEM_E20E5387,ORD_27A62278,PROD_2DD2E57A,4,670.28,80.41
ITEM_4F32BB3E,ORD_1AA5DBB7,PROD_D50ECB81,10,604.59,4.52
ITEM_AE49A5AB,ORD_40613F61,PROD_44EA40E8,5,584.04,63.43
ITEM_A1EB7A92,ORD_DBF49317,PROD_3F0C7830,5,941.35,85.57
ITEM_A4C023BF,ORD_1B0BD9FC,PROD_6F3C97D8,5,56.72,76.1
ITEM_6F1EC405,ORD_C60B5224,PROD_5E26683F,9,319.71,52.09
ITEM_191F107B,ORD_0926D318,PROD_2A5551AC,9,291.61,57.15
ITEM_90459C69,ORD_2E48180F,PROD_966F2840,4,533.49,15.91
ITEM_82214FA4,ORD_D52392FF,PROD_4330ECFB,4,478.4,36.2
ITEM_A8820CA5,ORD_5AFC5CE7,PROD_4ADBBD81,3,815.87,63.35
ITEM_4FEB6231,ORD_966F2E40,PROD_F46A5367,9,645.22,5.16
ITEM_F404D69B,ORD_70410752,PROD_7B8F2D4D,9,860.48,86.07
ITEM_B9C910C2,ORD_9FBF2DAD,PROD_3EA81F09,4,386.26,60.98
ITEM_7F7EB30E,ORD_04C21A3A,PROD_8E03CD78,8,271.57,85.55
ITEM_E8E5CCBA,ORD_D6C1ABDC,PROD_5B28F3D1,2,267.59,94.34
ITEM_AE88DD60,ORD_475B545C,PROD_4ED95DC9,-1,447.5,90.13
ITEM_68CA08D6,ORD_83DC2C72,PROD_A577BEAB,1,559.4,66.37
ITEM_E7C33D48,ORD_9CF1E4BD,PROD_F46A5367,3,298.22,8.94
ITEM_1402327A,ORD_34F78158,PROD_5F5B5AB3,9,888.57,70.45
ITEM_25EFB2D0,ORD_51964A4D,PROD_1F8CD2C2,9,784.47,2.85
ITEM_EF096AD9,ORD_D5826B20,PROD_D902B4C8,10,486.54,80.09
ITEM_96BBE21F,ORD_6E979599,PROD_7BB75F03,1,704.01,11.29
ITEM_81D41F0C,ORD_16308D3F,PROD_53ECB055,6,85.56,62.94
ITEM_8EAF7D29,ORD_25BA0E48,PROD_D143592E,5,98.65,93.9
ITEM_B11712C3,ORD_CC4CEE4A,PROD_E0EED6AC,3,781.47,93.0
ITEM_A52C87B7,ORD_B3806108,PROD_A77A1CC2,3,948.77,72.34
ITEM_BE639994,ORD_82D8BB6F,PROD_502E6868,4,860.13,14.98
ITEM_5E80A33F,ORD_38444CB9,PROD_F3E1B1D7,2,707.32,10.55
ITEM_EC1ED592,ORD_F4990F0A,PROD_EF1E90E8,7,906.22,98.45
ITEM_1F7D4CED,ORD_C46F96DF,PROD_6A376C35,6,751.32,77.81
ITEM_5F864922,ORD_4239D6E1,PROD_56D44948,3,358.3,93.03
ITEM_A74B9948,ORD_C76B0EEC,PROD_85EE70C4,9,611.41,69.06
ITEM_6F62B38A,ORD_0B439517,PROD_9379C793,3,630.04,27.67
ITEM_D18D87C3,ORD_BD75F5BC,PROD_BABE193C,2,975.31,87.87
ITEM_81EE1B6A,ORD_B2F6C3AE,PROD_C5B68ABC,10,426.65,98.1
ITEM_8A638580,ORD_87C87B76,PROD_0264C968,10,229.24,6.02
ITEM_9B0A5336,ORD_D0CC45B4,PROD_C76DE9B8,7,767.76,20.55
ITEM_BFC19124,ORD_37B1DAEA,PROD_EBE833B4,1,551.25,78.65
ITEM_9A2323FA,ORD_12ABBC91,PROD_C59B9490,-8,156.5,58.56
ITEM_B089C08A,ORD_66C7D586,PROD_B6945E69,1,572.54,40.48
ITEM_AFCD29AE,ORD_61BA50DC,PROD_B8F9633E,10,120.52,57.56
ITEM_37EFCA4F,ORD_344D752A,PROD_5D60C409,1,935.74,79.5
ITEM_A08CC516,ORD_39172A8A,PROD_65729DA1,3,157.55,22.63
ITEM_814900B4,ORD_4239D6E1,PROD_D13C2258,9,58.85,22.53
ITEM_D749A290,ORD_51964A4D,PROD_56D44948,9,790.45,94.75
ITEM_C1C4094F,ORD_34A5F057,PROD_028F0580,6,31.3,51.22
ITEM_4BE8A5C5,ORD_EA96B564,PROD_D3EA66E9,1,720.72,0.66
ITEM_6A0008A8,ORD_4455739C,PROD_4DE71A6D,8,930.76,48.02
ITEM_BF51A9A7,ORD_FCBBE098,PROD_910C90C7,2,614.84,33.69
ITEM_3F4E792E,ORD_4DE27EBD,PROD_6DAD2308,8,792.23,36.83
ITEM_A9EF6CE0,ORD_D80EFC0E,PROD_DCA59AB9,-5,246.44,40.81
ITEM_E58632A6,ORD_AEA3087A,PROD_94D8C401,-9,72.9,80.59
ITEM_1A872EB7,ORD_123D4914,PROD_662FE004,2,775.76,45.88
ITEM_6E146235,ORD_0161CFAC,PROD_810D360D,10,747.6,83.32
ITEM_F5B67F5F,ORD_402E1333,PROD_B73BBC87,8,718.84,44.52
ITEM_BEAFCA53,ORD_CBEE35AA,PROD_4DE71A6D,4,377.43,66.61
ITEM_6A73EDC1,ORD_7A7D9AF2,PROD_30E741D2,5,608.54,7.26
ITEM_7B1FFE77,ORD_C0257D53,PROD_A2F626A6,9,89.87,79.79
ITEM_4783E702,ORD_FEDEC913,PROD_307E7A10,9,792.23,5.66
ITEM_16548208,ORD_A0A05F83,PROD_B6232DFF,5,662.7,72.01
ITEM_8C846A1A,ORD_76F6F8B3,PROD_79D2A1C5,1,315.07,81.63
ITEM_BC617609,ORD_46C7FB57,PROD_AF8C074C,5,326.5,55.69
ITEM_184A05EA,ORD_C4D322C7,PROD_3AC9F6F8,10,181.21,44.65
ITEM_F3F561D8,ORD_2AFB8BE0,PROD_04E6B7BD,6,871.54,95.08
ITEM_2F43BB7F,ORD_46DD6486,PROD_B4621B7C,4,964.03,64.92
ITEM_FF91AD6F,ORD_AB8A5C2E,PROD_145FB06E,-10,18.49,5.25
ITEM_32E49924,ORD_27BABB84,PROD_BD391552,3,274.45,31.25
ITEM_17A4BA2C,ORD_6BC6473C,PROD_65729DA1,1,950.92,49.43
ITEM_0EABE937,ORD_64C3F147,PROD_02B82593,9,558.93,19.97
ITEM_8B39899A,ORD_4727FCD0,PROD_85BEB072,5,497.99,72.19
ITEM_570C0C5B,ORD_5C759909,PROD_B8096350,7,535.44,40.05
ITEM_408F063A,ORD_B92D43EA,PROD_A3CC8F9E,9,341.3,23.63
ITEM_44C33A2E,ORD_0EFAAA9E,PROD_9E0151CA,8,339.22,51.14
ITEM_86D240CD,ORD_8109A9B2,PROD_EE093081,5,900.25,11.31
ITEM_87DBD857,ORD_8190761F,PROD_54E040EA,9,278.58,50.96
ITEM_B124F57F,ORD_C4CEA668,PROD_A3B0A16A,6,99.67,13.73
ITEM_96E18EE5,ORD_48051218,PROD_E6E1DBA7,5,657.55,7.84
ITEM_502BCB42,ORD_408B3C78,PROD_CA5BEE77,4,456.31,76.84
ITEM_9E282664,ORD_2CAED911,PROD_02B82593,3,149.92,82.4
ITEM_F70EAA64,ORD_1A20B548,PROD_32761E2D,8,398.32,16.97
ITEM_4BDCB3D4,ORD_EA211F8A,PROD_028F0580,9,351.99,95.49
ITEM_38AA5FBE,ORD_613B73AC,PROD_412F26F7,3,21.23,54.13
ITEM_980C4026,ORD_8D739757,PROD_3341B4D8,2,405.14,59.15
ITEM_835C4D70,ORD_05CD2C01,PROD_DE8689AD,6,988.28,99.25
ITEM_B4733D57,ORD_C954EF49,PROD_BD67DC0B,8,582.39,75.42
ITEM_8AE3A94F,ORD_7F131E15,PROD_00A480A5,9,444.92,77.99
ITEM_0A43F65E,ORD_370F66C9,PROD_A0187241,4,993.51,77.0
ITEM_D1CB3615,ORD_E4BFA7A7,PROD_7DF382C7,1,812.88,43.83
ITEM_6E0412BA,ORD_5939598D,PROD_F10313C9,5,128.08,1.33
ITEM_EC7F2461,ORD_8290AC2C,PROD_7DFA013E,7,602.16,12.85
ITEM_F6162B60,ORD_ACCB92BD,PROD_FE9B227F,5,799.76,13.44
ITEM_6265ED93,ORD_24D5429B,PROD_FEF9F26F,10,803.89,16.92
ITEM_38605770,ORD_B1E4DA2C,PROD_C5B68ABC,8,752.41,28.79
ITEM_D354CCD4,ORD_84A78AB4,PROD_5F25611E,5,901.9,55.87
ITEM_C2D323AE,ORD_85A43CD8,PROD_F3E1B1D7,7,508.03,50.89
ITEM_DA5228F1,ORD_85B9A87E,PROD_31B9986D,8,55.11,73.93
ITEM_80245317,ORD_8109A9B2,PROD_1A3496AE,2,168.9,15.7
ITEM_363E5C90,ORD_1915B76C,PROD_FC1D5B6F,5,218.73,50.71
ITEM_26E1F982,ORD_F2CB38A7,PROD_CBA08635,7,329.71,97.15
ITEM_C5E5BD07,ORD_F9BF08B6,PROD_EF13F86E,6,722.67,17.53
ITEM_022C3522,ORD_3079F90F,PROD_B083B49A,6,221.17,6.81
ITEM_2FE0AA20,ORD_79561FF7,PROD_5F5B5AB3,9,660.14,12.27
ITEM_877C73E5,ORD_5E7CCFE0,PROD_CDA38F06,7,29.81,62.92
ITEM_81A4668A,ORD_0943A32C,PROD_5B28F3D1,8,67.95,34.4
ITEM_8F0A052C,ORD_E690CFD8,PROD_EE423D5B,10,189.08,23.46
ITEM_AF53145D,ORD_D4F7BD6D,PROD_EF13F86E,2,473.14,68.38
ITEM_F6F6AD8A,ORD_2CAD085F,PROD_BD313EFE,1,298.85,12.31
ITEM_E94E5AFC,ORD_5C6F906B,PROD_659C100C,7,538.27,99.91
ITEM_A9ECA600,ORD_FB95FDCF,PROD_58EB7C60,1,892.61,82.47
ITEM_92648CA5,ORD_A5CC1A77,PROD_E76A8852,1,18.81,74.79
ITEM_8EF02015,ORD_4C870C77,PROD_13DD0411,1,409.46,69.44
ITEM_C73E0C23,ORD_FCC6FC5F,PROD_A08E3CCB,9,361.25,97.56
ITEM_707D7811,ORD_E63B2B68,PROD_3987DBF1,8,391.1,47.78
ITEM_3B23F16D,ORD_64A4BE8B,PROD_66444CDD,3,128.09,24.45
ITEM_3698BCA6,ORD_85AA7DA4,PROD_0D950DDD,4,680.37,99.69
ITEM_1D78BA57,ORD_BDE71C21,PROD_86BC9AC2,3,795.31,93.42
ITEM_80E123BF,ORD_E4353184,PROD_819851A7,5,706.65,53.39
ITEM_59CC2B95,ORD_81D568EF,PROD_8072218E,2,465.2,34.6
ITEM_8F065E2E,ORD_A41002B0,PROD_44EA40E8,5,624.0,97.61
ITEM_349110EF,ORD_7DCB0F49,PROD_3212DE70,4,628.32,38.97
ITEM_93A70CF0,ORD_95E2B02E,PROD_FC1D5B6F,2,435.09,99.85
ITEM_35763F51,ORD_E690CFD8,PROD_568C378B,8,177.94,31.32
ITEM_A6E3B7A7,ORD_1BB170AA,PROD_88AC6C96,3,476.32,83.11
ITEM_8B645FB0,ORD_4E0AADAC,PROD_837CF985,4,261.6,86.0
ITEM_4FDB8BD2,ORD_A149F394,PROD_A6ADA586,7,697.52,6.46
ITEM_CFCA77BB,ORD_2FACA51A,PROD_1CEC3A76,4,996.59,55.9
ITEM_6E17C3F2,ORD_FFF3CE57,PROD_6A203E72,8,883.83,10.16
ITEM_8EACDD6B,ORD_389C0DBE,PROD_BABDE39F,5,73.52,22.8
ITEM_76442684,ORD_70712CE5,PROD_8F75D8D5,6,361.5,55.63
ITEM_DC7801CA,ORD_3EEAC326,PROD_8D828B38,9,622.44,3.37
ITEM_8BE80F05,ORD_752EA660,PROD_A3DA82AF,4,972.05,94.51
ITEM_FF2B8C0C,ORD_011EF398,PROD_17B6F669,2,269.76,43.23
ITEM_239B0DF9,ORD_966F2E40,PROD_A1552CFC,-5,313.96,83.43
ITEM_9BC39D0B,ORD_2D0CCC5D,PROD_0D950DDD,8,720.65,93.73
ITEM_A2A4F2EA,ORD_6CC657B2,PROD_1A0DEE00,9,457.32,41.51
ITEM_CCAFE3C5,ORD_D9E2BA4B,PROD_EBE833B4,-3,661.3,54.84
ITEM_E11C60C8,ORD_C46F96DF,PROD_08C779C1,8,631.57,21.76
ITEM_C44535CC,ORD_E3D1EB35,PROD_04CEB81A,3,691.81,48.14
ITEM_59EBD55B,ORD_017D8213,PROD_C1BB4691,6,588.85,11.75
ITEM_6E2291E3,ORD_5C2B8992,PROD_E3880D2B,5,655.66,55.4
ITEM_A4C692E9,ORD_70E36D7E,PROD_F656A06C,4,167.42,33.26
ITEM_5560738C,ORD_06BA7405,PROD_32985588,7,205.88,62.26
ITEM_4B11D77D,ORD_C76B0EEC,PROD_99DBD9B0,10,198.97,22.84
ITEM_21DBB017,ORD_6E31CE43,PROD_6ABF1977,3,332.03,50.79
ITEM_4891CBDE,ORD_F36D8B19,PROD_E3880D2B,5,993.43,74.19
ITEM_5092EADB,ORD_408B3C78,PROD_FF52C6CD,1,790.31,46.69
ITEM_755B20BB,ORD_39172A8A,PROD_198D511C,7,808.3,55.53
ITEM_BB18758E,ORD_99780662,PROD_55F45045,9,152.24,94.53
ITEM_2E73A577,ORD_F8366B6B,PROD_13DD0411,1,704.73,63.35
ITEM_367B146A,ORD_AD1E618B,PROD_BA941827,7,609.14,34.94
ITEM_5F47AF52,ORD_018BDCDF,PROD_ED972053,2,984.19,71.31
ITEM_DC8BEF08,ORD_B230D7DF,PROD_F00320E7,10,192.38,34.59
ITEM_DCB4A38F,ORD_26275114,PROD_A843D5EA,2,190.2,0.52
ITEM_BA3CDBC5,ORD_A3B70323,PROD_D34881BD,10,306.06,7.1
ITEM_C44A59C1,ORD_AD1E618B,PROD_437B8629,9,910.37,31.1
ITEM_5923C770,ORD_826532FB,PROD_D92B2E77,6,976.34,57.75
ITEM_B3BD23ED,ORD_9D853B6E,PROD_1DEF64E8,7,635.98,74.91
ITEM_140F8A38,ORD_E142A95E,PROD_63AF3FD2,10,669.65,57.07
ITEM_B340B17E,ORD_6C84C8E4,PROD_BC9E051E,3,862.29,10.04
ITEM_210ED694,ORD_60A8B0C4,PROD_B8F9633E,-7,793.85,69.72
ITEM_7CAB269A,ORD_5F30F68A,PROD_E5CAA302,1,568.47,63.65
ITEM_598B9857,ORD_DCF1BC30,PROD_7AA8ADF5,1,689.0,23.31
ITEM_047934D5,ORD_D74148B6,PROD_145FB06E,5,87.83,36.28
ITEM_3604EAAE,ORD_87E05F23,PROD_53C13013,10,29.45,60.08
ITEM_4BC5B9C7,ORD_498709B6,PROD_C3BCA5F3,3,778.01,7.61
ITEM_2FEFC2BD,ORD_41DE7071,PROD_CFA8532E,4,523.41,57.21
ITEM_9AAF99A8,ORD_7B4E72FB,PROD_6F3C97D8,5,167.66,34.42
ITEM_C2E641D9,ORD_19EA5967,PROD_B304BE85,8,860.9,48.61
ITEM_9A431EF8,ORD_7B69C585,PROD_42160890,5,998.23,89.38
ITEM_24567D94,ORD_5C4B51BB,PROD_A3B0A16A,5,404.31,13.49
ITEM_83746299,ORD_8005114C,PROD_4ADBBD81,7,822.14,55.04
ITEM_16FF33E7,ORD_9C462185,PROD_CC0BAB29,1,949.99,79.76
ITEM_1A03244A,ORD_7A748962,PROD_A3CC8F9E,7,83.88,95.24
ITEM_C6500C81,ORD_98DA94CD,PROD_CC0BAB29,5,946.03,89.79
ITEM_CDDEA037,ORD_483962BA,PROD_B9F3327E,3,46.54,59.83
ITEM_326B8594,ORD_2B1310F3,PROD_E2D29A8E,4,973.82,95.61
ITEM_ABF598E7,ORD_1D83C0A1,PROD_D76B3C79,6,764.38,92.5
ITEM_53482A4D,ORD_BE1535F5,PROD_B8B14C3C,5,163.07,60.6
ITEM_7964E62E,ORD_A46BE2B0,PROD_DF2ACC05,4,924.04,95.11
ITEM_8B43FBE2,ORD_5ADD188E,PROD_015396EE,-4,441.67,41.22
ITEM_E15DBF80,ORD_457B2A8B,PROD_E6E1DBA7,3,693.59,3.83
ITEM_B390C4CA,ORD_2AB0DA89,PROD_B4621B7C,5,959.4,0.54
ITEM_40B40C32,ORD_46DD6486,PROD_698C9FA8,10,851.18,21.49
ITEM_AE1478F1,ORD_25BA0E48,PROD_EB3A37BB,4,61.45,51.41
ITEM_63C5589D,ORD_EE6F1263,PROD_1C4062E1,3,195.94,32.49
ITEM_DBAB6851,ORD_084C4922,PROD_2F8F8A54,1,678.97,89.05
ITEM_5F788C18,ORD_192DAC37,PROD_B51D2F2F,6,867.73,22.28
ITEM_6DB2BEC3,ORD_C7133083,PROD_31B9986D,6,731.81,17.76
ITEM_6AFD410D,ORD_0317C13B,PROD_B1EE175A,4,530.36,20.6
ITEM_15041F36,ORD_F2DED74A,PROD_B6722C88,-6,802.56,3.24
ITEM_3F11DC3A,ORD_19DAB0F5,PROD_3DAFA5B0,1,473.68,65.14
ITEM_052FAACE,ORD_495D4358,PROD_F10313C9,7,87.3,25.57
ITEM_36E30326,ORD_613B73AC,PROD_437B8629,1,634.39,62.58
ITEM_90B85498,ORD_63377EFD,PROD_D555AD09,2,651.3,66.69
ITEM_B3365A74,ORD_CA4BDD4A,PROD_25CC4B61,10,708.48,7.3
ITEM_6860609A,ORD_408B3C78,PROD_988C6734,3,282.77,99.59
ITEM_49166E85,ORD_554FB816,PROD_26C30295,8,863.39,59.11
ITEM_8068CB47,ORD_5EAF8178,PROD_352F6438,5,332.95,96.34
ITEM_740F7B05,ORD_44BDC5E1,PROD_3AC9F6F8,10,486.39,81.22
ITEM_1D137BBF,ORD_E85C51D9,PROD_290629EE,10,775.33,23.99
ITEM_0F19C3A9,ORD_1D83C0A1,PROD_2469BB89,3,91.29,97.4
ITEM_83E89BBE,ORD_DDCFB506,PROD_3A804B34,3,982.64,94.25
ITEM_5290A084,ORD_6C84C8E4,PROD_FD11B10B,9,58.58,28.17
ITEM_7A44D14E,ORD_5C1C06E2,PROD_A3CC8F9E,3,362.65,93.92
ITEM_BC3F485D,ORD_DFA53228,PROD_EE4B74C8,1,369.11,8.99
ITEM_3A0E75A9,ORD_526D3685,PROD_C7A14B2D,9,82.36,80.23
ITEM_60F4BBFE,ORD_5C759909,PROD_6A79B8CF,8,954.53,21.1
ITEM_9DFAB4A9,ORD_BFD4F2E0,PROD_FC1D5B6F,4,903.69,50.0
ITEM_E26836F5,ORD_12B81B39,PROD_352F6438,7,184.86,31.74
ITEM_637EA274,ORD_475B545C,PROD_B4B79BC0,9,166.76,48.35
ITEM_FAD965A3,ORD_8570D571,PROD_5DE8F93B,8,975.06,47.29
ITEM_23C04960,ORD_C6D79E7A,PROD_C1B88E8E,5,141.11,28.07
ITEM_8C544175,ORD_C4CEA668,PROD_EF1E90E8,5,989.05,93.82
ITEM_E4BC1A0E,ORD_638D43A4,PROD_A2F626A6,10,231.55,78.95
ITEM_2B7C2DD3,ORD_D329AA0E,PROD_85EE70C4,1,192.33,26.45
ITEM_32F1C6E9,ORD_0FA28F3B,PROD_B8A9BE75,3,192.34,68.59
ITEM_0CDC8083,ORD_221B5176,PROD_63768836,7,468.36,69.19
ITEM_1A4F2D51,ORD_8FB82BBF,PROD_EE093081,8,323.05,7.98
ITEM_2ABE85DB,ORD_6C84C8E4,PROD_6494FA22,3,333.14,21.81
ITEM_87AD21F5,ORD_A0D35C24,PROD_0B2B820F,7,927.16,93.61
ITEM_F4AFE2A1,ORD_2A48FDE9,PROD_BC9E051E,3,181.48,17.17
ITEM_CB54681C,ORD_13AE8BD2,PROD_5D60C409,9,596.36,48.5
ITEM_C7099C4B,ORD_ED6E9358,PROD_4919EDB1,10,444.85,32.07
ITEM_8E95270A,ORD_D6F6AF57,PROD_A08E3CCB,4,926.99,37.32
ITEM_8682ADC6,ORD_E4BFA7A7,PROD_4CA4A512,2,205.05,82.8
ITEM_23BA99CE,ORD_E21574FE,PROD_CC88160C,8,982.3,81.61
ITEM_0864EBBB,ORD_C3F8EAC1,PROD_63AF3FD2,6,994.02,65.76
ITEM_5835D486,ORD_8D2A2C3C,PROD_342930FF,6,906.75,27.0
ITEM_546DF526,ORD_51E7D2FD,PROD_5D60C409,1,508.21,79.38
ITEM_95FFAF46,ORD_831EF147,PROD_9379C793,7,915.36,78.27
ITEM_DBB5D297,ORD_DC67EDFA,PROD_1FA2EE7B,4,886.56,31.35
ITEM_7F9E05FF,ORD_E7183415,PROD_A577BEAB,1,562.9,1.54
ITEM_349409CC,ORD_BDBDF7BA,PROD_691578E3,2,905.83,17.66
ITEM_F6024A7A,ORD_01CC7015,PROD_CCE42FDB,2,38.61,58.46
ITEM_81BB0880,ORD_0CBA31A5,PROD_C3A768EF,8,679.79,50.59
ITEM_3583776E,ORD_A79E5EFE,PROD_2BDBAD9D,6,774.43,61.49
ITEM_E7EDBE09,ORD_DDF3B4EF,PROD_5F5B5AB3,7,255.93,9.14
ITEM_BD4F4E21,ORD_94673E18,PROD_FCD96402,5,14.25,56.89
ITEM_F20AECA4,ORD_221B5176,PROD_77FF94C9,1,778.69,26.16
ITEM_155F8C17,ORD_3E2C0DE8,PROD_3FDDDE17,6,532.38,27.06
ITEM_62899B3B,ORD_2CAED911,PROD_156C8828,6,551.12,95.43
ITEM_CB6F8731,ORD_0FE50C23,PROD_26B17524,7,963.96,40.27
ITEM_09963701,ORD_FB95FDCF,PROD_E5955AC8,10,147.27,53.93
ITEM_52A5498E,ORD_9D0B2012,PROD_26B17524,5,658.8,49.18
ITEM_02FC207A,ORD_EA96B564,PROD_2A8A1B22,6,817.38,27.26
ITEM_133AD330,ORD_99780662,PROD_25CC4B61,5,278.97,80.56
ITEM_3B65C9DD,ORD_A10183DC,PROD_FF52C6CD,3,979.59,65.94
ITEM_F5D2A54A,ORD_160DF7DD,PROD_1715E202,10,781.16,30.33
ITEM_A3BB8F9F,ORD_A0CC7557,PROD_934BF174,8,663.64,85.11
ITEM_66A0417F,ORD_41DE7071,PROD_3341B4D8,10,278.08,74.61
ITEM_6D6C31EA,ORD_DDF3B4EF,PROD_09B393D4,2,403.28,45.51
ITEM_E76C0918,ORD_75F11A7F,PROD_DB3CD18E,5,724.34,7.86
ITEM_23FD3B81,ORD_DB5E1629,PROD_2B40F361,9,524.85,33.92
ITEM_827ECAE9,ORD_C21C94F9,PROD_EE423D5B,5,244.18,92.28
ITEM_6078252E,ORD_F4FE9999,PROD_FC545259,8,315.55,73.34
ITEM_81B843C5,ORD_FC8448A4,PROD_EFC02AE2,4,502.15,6.15
ITEM_54C67390,ORD_8D88F6F0,PROD_3C9B3128,7,848.55,85.97
ITEM_8E2D309D,ORD_C9F6CBB0,PROD_81F41066,3,508.47,18.25
ITEM_5550B562,ORD_35A506CE,PROD_015396EE,7,62.88,53.67
ITEM_64BABE26,ORD_571074DE,PROD_87472041,4,431.52,81.38
ITEM_0C7FD0FB,ORD_0A14DEB8,PROD_88A6D0D1,7,146.35,59.72
ITEM_45BA746B,ORD_67B8D208,PROD_F10313C9,7,994.48,58.73
ITEM_A88F11C4,ORD_C5CB3DCD,PROD_F148305F,6,314.84,15.64
ITEM_97FA474C,ORD_EA96B564,PROD_85EE70C4,9,269.0,41.95
ITEM_E427DA8C,ORD_F36D8B19,PROD_F00320E7,5,463.37,95.04
ITEM_1DA4D3FC,ORD_EB4BFAFE,PROD_35500702,6,212.5,92.76
ITEM_CC0F7ECE,ORD_BB140161,PROD_A3E636A6,10,823.53,95.98
ITEM_169EF73D,ORD_5C0E313E,PROD_BAE34CB3,1,866.16,21.17
ITEM_3AD0F128,ORD_3E133940,PROD_1B1182AD,9,618.57,55.54
ITEM_CE3BB1F1,ORD_A7CFA450,PROD_EF5C6131,2,129.44,9.82
ITEM_EFDC11AF,ORD_F6E5BB9C,PROD_E6E1DBA7,9,540.97,78.94
ITEM_6E6CC9B9,ORD_351A7ED4,PROD_301F78B1,5,149.98,11.67
ITEM_3E5C896E,ORD_DCC12043,PROD_13D417E1,5,215.03,51.0
ITEM_EE64C9D9,ORD_6E31CE43,PROD_FD11B10B,1,660.34,35.02
ITEM_CAA3A161,ORD_CC4CEE4A,PROD_BE7AE22E,7,74.21,83.88
ITEM_39D95F6F,ORD_80118D79,PROD_AF9CFF46,7,919.96,3.2
ITEM_8530F3DB,ORD_CCB5A483,PROD_C64B89EC,10,547.81,52.21
ITEM_7779C135,ORD_335A4A45,PROD_C98694A0,8,457.42,75.78
ITEM_344BF920,ORD_F24BC3BF,PROD_D3EA66E9,10,638.94,61.57
ITEM_6B3CF829,ORD_72CEA8E9,PROD_906C5D2A,6,778.28,8.36
ITEM_50267174,ORD_DCC12043,PROD_502E6868,7,723.99,16.85
ITEM_D93064CC,ORD_A8F8AB80,PROD_4CA4A512,10,773.26,15.8
ITEM_5591FAA7,ORD_9CD5A3FE,PROD_2DE4BC0D,4,534.5,63.09
ITEM_82069E60,ORD_B7A5B9C5,PROD_FC4B69FC,7,414.17,67.22
ITEM_D4BB4E2C,ORD_5AFC5CE7,PROD_A2FFD2FA,5,282.13,74.67
ITEM_781D2CC3,ORD_CCCF60FA,PROD_B8929D0A,8,687.77,6.11
ITEM_DA87D9D3,ORD_1CDF36B7,PROD_8BD479BE,2,693.53,47.33
ITEM_8AFF9264,ORD_CA4BDD4A,PROD_730AEE84,1,736.86,48.28
ITEM_386546F0,ORD_5EAF8178,PROD_A3B0A16A,2,248.36,10.58
ITEM_1A14E5F1,ORD_3CDFBDE1,PROD_6A376C35,5,243.05,3.28
ITEM_9418F977,ORD_4A766543,PROD_88A6D0D1,-3,917.46,83.5
ITEM_7E929A81,ORD_83182F17,PROD_3A804B34,6,447.13,76.7
ITEM_E96F3C01,ORD_9EB35844,PROD_662FE004,3,853.26,13.7
ITEM_7A65E80A,ORD_8BA3BC88,PROD_AF68A4CC,9,575.72,6.79
ITEM_22AD38EF,ORD_36C3B2B3,PROD_3FDDDE17,5,469.12,85.25
ITEM_3E3A3CA3,ORD_A41002B0,PROD_B5B4174A,8,82.19,9.53
ITEM_3CAC1FDA,ORD_958C9F58,PROD_66444CDD,6,311.25,29.75
ITEM_86DD3C8D,ORD_A6C3FA04,PROD_3ED8A65B,1,948.65,81.74
ITEM_FB482FCE,ORD_EE6F1263,PROD_641BE87C,6,986.68,78.76
ITEM_48EEDAF4,ORD_C2E3942E,PROD_E2D29A8E,10,398.33,41.7
ITEM_8AD74FEE,ORD_D002295B,PROD_EBE833B4,3,846.09,1.11
ITEM_64209903,ORD_DF49EA1A,PROD_B304BE85,4,33.58,22.24
ITEM_5337A52B,ORD_C7E3E069,PROD_57FFD963,5,886.4,27.62
ITEM_904EFD95,ORD_83DC2C72,PROD_F40DD521,7,406.26,28.58
ITEM_1A2F3457,ORD_1B478293,PROD_71CC9C79,8,366.6,13.45
ITEM_26CB83BB,ORD_AFFAC24D,PROD_8072218E,2,267.86,26.0
ITEM_859A9FFF,ORD_9621CFED,PROD_ECF5B291,3,737.31,52.16
ITEM_25F885D2,ORD_28520B86,PROD_837CF985,4,263.46,4.53
ITEM_E86E8390,ORD_99577DD7,PROD_85BD09E4,4,834.59,54.37
ITEM_A79D3E63,ORD_C5987012,PROD_E8B91FE8,7,231.35,46.24
ITEM_B4BE6057,ORD_26A9DC4B,PROD_63768836,7,995.6,66.1
ITEM_033B6A3A,ORD_FB582761,PROD_698C9FA8,3,955.4,32.63
ITEM_1870E731,ORD_560DBC4D,PROD_C3A768EF,3,994.49,30.89
ITEM_E1B21C28,ORD_CF8146D5,PROD_73AFF189,4,416.98,7.33
ITEM_D8BB0F85,ORD_A16CE0FE,PROD_7BB75F03,2,106.07,29.7
ITEM_76B8BB39,ORD_D5826B20,PROD_C3EF376E,7,211.7,39.56
ITEM_2E12A127,ORD_A149F394,PROD_C1B88E8E,1,905.1,26.79
ITEM_00A5AFA3,ORD_1F29FA6F,PROD_49DD2249,4,108.12,95.35
ITEM_C5F52BE9,ORD_624ACF79,PROD_C3A768EF,7,764.68,56.31
ITEM_CA5CF9E6,ORD_FC61E8EB,PROD_0264C968,8,258.06,44.28
ITEM_750F9BD9,ORD_503C13AE,PROD_BE0A2C85,7,926.25,93.17
ITEM_3346FAE5,ORD_4B134E9E,PROD_A4ADFD34,7,558.01,39.59
ITEM_212FDD57,ORD_2D6E65A2,PROD_010DBD9A,3,772.92,36.38
ITEM_73C39A52,ORD_A16CE0FE,PROD_44BC4CE6,-6,792.19,29.75
ITEM_1522DA6F,ORD_C4CEA668,PROD_3F54DC57,6,967.4,54.1
ITEM_C4849B71,ORD_A149F394,PROD_358A3C3A,1,750.49,37.61
ITEM_EA015301,ORD_D96DB269,PROD_A0187241,3,248.03,10.11
ITEM_D1AD23E1,ORD_1915B76C,PROD_52DC4C5B,6,517.53,9.77
ITEM_CE0499D3,ORD_041F9F12,PROD_BABE193C,1,573.9,69.65
ITEM_7A09CBDB,ORD_08E932F8,PROD_2282D652,9,855.69,61.17
ITEM_234119A9,ORD_E5A6FF19,PROD_88AC6C96,5,452.68,84.91
ITEM_6C4CC46B,ORD_E85C51D9,PROD_5E26683F,6,401.61,13.17
ITEM_F97F341B,ORD_3AF42F24,PROD_2F88D3F5,7,670.08,25.01
ITEM_EE7CEAAE,ORD_C3AD0CB1,PROD_ED972053,10,112.06,49.93
ITEM_3CAC2F77,ORD_F9D68342,PROD_3341B4D8,8,630.7,13.0
ITEM_2F92E659,ORD_DCC12043,PROD_FE64C9CB,6,645.94,16.42
ITEM_7AA56747,ORD_5ADD188E,PROD_A4194822,4,788.51,94.23
ITEM_2E211F28,ORD_554FB816,PROD_7B8F2D4D,3,75.84,60.16
ITEM_B8CC19F3,ORD_EA93D9DC,PROD_2DE4BC0D,3,299.23,98.13
ITEM_BA0C6040,ORD_03EFDD1D,PROD_08C779C1,-3,756.07,66.32
ITEM_329CD616,ORD_87C87B76,PROD_2469BB89,9,268.63,9.81
ITEM_3D0A921B,ORD_86FA6D65,PROD_743558A8,5,60.46,38.0
ITEM_96A800E8,ORD_3D373034,PROD_2A251ECE,5,350.83,46.11
ITEM_347B058E,ORD_C3BD4022,PROD_E2D29A8E,5,692.53,94.71
ITEM_E12AB409,ORD_9F68D94B,PROD_5A1C390A,8,476.02,9.97
ITEM_7772B9FD,ORD_D3A6EDE3,PROD_4A85A92D,7,14.39,37.59
ITEM_0CA050DB,ORD_B6E6F5C0,PROD_2FA76A08,4,57.4,55.37
ITEM_9E0861AC,ORD_A9573468,PROD_29D6B0E1,6,882.06,61.34
ITEM_F3A21F12,ORD_C6D79E7A,PROD_EDCDF451,1,665.59,24.56
ITEM_87B15E0E,ORD_3DADD924,PROD_A6ADA586,5,281.44,48.31
ITEM_1FF7E092,ORD_BDE71C21,PROD_D0064CBB,8,618.7,71.44
ITEM_FF76FD1A,ORD_9D4A98DA,PROD_A7DF2977,6,99.52,76.72
ITEM_21A1F6E7,ORD_06BCDE39,PROD_342930FF,9,995.2,92.55
ITEM_AD8C57A4,ORD_6A9EAEA5,PROD_53A3F624,10,362.94,59.73
ITEM_8630821E,ORD_09743F85,PROD_94AC2DFB,3,294.82,82.01
ITEM_0D6AD9F8,ORD_0B439517,PROD_B6232DFF,9,200.16,85.12
ITEM_31CF08D2,ORD_46592EC1,PROD_CC88160C,2,275.02,29.98
ITEM_4CC965AD,ORD_4327509D,PROD_0682BF00,8,470.69,17.09
ITEM_2701C255,ORD_EA33353F,PROD_B47DD889,6,297.67,30.26
ITEM_1C91F2F7,ORD_F6E5BB9C,PROD_743558A8,6,373.59,54.87
ITEM_1E70012C,ORD_8935C84B,PROD_B73BBC87,8,68.18,47.57
ITEM_C4107FBA,ORD_8B8B6B12,PROD_7E993215,8,610.69,82.65
ITEM_0B874AB3,ORD_CB4F03DF,PROD_63768836,5,418.19,59.88
ITEM_F56C438D,ORD_C466EAA6,PROD_CA5BEE77,4,212.4,80.39
ITEM_8FDB0113,ORD_2FAAF067,PROD_D13C2258,4,99.75,78.13
ITEM_9729D327,ORD_C8772A1C,PROD_3F54DC57,9,968.04,39.34
ITEM_AD4694BD,ORD_9684CF8A,PROD_53C13013,2,965.53,66.22
ITEM_4416E4BF,ORD_389C0DBE,PROD_43629DC8,8,185.25,0.09
ITEM_D1274086,ORD_ECCA6AC4,PROD_2DE4BC0D,7,374.8,98.49
ITEM_F177E737,ORD_A3D6087D,PROD_EE093081,7,776.71,39.7
ITEM_626BF469,ORD_4D57BA35,PROD_A29EA3AC,2,725.98,1.85
ITEM_FDC87F94,ORD_475B545C,PROD_B6232DFF,6,750.85,24.97
ITEM_0C1F6886,ORD_A0A05F83,PROD_66444CDD,1,146.47,76.01
ITEM_0C18A773,ORD_0EB488F9,PROD_1B077FC6,7,552.12,73.99
ITEM_149BFE14,ORD_A2F360A0,PROD_27FDF628,4,546.79,72.24
ITEM_C0746D25,ORD_606D06B4,PROD_DAABADAA,9,113.8,48.3
ITEM_A6FAB0E0,ORD_D4DC5872,PROD_09F427D3,1,338.47,39.21
ITEM_94377A15,ORD_F24BC3BF,PROD_264BB594,3,470.49,12.89
ITEM_5FBA5B2E,ORD_5A42BCA4,PROD_35500702,9,99.63,87.04
ITEM_A2C410B3,ORD_554FB816,PROD_EE093081,7,148.07,65.51
ITEM_7D702398,ORD_E4353184,PROD_03C9487B,4,170.99,16.82
ITEM_5C947CF5,ORD_1FFB2A1A,PROD_453FC3FD,5,299.85,22.31
ITEM_8C303F5F,ORD_BA9AF74F,PROD_B2E59FF2,-10,814.0,55.26
ITEM_2086F59B,ORD_EB4BFAFE,PROD_F40DD521,1,714.45,8.31
ITEM_BB810B4F,ORD_BB140161,PROD_02B82593,6,395.15,17.11
ITEM_DA639628,ORD_4A807875,PROD_DF61D4BC,6,354.85,93.59
ITEM_301CF15B,ORD_2A932B6F,PROD_DCA59AB9,9,84.05,61.45
ITEM_EE9A380D,ORD_D96DB269,PROD_ED972053,6,677.23,29.41
ITEM_F1A010FE,ORD_DF3EAE9E,PROD_D2126E1C,2,637.0,70.63
ITEM_82A42CAD,ORD_2BFED78B,PROD_B2C953D7,5,365.95,35.4
ITEM_0C7EE3B5,ORD_1C2EB3DB,PROD_A43A033C,7,657.36,16.16
ITEM_C63B8EC9,ORD_2FAAF067,PROD_0D950DDD,4,379.92,60.99
ITEM_9978ED27,ORD_16C5E881,PROD_A1552CFC,5,961.11,79.78
ITEM_25158C75,ORD_D2A573BE,PROD_910C90C7,7,183.71,28.87
ITEM_ED1BC3B7,ORD_EE1AF37F,PROD_F3E1B1D7,1,467.61,40.37
ITEM_DA357E9A,ORD_F11BD646,PROD_60AE891E,7,398.54,15.96
ITEM_CA4C8133,ORD_CF8146D5,PROD_A79DC89D,7,173.34,7.85
ITEM_859BD2B0,ORD_43239F67,PROD_58EB7C60,3,24.27,80.16
ITEM_BBBEA1CC,ORD_4A99A721,PROD_9EAC39B9,2,601.46,17.29
ITEM_9212D9FE,ORD_81D568EF,PROD_44BC4CE6,3,216.12,34.03
ITEM_DE4499E0,ORD_2FAAF067,PROD_A92EC28F,5,295.68,48.62
ITEM_3F87B92F,ORD_4239D6E1,PROD_837CF985,1,433.3,96.91
ITEM_636CD3EE,ORD_C7AC04D7,PROD_F148305F,5,265.8,33.51
ITEM_3EAEEE66,ORD_2B1310F3,PROD_BC458F72,4,439.92,16.3
ITEM_4BE7B094,ORD_E142A95E,PROD_41679569,10,34.67,47.49
ITEM_797E5525,ORD_408B3C78,PROD_C3A768EF,1,348.39,49.27
ITEM_97B383AE,ORD_3E133940,PROD_4DE71A6D,7,50.07,37.83
ITEM_F166CC28,ORD_AF92FBA3,PROD_A6E83DF0,3,276.04,35.59
ITEM_586056E6,ORD_95E2B02E,PROD_1D8A99A6,9,604.23,8.33
ITEM_B32A0CA3,ORD_0FA28F3B,PROD_C3EF376E,10,143.74,3.81
ITEM_7DBCD06D,ORD_76E813EC,PROD_2A8A1B22,5,758.3,86.94
ITEM_167031F1,ORD_78B25559,PROD_A91E3AAE,6,820.93,96.12
ITEM_C3923C7A,ORD_C9AF8E80,PROD_186B5CB5,3,104.47,18.76
ITEM_52641AE2,ORD_5C2B8992,PROD_A6570506,1,403.54,70.75
ITEM_5098406D,ORD_83DC2C72,PROD_3976AF76,1,407.64,24.39
ITEM_CECBC998,ORD_628543B5,PROD_0D9C56DB,8,128.03,30.04
ITEM_609FD0E9,ORD_E972B299,PROD_A29EA3AC,9,781.54,70.64
ITEM_CDC915BF,ORD_925DCEAE,PROD_ED9E5C39,4,271.16,60.57
ITEM_7EE0308C,ORD_A576F90A,PROD_52DC4C5B,10,908.08,61.16
ITEM_7777C452,ORD_C356CA39,PROD_B442C294,3,860.51,72.36
ITEM_B5227034,ORD_E18C0EBE,PROD_C8008ECC,5,182.35,55.08
ITEM_9C44303B,ORD_958D92F1,PROD_6E13B1C5,8,490.82,46.12
ITEM_CBC62F01,ORD_C1E98B2C,PROD_BAE34CB3,1,170.7,41.28
ITEM_3B90540D,ORD_192DAC37,PROD_2DE4BC0D,10,74.66,22.43
ITEM_E2C8927E,ORD_26A9DC4B,PROD_B47DD889,5,899.12,70.27
ITEM_96E44CC7,ORD_8242FCB5,PROD_BE0A2C85,7,75.09,69.41
ITEM_567E41A8,ORD_26B29C96,PROD_6D7F791D,1,618.61,20.54
ITEM_00F8205C,ORD_E083A1A8,PROD_A843D5EA,9,449.23,61.06
ITEM_EE1B7A53,ORD_9BAD3B8E,PROD_3678374A,10,881.52,48.46
ITEM_75C849FD,ORD_826532FB,PROD_9E99CD2A,2,597.7,91.4
ITEM_8E27FC12,ORD_26192521,PROD_2282D652,5,539.01,10.1
ITEM_FF7D783E,ORD_B8818251,PROD_72C10777,1,52.08,87.92
ITEM_DFBCD644,ORD_FC8448A4,PROD_BB351997,2,148.56,64.39
ITEM_09F4DF57,ORD_A2F360A0,PROD_156C8828,3,371.73,86.87
ITEM_80207F43,ORD_A7347AAB,PROD_C6870DDE,8,838.75,40.28
ITEM_438E389B,ORD_F98DD7F8,PROD_B7C93E05,8,156.5,67.35
ITEM_ABA6A799,ORD_64C3F147,PROD_BD391552,8,376.22,41.66
ITEM_F306BC38,ORD_CA4BDD4A,PROD_0B2B820F,9,14.62,86.8
ITEM_D9649076,ORD_C3237025,PROD_6DAD2308,1,231.43,24.28
ITEM_A4385F5D,ORD_637158FF,PROD_EF1E90E8,6,161.39,24.56
ITEM_81B546E2,ORD_4A807875,PROD_698D70F8,7,70.65,77.56
ITEM_771B91E7,ORD_4240026B,PROD_DA3FB4A0,4,704.5,14.2
ITEM_9B8DB6AE,ORD_97F7A54B,PROD_88A6D0D1,3,227.57,51.76
ITEM_D62078DD,ORD_0317C13B,PROD_DE5DCB0A,8,418.44,68.14
ITEM_F23650B6,ORD_16308D3F,PROD_AD9BBF13,8,575.33,39.94
ITEM_245F298A,ORD_FB3CCF57,PROD_C76DE9B8,9,781.72,39.55
ITEM_305E7938,ORD_FC61E8EB,PROD_C98694A0,6,978.0,74.09
ITEM_625AEF50,ORD_C4CEA668,PROD_6A203E72,9,765.22,41.54
ITEM_5AAEB44B,ORD_C76B0EEC,PROD_5D859117,4,788.6,39.29
ITEM_3C8137AA,ORD_BD75F5BC,PROD_9AAD0328,6,72.99,23.44
ITEM_22163721,ORD_D4CD7E45,PROD_B2C7168D,7,682.01,98.89
ITEM_7D34EE9A,ORD_C485884F,PROD_1727CA1F,10,248.98,75.86
ITEM_DAA8F812,ORD_C81B0CCD,PROD_2338FA7E,5,449.83,62.09
ITEM_C0CAACDC,ORD_C466EAA6,PROD_BD313EFE,6,579.7,97.59
ITEM_2640B78C,ORD_7B69C585,PROD_B8A9BE75,9,760.64,68.02
ITEM_557AA337,ORD_70410752,PROD_4532D7DE,3,965.37,22.97
ITEM_6F0A1A82,ORD_D74148B6,PROD_EFC02AE2,7,539.54,60.73
ITEM_186A2BC3,ORD_3B9AF3B8,PROD_BDF20C09,5,346.6,51.65
ITEM_EB9FBDF8,ORD_66CAC90B,PROD_4AE93BCD,3,842.87,84.79
ITEM_33194BAC,ORD_B8818251,PROD_E3880D2B,5,249.03,61.56
ITEM_C5720369,ORD_298C4C03,PROD_7D28687C,5,477.62,14.19
ITEM_A2A7DDC4,ORD_78FC981C,PROD_2F8F8A54,10,474.59,2.24
ITEM_17DF23ED,ORD_294FE9F4,PROD_65729DA1,-8,607.55,26.84
ITEM_FB6BD2AE,ORD_C4595AE8,PROD_800112F9,7,408.91,54.82
ITEM_6B304F44,ORD_2881AE38,PROD_9E99CD2A,7,489.27,56.0
ITEM_A66C6A99,ORD_7AED0645,PROD_58EB7C60,4,512.65,82.74
ITEM_D697B9D7,ORD_9D4A98DA,PROD_837CF985,3,205.77,44.46
ITEM_A4DA05D1,ORD_0161CFAC,PROD_892915F8,5,719.5,78.49
ITEM_9B699903,ORD_73F2CC8F,PROD_AB76F18B,7,231.2,60.97
ITEM_948DB82B,ORD_BE457790,PROD_DEF898B5,10,182.95,3.92
ITEM_9B138BC9,ORD_AB027D79,PROD_B8D8AE21,7,485.74,83.56
ITEM_2E317220,ORD_16D11948,PROD_8BD479BE,3,785.81,32.55
ITEM_48CE14E8,ORD_E6F0C3AF,PROD_140CAA9E,8,717.68,14.49
ITEM_B96E70B3,ORD_87E05F23,PROD_7D28687C,7,805.49,42.64
ITEM_D08061B0,ORD_057297E3,PROD_271C6FC3,2,136.59,69.22
ITEM_C5081C4B,ORD_E78D4998,PROD_B23C8124,5,687.61,93.67
ITEM_5CE1BF16,ORD_9533EC64,PROD_D143592E,-2,147.67,40.97
ITEM_B1B65B8B,ORD_3B9AF3B8,PROD_85BD09E4,-10,440.5,5.3
ITEM_67BECCF0,ORD_73468103,PROD_6D7F791D,2,424.89,60.01
ITEM_3FBD4EDB,ORD_49F2DC31,PROD_A4194822,6,887.78,43.91
ITEM_27F9A8E9,ORD_C4EE8C1D,PROD_3BCF62C6,2,261.15,78.96
ITEM_AB760FDE,ORD_B9CE1697,PROD_A1EA1636,6,30.05,94.76
ITEM_61F836A4,ORD_2DEE5CB3,PROD_7E631A99,7,674.74,64.83
ITEM_5CB08EA6,ORD_A2F360A0,PROD_DFE3398C,3,307.38,63.98
ITEM_29B3C238,ORD_40613F61,PROD_5E26683F,4,195.24,46.74
ITEM_7A05CD3F,ORD_A2306F1C,PROD_25CC4B61,4,101.81,0.07
ITEM_6169F294,ORD_02A59CB9,PROD_934BF174,10,793.6,41.43
ITEM_922EEE92,ORD_BE1535F5,PROD_3BCF62C6,9,542.28,74.75
ITEM_B90FD70B,ORD_3B97764C,PROD_6ABF1977,4,349.74,35.62
ITEM_C490B985,ORD_0EFAAA9E,PROD_21B795B7,3,927.39,64.32
ITEM_188EEDF7,ORD_C76B0EEC,PROD_2478345F,2,872.05,48.2
ITEM_F9EC640D,ORD_F3F618A3,PROD_17B6F669,5,926.31,44.11
ITEM_C3573D8D,ORD_43A2A0DB,PROD_2FA76A08,2,560.52,2.03
ITEM_2920DD24,ORD_9FA5E6EB,PROD_C3BCA5F3,7,333.54,75.09
ITEM_FE44B75D,ORD_99D8A896,PROD_B26585A2,3,998.68,15.81
ITEM_15DE79A6,ORD_455E789C,PROD_3A804B34,9,984.71,70.84
ITEM_A2AD2DE3,ORD_D002295B,PROD_B8A9BE75,9,364.47,9.86
ITEM_0DE2598C,ORD_4A807875,PROD_3FDDDE17,4,952.29,97.37
ITEM_5676F674,ORD_1C2EB3DB,PROD_D91D91E0,3,510.44,62.26
ITEM_D37B35A3,ORD_36C3B2B3,PROD_64AA117B,8,267.48,80.78
ITEM_BEAFCAE9,ORD_24676ACA,PROD_E8B91FE8,2,120.7,91.47
ITEM_230164F0,ORD_8CD3E168,PROD_9A42A740,2,522.99,75.96
ITEM_7F55BD8E,ORD_19DAB0F5,PROD_780BCFCE,6,205.25,98.44
ITEM_011ACB94,ORD_A1F4D287,PROD_3FDDDE17,9,171.11,79.64
ITEM_F76DA19E,ORD_31FC7E59,PROD_FCD96402,7,872.05,77.29
ITEM_51450E8F,ORD_C27FF443,PROD_C76DE9B8,4,704.35,92.48
ITEM_3CB36743,ORD_A21B7FD0,PROD_A4ADFD34,5,788.56,49.12
ITEM_14445563,ORD_6298FB20,PROD_FE64C9CB,8,697.02,25.64
ITEM_040C2DC7,ORD_BEDAE061,PROD_1FA2EE7B,2,31.72,75.93
ITEM_06F176F3,ORD_E3872582,PROD_DAC2F675,7,445.77,71.15
ITEM_B83D3059,ORD_29269E38,PROD_7943BD39,6,937.43,84.55
ITEM_0953B61F,ORD_5EB0658C,PROD_280CF9C8,5,661.29,19.45
ITEM_0C7257A1,ORD_EA93D9DC,PROD_DFE3398C,6,571.63,48.4
ITEM_544E3059,ORD_99D8A896,PROD_A9F3AD37,3,87.48,7.45
ITEM_C4B116EC,ORD_298C4C03,PROD_81EFED9B,5,743.86,11.23
ITEM_89E6864E,ORD_BD1DC589,PROD_F148305F,8,36.8,43.7
ITEM_6278F3CD,ORD_5C0E313E,PROD_B4621B7C,8,128.97,65.97
ITEM_B661535F,ORD_8570D571,PROD_2DE4BC0D,9,168.52,54.65
ITEM_9EB4170B,ORD_FB153339,PROD_75D09DA7,2,878.82,67.72
ITEM_6D676B3F,ORD_BC0EF4C3,PROD_60D65479,1,721.75,23.43
ITEM_CE632497,ORD_1861D3B8,PROD_A29EA3AC,5,980.74,45.06
ITEM_CA51A558,ORD_072F47F5,PROD_0BEA93FC,7,832.35,95.59
ITEM_76AD816C,ORD_B7CD62C9,PROD_03B1245C,3,164.26,30.53
ITEM_2B69B4FB,ORD_D41DAB90,PROD_5210A668,8,843.74,2.87
ITEM_54D9E77B,ORD_75F11A7F,PROD_B2C7168D,2,186.84,17.2
ITEM_90CC86E9,ORD_66BED5D0,PROD_358A3C3A,6,760.35,89.4
ITEM_E1AA47BE,ORD_3298FA0E,PROD_BD29E7F5,5,198.42,38.08
ITEM_318A69E2,ORD_17785ED3,PROD_9ADB3567,2,660.86,35.55
ITEM_2F4784A8,ORD_A30B062A,PROD_FF59524B,1,519.42,55.33
ITEM_C1D7AF8B,ORD_1BB170AA,PROD_A6570506,2,619.55,36.13
ITEM_484E4786,ORD_C27FF443,PROD_352F6438,2,893.43,65.51
ITEM_B930DEE4,ORD_01CC7015,PROD_68D0F765,4,35.29,13.13
ITEM_885AF248,ORD_E85C51D9,PROD_27F7B513,8,82.44,29.57
ITEM_45F3F09A,ORD_FCC6FC5F,PROD_1823EDC3,-8,348.54,86.89
ITEM_85377A77,ORD_0DD41888,PROD_A577BEAB,5,664.48,39.8
ITEM_3E3EED0B,ORD_778F1831,PROD_6433AB7C,6,821.54,15.6
ITEM_92D99A55,ORD_57D97DC9,PROD_348315AE,7,685.66,8.63
ITEM_8288E08B,ORD_66D50B96,PROD_8BD479BE,5,148.2,91.63
ITEM_FF1C986D,ORD_97B0088E,PROD_AE5AFEB0,1,516.88,8.73
ITEM_9ABA1A75,ORD_4B134E9E,PROD_7E999A51,7,175.12,56.22
ITEM_241D28BA,ORD_D8719861,PROD_CC0BAB29,1,313.71,6.39
ITEM_64A51222,ORD_24F79612,PROD_768207FE,1,313.17,30.6
ITEM_720CDCDC,ORD_9533EC64,PROD_C1BB4691,-9,588.33,5.88
ITEM_EAA50669,ORD_64FDB375,PROD_26C30295,1,958.35,47.73
ITEM_0746D477,ORD_2D9CCEF6,PROD_B4B79BC0,8,774.65,19.91
ITEM_5DAC1527,ORD_1123F07D,PROD_02B82593,1,437.31,67.36
ITEM_3CB7F4D8,ORD_8BD6BDD6,PROD_015396EE,4,477.17,6.98
ITEM_80C9E655,ORD_BC659793,PROD_6510B8E5,-2,196.24,1.03
ITEM_00F6EB49,ORD_F6E5BB9C,PROD_ED9E5C39,3,79.0,16.7
ITEM_5332898B,ORD_002A8680,PROD_810D360D,10,913.66,10.58
ITEM_4C6110F3,ORD_D8702DE1,PROD_94AC2DFB,3,116.32,62.34
ITEM_ADBFDB33,ORD_6DD81E37,PROD_B304BE85,2,151.74,28.41
ITEM_18E39AA2,ORD_3AF42F24,PROD_04E6B7BD,6,18.96,95.67
ITEM_F32AA887,ORD_AEF709C6,PROD_4CA4A512,2,123.69,21.44
ITEM_32DEACFD,ORD_14B311ED,PROD_202182D6,7,665.01,49.63
ITEM_0BF968E9,ORD_CA5E3336,PROD_41289F6F,10,898.82,75.15
ITEM_9F175F93,ORD_D2F8BEAB,PROD_AE6C1D12,7,118.76,9.47
ITEM_DD4550DD,ORD_76479060,PROD_2A5551AC,9,812.53,7.68
ITEM_92A566CC,ORD_D329AA0E,PROD_EE423D5B,8,675.0,72.16
ITEM_B58EDE60,ORD_63243E05,PROD_358A3C3A,8,748.76,70.42
ITEM_140BB122,ORD_7738E505,PROD_295E0656,3,365.74,35.3
ITEM_707DBD0F,ORD_9E7D9A5C,PROD_4330ECFB,8,771.7,66.59
ITEM_CAC97B2E,ORD_E9384805,PROD_30A0C408,8,99.47,16.23
ITEM_4F21C7FD,ORD_49C6CA87,PROD_1715E202,10,391.7,59.83
ITEM_FF6F356F,ORD_092565BC,PROD_B4B79BC0,10,961.56,61.17
ITEM_78204448,ORD_02A59CB9,PROD_2A8A1B22,10,981.05,72.95
ITEM_9CC90C6A,ORD_5FCB8735,PROD_A77A1CC2,1,230.58,92.84
ITEM_E5C405ED,ORD_CD348C3F,PROD_F46D5E8D,1,535.23,11.61
ITEM_039871A9,ORD_27A62278,PROD_CB3DFB30,2,337.47,8.02
ITEM_29B1A64A,ORD_D3A6EDE3,PROD_4AE93BCD,5,941.21,69.02
ITEM_AFEC150A,ORD_16D279F4,PROD_E11B29EB,5,22.72,29.27
ITEM_77892075,ORD_606D06B4,PROD_CB3DFB30,8,759.61,16.77
ITEM_8E9BEA90,ORD_3CF1B1C4,PROD_A4194822,10,178.19,55.8
ITEM_87146A17,ORD_F36D8B19,PROD_CFA8532E,-1,115.45,78.33
ITEM_11DA3AEC,ORD_0DD41888,PROD_906C5D2A,3,633.25,17.62
ITEM_E217E940,ORD_26B29C96,PROD_9379C793,9,536.94,13.44
ITEM_3D9C58A0,ORD_37B1DAEA,PROD_96D62270,2,228.36,94.05
ITEM_C7CDDF5D,ORD_99310B06,PROD_D6674918,8,77.72,20.02
ITEM_D9A405EA,ORD_A41002B0,PROD_9A42A740,5,845.07,12.39
ITEM_C5C5AC3B,ORD_E4353184,PROD_53C13013,6,760.9,65.4
ITEM_CB2DB069,ORD_8ABE4CFA,PROD_56D44948,4,565.18,6.6
ITEM_08D2083E,ORD_A0CC7557,PROD_DEF898B5,9,879.27,69.95
ITEM_A4265AF5,ORD_16D279F4,PROD_B8A0AB3B,1,188.51,6.44
ITEM_6850988A,ORD_3EEAC326,PROD_352AA40F,8,590.95,75.81
ITEM_7C62BFEF,ORD_CBCAFF10,PROD_768EE182,10,948.72,45.71
ITEM_382A1419,ORD_AD49B366,PROD_EF03CB22,6,988.96,86.91
ITEM_3E74A7CD,ORD_4327509D,PROD_2A5551AC,5,272.47,4.05
ITEM_2078409F,ORD_32FD3652,PROD_502E6868,6,733.28,15.88
ITEM_DE0F82D6,ORD_5939598D,PROD_E9C1A143,-7,51.78,59.37
ITEM_10449BE3,ORD_5ADD188E,PROD_CC0BAB29,1,459.6,35.22
ITEM_69C22C52,ORD_084C4922,PROD_4ED95DC9,10,766.66,56.61
ITEM_61CA0B59,ORD_ED07BED7,PROD_C9A6BBCB,2,570.82,63.98
ITEM_262B74D1,ORD_069286F1,PROD_3341B4D8,5,796.64,36.88
ITEM_79483418,ORD_18D235E4,PROD_A9F67C16,6,601.57,25.63
ITEM_D2CFDE65,ORD_EC5CEE40,PROD_53C13013,10,343.35,36.73
ITEM_25C4F55A,ORD_EA33353F,PROD_29D6B0E1,4,671.59,27.15
ITEM_DDB373FB,ORD_3F3764FC,PROD_82D79464,7,771.65,5.02
ITEM_3199F6B1,ORD_61BA50DC,PROD_A3E636A6,2,563.93,79.35
ITEM_6FE6BDFB,ORD_7578596A,PROD_CBA08635,7,299.01,14.4
ITEM_8AFB19AB,ORD_DDFE3694,PROD_D902B4C8,4,93.78,38.57
ITEM_8DC7F47D,ORD_198D4CBE,PROD_F46D5E8D,6,256.18,98.07
ITEM_89920800,ORD_41DE7071,PROD_295E0656,7,670.34,95.33
ITEM_9515195C,ORD_7A7D9AF2,PROD_6CA1BB96,2,840.47,7.11
ITEM_6E3C8085,ORD_351A7ED4,PROD_47C99514,1,138.72,41.73
ITEM_1B832C86,ORD_6888E345,PROD_42160890,5,894.32,40.84
ITEM_DAE4D048,ORD_86E3A9A4,PROD_EF13F86E,3,198.81,23.3
ITEM_2BC70FC9,ORD_75E38631,PROD_F5EFBE78,10,354.08,39.71
ITEM_70251013,ORD_CA5E3336,PROD_0B2B820F,5,104.21,35.64
ITEM_9C85CDD4,ORD_E142A95E,PROD_B23C8124,4,508.27,82.74
ITEM_54A06EE6,ORD_1B297993,PROD_A79DC89D,3,904.78,20.82
ITEM_55ECF1F1,ORD_BBB958BD,PROD_A4ADFD34,6,747.5,67.78
ITEM_E9F094FE,ORD_88667722,PROD_F00320E7,10,149.34,97.52
ITEM_7BD8703D,ORD_99577DD7,PROD_CCE42FDB,8,952.54,17.55
ITEM_E7A1F7DB,ORD_0C1AD40E,PROD_E5CAA302,7,123.18,18.4
ITEM_729ABD70,ORD_BC1CBE51,PROD_CDA38F06,8,153.08,81.33
ITEM_37912FCF,ORD_70712CE5,PROD_30E741D2,7,805.5,37.33
ITEM_386D000A,ORD_9CCDE0E7,PROD_FD11B10B,8,451.61,69.42
ITEM_86655AE5,ORD_8290AC2C,PROD_AE5AFEB0,5,343.81,86.17
ITEM_E265DD42,ORD_2B783FF3,PROD_38171DBC,1,452.45,57.37
ITEM_7C38EBCD,ORD_57B59A76,PROD_5DE8F93B,5,606.44,5.15
ITEM_3C3F08AA,ORD_014E4C44,PROD_BB456785,-3,767.05,89.26
ITEM_08A3DAEB,ORD_0B44A89A,PROD_087A35C9,4,582.8,67.32
ITEM_1D8E708D,ORD_EE6F1263,PROD_F1A85AEE,5,229.65,14.24
ITEM_905F11DA,ORD_B1F08390,PROD_11C96473,8,569.26,38.96
ITEM_AF794450,ORD_0F8B91D1,PROD_E76A8852,3,31.94,7.64
ITEM_054C4AEC,ORD_5B5CB2E7,PROD_C1B88E8E,-7,702.15,14.14
ITEM_928D9E1F,ORD_C2BC8CB3,PROD_B8929D0A,8,932.31,10.3
ITEM_4D1A207B,ORD_5CCE7182,PROD_0B2B820F,9,429.1,23.45
ITEM_59CE7D77,ORD_72CEA8E9,PROD_72C10777,-5,34.24,93.5
ITEM_0670D6D2,ORD_A306D7C3,PROD_8072218E,7,544.72,2.82
ITEM_E2501DF5,ORD_A3CF7E3E,PROD_C710CB4A,3,277.2,45.48
ITEM_A36F324E,ORD_F6E5BB9C,PROD_87472041,-3,585.44,18.51
ITEM_CD279143,ORD_BB824289,PROD_5D859117,7,119.06,48.28
ITEM_01DC331C,ORD_F8366B6B,PROD_7E999A51,6,186.91,1.77
ITEM_B3942CC3,ORD_974CC317,PROD_BD313EFE,6,959.34,23.06
ITEM_8FC965D6,ORD_D43B65FC,PROD_BC9E051E,5,947.6,22.62
ITEM_EE9ABBB0,ORD_01CC7015,PROD_7E631A99,7,603.51,19.85
ITEM_F6400E5E,ORD_E3AA4A41,PROD_071806DB,1,553.21,80.53
ITEM_16D4C06E,ORD_16308D3F,PROD_AF68A4CC,-7,334.01,48.32
ITEM_2E2043EB,ORD_00D8B7D6,PROD_BA941827,10,348.34,20.24
ITEM_98BE70E9,ORD_B9CE1697,PROD_B2886325,6,225.82,81.31
ITEM_78F85F36,ORD_0B44A89A,PROD_F40DD521,3,170.08,34.28
ITEM_0CC24EF4,ORD_778F1831,PROD_B49D1EDA,9,903.02,60.09
ITEM_19B038FC,ORD_D01483C7,PROD_90775A57,8,907.51,80.88
ITEM_534F7613,ORD_6C84614B,PROD_FD11B10B,8,230.96,71.54
ITEM_6F5C1172,ORD_2FAAF067,PROD_2B40F361,6,496.7,86.88
ITEM_25B7FED8,ORD_28D5AE0A,PROD_983D8BBD,7,521.88,45.65
ITEM_5E466637,ORD_80757357,PROD_5F5B5AB3,10,620.62,77.79
ITEM_CE7EB30B,ORD_E3AA4A41,PROD_2395ABBD,7,989.68,35.02
ITEM_11BD0C0C,ORD_F4476D7E,PROD_691578E3,5,624.71,5.05
ITEM_F6FEF82E,ORD_3202323B,PROD_4CA4A512,10,253.01,21.3
ITEM_7C6D7338,ORD_03EFDD1D,PROD_2210704C,5,735.54,20.94
ITEM_66101B70,ORD_2A2748FD,PROD_90775A57,4,208.67,99.83
ITEM_D4339A70,ORD_E18C0EBE,PROD_87472041,3,757.8,78.12
ITEM_32A43998,ORD_81462F03,PROD_60AE891E,2,207.86,89.87
ITEM_C02C39E5,ORD_0B439517,PROD_F148305F,1,885.17,26.26
ITEM_CF0737A8,ORD_C4CEA668,PROD_4ADBBD81,7,548.41,15.03
ITEM_639A972F,ORD_F52EDC65,PROD_1C6E0E67,6,697.67,90.96
ITEM_A1652831,ORD_966F2E40,PROD_A843D5EA,1,272.34,45.93
ITEM_2EC2172A,ORD_544FF86C,PROD_F258847A,5,773.08,60.08
ITEM_C2991A76,ORD_DDFE3694,PROD_F417661F,2,921.15,61.16
ITEM_F32CBF21,ORD_51E7D2FD,PROD_028F0580,9,878.41,91.6
ITEM_5DF4023C,ORD_EE6F1263,PROD_307E7A10,10,656.06,84.2
ITEM_08BCD763,ORD_3D8C66CD,PROD_3F0C7830,-6,311.43,50.88
ITEM_EF243E4A,ORD_735A30B3,PROD_4532D7DE,5,854.06,68.3
ITEM_677A5E49,ORD_298C4C03,PROD_7AA8ADF5,8,409.54,64.1
ITEM_47C2261E,ORD_045052F0,PROD_F23488D7,4,749.24,1.95
ITEM_E53BD885,ORD_D5C5EDB8,PROD_40CFD161,7,556.26,77.57
ITEM_F54A5099,ORD_A5CC1A77,PROD_D4D7E73A,1,915.38,80.19
ITEM_1CEC4FF7,ORD_8ECD6187,PROD_5883E0D5,8,534.53,74.01
ITEM_C53A5DA9,ORD_D5C5EDB8,PROD_3E6A998C,8,371.29,74.0
ITEM_C0E74DBB,ORD_5CCE7182,PROD_1F621027,1,829.86,39.62
ITEM_C7DFE47E,ORD_7B9D827F,PROD_659C100C,10,997.74,68.51
ITEM_E4F0E43B,ORD_179A01BB,PROD_C91DF400,9,667.75,50.0
ITEM_D65A6D90,ORD_8356639E,PROD_A3B0A16A,6,21.49,94.39
ITEM_4FB9B78A,ORD_E5A6FF19,PROD_09B393D4,1,820.52,94.33
ITEM_D2914C18,ORD_1AF4E92D,PROD_3976AF76,6,162.05,67.81
ITEM_C1BE81C0,ORD_3202323B,PROD_983D8BBD,8,431.96,55.16
ITEM_B0EF492F,ORD_3E133940,PROD_82D79464,6,114.61,74.21
ITEM_E9293C5D,ORD_B3806108,PROD_27F7B513,10,682.15,10.85
ITEM_21EDE966,ORD_5939598D,PROD_AE6C1D12,3,624.89,46.55
ITEM_B57D7D32,ORD_772F04B2,PROD_F5EFBE78,5,471.36,11.87
ITEM_1281F9E5,ORD_C2BC8CB3,PROD_264BB594,1,362.21,23.38
ITEM_EB9D2D07,ORD_1C7D74C7,PROD_ADD17A0F,7,452.33,96.19
ITEM_89513611,ORD_F6FC7C34,PROD_FC1D5B6F,8,374.92,38.7
ITEM_5D837333,ORD_C0D90FDF,PROD_C59B9490,10,199.47,41.01
ITEM_E6FAF01E,ORD_122683F5,PROD_C1B88E8E,2,12.03,0.83
ITEM_3D209C90,ORD_47EA4349,PROD_015396EE,5,768.18,64.37
ITEM_A668D070,ORD_F766C35F,PROD_730AEE84,6,625.14,65.98
ITEM_C4B63F7B,ORD_DF1E1F77,PROD_C64B89EC,7,370.96,8.67
ITEM_F769380B,ORD_198D4CBE,PROD_010DBD9A,2,423.83,82.03
ITEM_05ADD551,ORD_C46F96DF,PROD_1A3496AE,3,691.2,6.2
ITEM_96AC8213,ORD_BE457790,PROD_F5A13973,9,926.5,13.47
ITEM_A61EBE6D,ORD_402E1333,PROD_AD9BBF13,9,886.95,4.41
ITEM_F9CBE548,ORD_014E4C44,PROD_ED9E5C39,7,482.91,40.8
ITEM_5B4AEA5C,ORD_CD75A5BA,PROD_D91D91E0,3,400.25,1.02
ITEM_3CEF4506,ORD_FC5B573B,PROD_EF5C6131,6,99.86,18.72
ITEM_12614695,ORD_763AFF7C,PROD_1CEC3A76,10,509.08,6.0
ITEM_40195F33,ORD_BC12210E,PROD_BD29E7F5,1,76.94,68.99
ITEM_B187A5F3,ORD_DDCBAC1F,PROD_B4B79BC0,8,191.5,95.48
ITEM_B9D9B4CA,ORD_CB4C7FCD,PROD_3AC858A0,7,283.8,62.74
ITEM_539DADBD,ORD_C4A7442D,PROD_A270CBDD,8,317.26,26.37
ITEM_8DC287BA,ORD_34A5F057,PROD_5E26683F,2,182.41,61.02
ITEM_61D802A3,ORD_966F2E40,PROD_FEE09EF6,5,394.82,27.84
ITEM_C38AD90A,ORD_C2BC8CB3,PROD_906C5D2A,4,978.59,72.43
ITEM_2004115F,ORD_A16CE0FE,PROD_F5EFBE78,7,387.93,18.43
ITEM_1C831FD6,ORD_45C51477,PROD_09F427D3,7,105.47,76.54
ITEM_D7607075,ORD_9638DB76,PROD_86745707,1,199.69,47.84
ITEM_8FDD011A,ORD_2B1310F3,PROD_41679569,7,822.41,97.66
ITEM_9A3F6CB2,ORD_6A2F807E,PROD_63768836,9,703.94,78.76
ITEM_2B6A7937,ORD_6BC6473C,PROD_7E64E098,8,121.07,74.02
ITEM_D64CD991,ORD_CCB5A483,PROD_26B17524,7,158.39,8.02
ITEM_EAFE8D12,ORD_017D8213,PROD_A9F67C16,2,273.74,50.6
ITEM_FAB0134D,ORD_FAC5D1C7,PROD_BD313EFE,7,941.57,36.57
ITEM_68AF0F9D,ORD_5C4B51BB,PROD_5CC320F0,8,408.38,72.36
ITEM_93A18E5F,ORD_9BD60C6C,PROD_FF59524B,6,928.75,4.85
ITEM_011153F1,ORD_E142A95E,PROD_7943BD39,7,330.14,40.53
ITEM_0C4AAA80,ORD_E142A95E,PROD_A08E3CCB,9,790.39,59.59
ITEM_5B26CDE5,ORD_A10183DC,PROD_56BE673A,2,920.22,26.34
ITEM_B7BC9ECD,ORD_C4C77726,PROD_892915F8,9,490.07,14.37
ITEM_844E2E55,ORD_2F8ACA0F,PROD_F258847A,9,204.73,22.66
ITEM_94233B7D,ORD_C2F3C268,PROD_862FAB6B,7,597.8,25.22
ITEM_1C15736C,ORD_34A5F057,PROD_53A3F624,6,621.55,41.08
ITEM_446FAABC,ORD_D43B65FC,PROD_D7B5ABC7,2,355.33,82.09
ITEM_FC833235,ORD_82837CF1,PROD_57FFD963,8,781.16,73.08
ITEM_ECA8105F,ORD_3170DCCF,PROD_BD313EFE,1,141.27,45.37
ITEM_B43953CE,ORD_EFE95A48,PROD_84A2A662,2,786.53,84.04
ITEM_E0F262D4,ORD_86FA6D65,PROD_295E0656,5,180.53,86.37
ITEM_9CDD376E,ORD_8AB7FB2B,PROD_7E993215,6,253.67,43.79
ITEM_A65837D6,ORD_40988D0F,PROD_0EF78932,1,786.65,16.75
ITEM_B58ED114,ORD_5FCB8735,PROD_B51D2F2F,2,599.83,39.34
ITEM_DAF5A8D7,ORD_E78D4998,PROD_A619431A,8,609.31,42.85
ITEM_02331720,ORD_1E72C553,PROD_2282D652,1,311.61,86.0
ITEM_2ED227F3,ORD_011EF398,PROD_D13C2258,10,389.25,40.87
ITEM_C84B6E78,ORD_FF8B52EF,PROD_B49D1EDA,6,495.27,72.85
ITEM_F0704DCD,ORD_6CB3505D,PROD_EDCDF451,1,790.18,5.74
ITEM_A7A5474F,ORD_62B76CB9,PROD_B23C8124,2,636.24,91.46
ITEM_3DF32F9C,ORD_A646F14C,PROD_0C0C030E,2,236.52,16.93
ITEM_CE3EE7A7,ORD_86E3A9A4,PROD_09F427D3,-5,759.26,17.33
ITEM_A47650CF,ORD_1AF4E92D,PROD_54E040EA,8,63.44,42.08
ITEM_EE11FA02,ORD_1BA67F70,PROD_144A9CF3,9,827.25,68.14
ITEM_0532DE5D,ORD_4F9097B8,PROD_AE5AFEB0,6,340.62,64.37
ITEM_42E4FE9B,ORD_70E36D7E,PROD_BC9E051E,7,78.13,3.61
ITEM_87BD2095,ORD_70712CE5,PROD_0C0C030E,5,545.29,10.89
ITEM_85AB0855,ORD_16C5E881,PROD_25CC4B61,-4,116.34,85.12
ITEM_250BDBC6,ORD_A6C3FA04,PROD_A619431A,4,418.38,25.76
ITEM_F83E6508,ORD_E2B25425,PROD_B9F3327E,3,968.32,94.42
ITEM_58D3E16D,ORD_AE0BFA42,PROD_EF13F86E,7,473.14,62.28
ITEM_4DB9DD49,ORD_017D8213,PROD_4AE93BCD,3,901.1,5.05
ITEM_5BD8C751,ORD_1B94C0D8,PROD_17B6F669,3,200.28,99.71
ITEM_5BFFF9EE,ORD_B7CD62C9,PROD_7FDF27D8,9,405.51,3.65
ITEM_D950AC76,ORD_2F8ACA0F,PROD_A91E3AAE,7,834.56,33.64
ITEM_AAF1B88C,ORD_0161CFAC,PROD_30E741D2,2,201.82,95.41
ITEM_4F0F4CE8,ORD_CA5E3336,PROD_03C9487B,9,669.96,9.89
ITEM_DD84A906,ORD_DA2773CA,PROD_99DBD9B0,5,733.59,84.2
ITEM_3DD7E240,ORD_5E7CCFE0,PROD_C3EF376E,6,136.57,80.16
ITEM_98454EEA,ORD_0A2285A1,PROD_C5B68ABC,10,901.13,38.54
ITEM_5742C5EA,ORD_A703FD1B,PROD_6A203E72,3,773.68,34.4
ITEM_539509A7,ORD_B1F08390,PROD_81245276,6,121.9,50.24
ITEM_16F9F05D,ORD_25BA0E48,PROD_966F2840,8,832.19,15.91
ITEM_11B3ACC5,ORD_B387F463,PROD_82D79464,3,496.95,1.58
ITEM_F9C8723F,ORD_2BFED78B,PROD_B26585A2,4,538.95,48.81
ITEM_5B71656F,ORD_958C9F58,PROD_ED37B465,-2,67.14,94.55
ITEM_C3C1001C,ORD_D2A573BE,PROD_B1227F58,2,511.92,43.26
ITEM_737F0D0A,ORD_777E8EFD,PROD_8585C962,4,933.15,11.16
ITEM_12997E5F,ORD_FFF3CE57,PROD_81F41066,9,784.38,63.09
ITEM_61E44601,ORD_4A335BE2,PROD_B4621B7C,-4,104.04,50.87
ITEM_883D0645,ORD_034BAF6B,PROD_85EE70C4,9,389.57,93.67
ITEM_E98A702F,ORD_C4CEA668,PROD_BB351997,8,51.34,64.08
ITEM_5E0476AC,ORD_BCF277AC,PROD_91F2D50C,4,154.73,18.05
ITEM_BE42A43D,ORD_81CF1339,PROD_DE5DCB0A,10,50.54,79.24
ITEM_22EABD09,ORD_E1CDCECA,PROD_145FB06E,5,440.38,24.69
ITEM_98073A50,ORD_057297E3,PROD_071806DB,9,118.27,29.55
ITEM_000F62F3,ORD_B56C1142,PROD_C1BB4691,7,833.71,6.87
ITEM_A443457D,ORD_51191398,PROD_54E040EA,9,612.22,62.07
ITEM_57FDEDFE,ORD_E869E3DD,PROD_786604CA,1,966.96,83.71
ITEM_6C9BD5B3,ORD_F36D8B19,PROD_44EA40E8,7,56.79,89.3
ITEM_C6CD6632,ORD_91F5E3CE,PROD_E8B91FE8,7,834.24,5.21
ITEM_0AADF287,ORD_DFA53228,PROD_57FFD963,4,510.03,95.81
ITEM_50BC9365,ORD_3CDFBDE1,PROD_56BE673A,7,289.95,67.55
ITEM_6E2FAFC4,ORD_973A395A,PROD_2338FA7E,5,529.37,44.71
ITEM_3F52B8F2,ORD_F8526C2E,PROD_C6870DDE,9,860.86,72.4
ITEM_0409C125,ORD_E18C0EBE,PROD_EFC02AE2,8,114.02,84.93
ITEM_696A333C,ORD_B8731BF7,PROD_B4B79BC0,3,45.94,77.07
ITEM_9674AADE,ORD_5EB0658C,PROD_7BB75F03,9,188.49,31.56
ITEM_494FB23A,ORD_C7E3E069,PROD_D6674918,10,690.17,38.23
ITEM_1AF9228D,ORD_09B40EBE,PROD_A02DFAA0,5,283.52,41.0
ITEM_7648EDC9,ORD_455E789C,PROD_DE8689AD,-5,676.94,25.25
ITEM_0DB6A950,ORD_3B9AF3B8,PROD_B442C294,3,811.23,11.33
ITEM_E758DD34,ORD_336D02D1,PROD_11C96473,10,398.94,68.82
ITEM_51BA483D,ORD_AB8A5C2E,PROD_B083B49A,3,539.57,92.44
ITEM_2A2D0C2E,ORD_041F9F12,PROD_B23C8124,4,566.3,9.8
ITEM_D78DF28D,ORD_AEFBCFDB,PROD_BA941827,8,166.24,11.23
ITEM_FF053071,ORD_516B689F,PROD_9FE0473C,6,88.29,24.81
ITEM_7B3CC2B6,ORD_8D43B861,PROD_4AE93BCD,3,82.65,14.65
ITEM_3CC0E717,ORD_2881AE38,PROD_6D57C549,-6,275.1,30.47
ITEM_0BF90278,ORD_28520B86,PROD_8F75D8D5,1,470.81,95.35
ITEM_5B00A6D6,ORD_E3857722,PROD_64AA117B,2,282.89,77.93
ITEM_1A7B20B1,ORD_52132FBA,PROD_BAE34CB3,4,527.31,18.9
ITEM_71F526E0,ORD_1B297993,PROD_A69E9FCE,2,819.27,59.3
ITEM_D19B6DA3,ORD_2D9CCEF6,PROD_3AC858A0,10,467.64,26.07
ITEM_53747DE6,ORD_75E38631,PROD_0B0719BD,-9,842.02,99.98
ITEM_B3FAC6A0,ORD_A703FD1B,PROD_892915F8,3,783.33,8.47
ITEM_2AD05AA3,ORD_8190761F,PROD_B23C8124,1,406.66,1.89
ITEM_D647171D,ORD_41D3B0A6,PROD_B9F3327E,8,566.18,18.44
ITEM_97839AA1,ORD_D5EC6F4B,PROD_A3CC8F9E,5,393.62,97.69
ITEM_6E5B2389,ORD_C954EF49,PROD_B2C953D7,3,295.05,4.45
ITEM_00E512E8,ORD_DDF3B4EF,PROD_41289F6F,2,736.26,40.02
ITEM_250913EF,ORD_BE1535F5,PROD_1F8CD2C2,9,858.49,17.44
ITEM_CEBF3D81,ORD_19DAB0F5,PROD_56BE673A,8,592.08,48.99
ITEM_4A2E92AF,ORD_EFE95A48,PROD_84A2A662,6,865.76,71.11
ITEM_2456FFD9,ORD_041F9F12,PROD_3DAFA5B0,4,67.03,59.71
ITEM_8894C9B5,ORD_A73EE902,PROD_6EDCCBF2,3,92.49,23.64
ITEM_C24B62DE,ORD_1915B76C,PROD_6433AB7C,1,338.33,65.88
ITEM_B6EAF14D,ORD_9C462185,PROD_05F38582,4,657.96,75.68
ITEM_89113574,ORD_CBCCDB6B,PROD_AE5AFEB0,1,729.12,13.92
ITEM_F83EFEB6,ORD_73F2CC8F,PROD_156C8828,9,791.1,57.43
ITEM_ED394729,ORD_6779E327,PROD_52DC4C5B,5,774.1,30.67
ITEM_3765F357,ORD_88667722,PROD_A0187241,9,589.54,11.24
ITEM_9BF193C0,ORD_B8818251,PROD_DAABADAA,7,71.87,41.75
ITEM_F7D52F56,ORD_126E87F6,PROD_D3EA66E9,7,748.05,48.44
ITEM_2EC1582C,ORD_D6F6AF57,PROD_D13C2258,1,861.54,54.3
ITEM_4EB4D011,ORD_DA2773CA,PROD_D0064CBB,3,317.49,88.72
ITEM_AE014BD7,ORD_B7F886F0,PROD_4CA4A512,6,406.52,48.54
ITEM_7A90BB29,ORD_BEADE9CE,PROD_81F41066,1,34.21,70.36
ITEM_B6894DE5,ORD_516B689F,PROD_A91E3AAE,4,600.45,32.47
ITEM_3C75EFFC,ORD_402E1333,PROD_A2FFD2FA,7,940.51,85.22
ITEM_F6D6EDC9,ORD_606D06B4,PROD_502E6868,1,572.98,57.52
ITEM_2F550D0D,ORD_02331FA3,PROD_38171DBC,9,808.86,21.51
ITEM_9F0B3067,ORD_9DB62CF5,PROD_D91D91E0,5,259.51,17.67
ITEM_2E3D5A73,ORD_BE79EF54,PROD_D2CB580B,2,257.92,15.82
ITEM_B9BC67FB,ORD_5C6F906B,PROD_42160890,2,467.75,29.72
ITEM_1EDC701A,ORD_0161CFAC,PROD_BD29E7F5,6,72.52,49.86
ITEM_B4E8D817,ORD_AD6A5F66,PROD_49DD2249,8,31.86,18.39
ITEM_31A38A65,ORD_298C4C03,PROD_B6722C88,2,310.49,61.59
ITEM_0297C11F,ORD_75F11A7F,PROD_D50ECB81,5,586.99,70.25
ITEM_6E7CEE8D,ORD_0B439517,PROD_DA3FB4A0,8,453.71,86.25
ITEM_3674152A,ORD_E94421D5,PROD_56BE673A,9,807.08,7.67
ITEM_F7004A9A,ORD_B56C1142,PROD_09B393D4,7,660.3,2.08
ITEM_0A512487,ORD_26192521,PROD_8F75D8D5,7,523.12,71.83
ITEM_A917C1B1,ORD_AB034CC3,PROD_E9EB923C,8,126.49,32.69
ITEM_F8B107D7,ORD_8242FCB5,PROD_095A3ED0,7,248.57,66.11
ITEM_FD81D792,ORD_0161CFAC,PROD_1B077FC6,8,584.78,3.74
ITEM_A775F96D,ORD_7B69C585,PROD_33D5FA2D,2,682.37,80.42
ITEM_F4E16581,ORD_EB866A2D,PROD_AF9CFF46,6,111.16,13.16
ITEM_093E38F3,ORD_AE0BFA42,PROD_6CA1BB96,10,690.51,13.1
ITEM_94196F2D,ORD_41D3B0A6,PROD_26AA7C1B,6,385.43,92.36
ITEM_2E716621,ORD_7D9DD665,PROD_EE17463A,4,106.21,63.05
ITEM_111F7284,ORD_821A3587,PROD_B1227F58,1,698.7,18.83
ITEM_1BF32068,ORD_6C032BE5,PROD_5210A668,6,207.98,43.08
ITEM_36B24CA1,ORD_916133F1,PROD_ACACFA9C,9,597.24,69.17
ITEM_B0C7126D,ORD_8BA3BC88,PROD_800112F9,5,511.2,14.63
ITEM_54F1F1E7,ORD_DE7A2542,PROD_AF8C074C,4,352.25,36.0
ITEM_4D5DB9A7,ORD_1D83C0A1,PROD_D143592E,10,151.46,96.56
ITEM_4EE09302,ORD_4327509D,PROD_2FA76A08,1,47.83,74.6
ITEM_875E5128,ORD_3AA9ABE8,PROD_AF8C074C,8,634.59,98.95
ITEM_F2DF06B9,ORD_C1CF2AC9,PROD_028F0580,8,638.31,83.01
ITEM_DEDF6736,ORD_9758742C,PROD_EF5C6131,5,961.41,43.61
ITEM_20D86578,ORD_637158FF,PROD_1762BF90,9,81.05,92.94
ITEM_7CE00128,ORD_9CCDE0E7,PROD_6A203E72,4,520.15,88.08
ITEM_7CD75E1C,ORD_E6F09C13,PROD_A43A033C,9,505.13,47.61
ITEM_2390507B,ORD_FB3CCF57,PROD_9E0151CA,10,768.47,90.45
ITEM_D1170776,ORD_1E72C553,PROD_EE70C4DD,6,473.99,23.24
ITEM_BCF79421,ORD_C17890E5,PROD_E5CAA302,7,400.74,91.14
ITEM_723B7B7D,ORD_127DA4AF,PROD_2D0765E7,8,885.76,66.89
ITEM_FC804EA7,ORD_BC0EF4C3,PROD_0CD4F14A,6,629.9,9.93
ITEM_10EE9B3D,ORD_AB034CC3,PROD_64AA117B,2,90.25,10.83
ITEM_B674D4C5,ORD_26275114,PROD_9E99CD2A,2,809.5,56.45
ITEM_F3DAA17E,ORD_BA74BEE4,PROD_0B0719BD,-6,99.45,35.07
ITEM_C5320629,ORD_2E48180F,PROD_FF50697C,1,994.06,61.19
ITEM_6FD7B3E0,ORD_6C0950C8,PROD_E7445738,4,64.33,65.6
ITEM_2F457934,ORD_503C13AE,PROD_2338FA7E,8,632.11,15.43
ITEM_ADCCF914,ORD_E972B299,PROD_A0187241,6,400.31,12.58
ITEM_E363E03A,ORD_B92D43EA,PROD_03B1245C,1,493.42,84.37
ITEM_99F3F063,ORD_CB14BAAE,PROD_1B077FC6,4,174.76,43.2
ITEM_B2CF22D2,ORD_DCF1BC30,PROD_55F45045,1,319.03,97.13
ITEM_27DE6A7D,ORD_0B44A89A,PROD_ADD17A0F,8,105.15,0.67
ITEM_BEA38F42,ORD_B91D72BF,PROD_A3DA82AF,10,100.3,61.45
ITEM_ED093811,ORD_87C87B76,PROD_0B0719BD,1,915.66,7.99
ITEM_B0C6F08D,ORD_BE79EF54,PROD_A6ADA586,3,232.32,68.1
ITEM_E138C69A,ORD_F2A7CAA7,PROD_E76A8852,1,275.1,81.79
ITEM_B9777F1E,ORD_C4D322C7,PROD_B47DD889,1,630.71,77.92
ITEM_34AF3D4E,ORD_57B59A76,PROD_A9F67C16,2,944.55,61.84
ITEM_99EAE97F,ORD_621B607D,PROD_50C77E63,6,801.27,27.51
ITEM_09F34BCD,ORD_0C0BEC5B,PROD_F148305F,2,600.42,28.14
ITEM_481D0950,ORD_A7CFA450,PROD_09862CCF,9,495.28,19.97
ITEM_3F42A15F,ORD_A7347AAB,PROD_140E5B53,8,589.71,98.06
ITEM_37692F54,ORD_4B6C97CC,PROD_77FF94C9,10,348.79,91.21
ITEM_84A22992,ORD_516B689F,PROD_52F93F49,3,520.29,38.74
ITEM_7BBBFE6E,ORD_A3B70323,PROD_4B97E71E,8,848.11,63.14
ITEM_183297CE,ORD_D0CC45B4,PROD_42C4C541,9,720.52,97.73
ITEM_4809EC62,ORD_FCC6FC5F,PROD_800112F9,8,757.92,3.05
ITEM_455776CF,ORD_D5C5EDB8,PROD_81245276,10,533.12,34.86
ITEM_CB8A4ABD,ORD_0B1AE9F6,PROD_91F2D50C,-7,418.65,6.81
ITEM_7A476425,ORD_62B76CB9,PROD_B2C953D7,3,185.58,73.0
ITEM_C95E9308,ORD_9EBBB8BC,PROD_1A3496AE,9,224.55,95.71
ITEM_C41C7BBA,ORD_0A14DEB8,PROD_D91D91E0,6,534.17,70.57
ITEM_5D9F9535,ORD_B91D72BF,PROD_EE423D5B,2,766.56,1.51
ITEM_7D0A17A2,ORD_F3F618A3,PROD_071806DB,10,352.94,84.35
ITEM_4601FAF3,ORD_637158FF,PROD_87472041,9,521.45,1.74
ITEM_482D7D6D,ORD_402E1333,PROD_FF52C6CD,3,30.7,26.19
ITEM_705F2B0F,ORD_9E7D9A5C,PROD_D7B5ABC7,1,913.39,78.31
ITEM_82F62062,ORD_59D11988,PROD_3AC9F6F8,3,625.52,85.69
ITEM_A5D0837A,ORD_5E7CCFE0,PROD_140CAA9E,8,191.19,2.77
ITEM_E0CEB6CA,ORD_3DADD924,PROD_3DAFA5B0,6,89.42,13.01
ITEM_3C2C7F46,ORD_C5987012,PROD_30861756,-6,226.59,68.95
ITEM_251AC1F9,ORD_00D8B7D6,PROD_65729DA1,5,28.12,17.44
ITEM_878C2639,ORD_AEA3087A,PROD_1DF77795,1,369.6,97.33
ITEM_BF7C979B,ORD_4E0AADAC,PROD_FE9B227F,10,240.91,15.77
ITEM_D3EC8CF0,ORD_25BD43A3,PROD_42C4C541,1,600.06,91.26
ITEM_5870086B,ORD_4E2DD7E6,PROD_3B38BF54,8,902.87,49.28
ITEM_7CF68FCE,ORD_2CAD085F,PROD_B8A0AB3B,-4,246.77,11.55
ITEM_F378C1F5,ORD_E78A56A8,PROD_C7A14B2D,6,274.61,7.69
ITEM_5E6F51F4,ORD_FCBB6025,PROD_6EDCCBF2,4,411.61,46.95
ITEM_76C30C85,ORD_82837CF1,PROD_C7A14B2D,4,812.31,44.43
ITEM_6F4E1A67,ORD_2F0E5065,PROD_B26585A2,2,834.56,0.38
ITEM_ECA9B828,ORD_DCC12043,PROD_780BCFCE,10,125.27,24.09
ITEM_0ADA3B8E,ORD_D9E2BA4B,PROD_4324079C,1,575.25,3.53
ITEM_281832A0,ORD_5F30F68A,PROD_1A3496AE,7,905.86,43.39
ITEM_7A2C61CE,ORD_D4D3DDE0,PROD_1FA2EE7B,6,170.56,17.77
ITEM_F6A8C942,ORD_156041ED,PROD_662FE004,6,398.2,39.95
ITEM_03FC4885,ORD_4949E331,PROD_0264C968,8,473.65,60.3
ITEM_80B4D0D3,ORD_9FBF2DAD,PROD_7E999A51,7,16.56,33.62
ITEM_33E125D8,ORD_12ABBC91,PROD_72AA65AA,7,559.77,88.32
ITEM_62E7B3FB,ORD_A16CE0FE,PROD_6E13B1C5,2,960.02,9.27
ITEM_BE89CB00,ORD_C3BD4022,PROD_4324079C,-8,552.15,32.27
ITEM_56457B9E,ORD_08E932F8,PROD_91D1988E,10,570.46,57.4
ITEM_F9AA3238,ORD_49D559BF,PROD_280CF9C8,-4,638.63,31.96
ITEM_5B1C82D7,ORD_A16CE0FE,PROD_06D34D49,6,554.09,16.99
ITEM_B6D7D026,ORD_51E7D2FD,PROD_D2CB580B,2,234.31,10.74
ITEM_20776C83,ORD_C0D90FDF,PROD_E540D412,10,794.35,81.89
ITEM_E90FA7AA,ORD_A73EE902,PROD_C91DF400,1,358.09,4.38
ITEM_B9C1C83E,ORD_2A932B6F,PROD_EB3A37BB,7,215.49,59.09
ITEM_5428D2C8,ORD_0A14DEB8,PROD_6D7F791D,5,676.36,24.47
ITEM_F81FC3F0,ORD_C1076266,PROD_CC0BAB29,8,815.18,5.69
ITEM_0FA77800,ORD_27218E5A,PROD_D2126E1C,-5,457.22,3.69
ITEM_D0DF168F,ORD_0A2285A1,PROD_4324079C,1,290.9,76.65
ITEM_9ED37270,ORD_AF4C89DC,PROD_79D2A1C5,7,387.83,4.44
ITEM_E9BAE8F6,ORD_F2CB38A7,PROD_F3E1B1D7,4,523.22,39.42
ITEM_CA4DC464,ORD_97C16E2E,PROD_D56B4051,7,423.71,44.73
ITEM_1DB12E9F,ORD_0D8CA693,PROD_352AA40F,9,182.36,12.87
ITEM_540E4838,ORD_2F8ACA0F,PROD_6E13B1C5,4,789.31,42.15
ITEM_B4E550AD,ORD_99310B06,PROD_E3880D2B,3,340.65,46.28
ITEM_B7CD7746,ORD_D59CCB0C,PROD_53C13013,5,820.96,65.07
ITEM_BD42B23F,ORD_08AB7190,PROD_1CEC3A76,6,316.75,80.91
ITEM_2B1D75B8,ORD_6842DF8C,PROD_E8B91FE8,4,163.19,95.2
ITEM_A4ABA963,ORD_DEC9C07C,PROD_BD313EFE,7,204.63,50.1
ITEM_39DD08B4,ORD_24F79612,PROD_B1227F58,8,614.58,57.0
ITEM_3C6A510D,ORD_A6227AC8,PROD_5DE8F93B,9,882.68,67.57
ITEM_D5FFE21D,ORD_9D689AAF,PROD_81F41066,3,463.6,27.09
ITEM_8830C19D,ORD_0FE50C23,PROD_819851A7,7,85.22,36.34
ITEM_3BAFA523,ORD_0D8CA693,PROD_30A0C408,2,855.15,7.69
ITEM_AF222F52,ORD_18D235E4,PROD_A3E636A6,7,249.45,83.4
ITEM_73EEE957,ORD_1BA67F70,PROD_E50DC2E8,2,121.87,31.43
ITEM_89E01C28,ORD_888D5978,PROD_B47DD889,2,486.75,7.7
ITEM_1F17A5BE,ORD_4343AF45,PROD_0CD4F14A,5,222.3,82.83
ITEM_3A647BDE,ORD_11693030,PROD_F40DD521,1,844.43,59.42
ITEM_47A3930D,ORD_B8818251,PROD_7AA8ADF5,3,943.42,28.0
ITEM_4E0EFE5E,ORD_4C870C77,PROD_069A8302,5,640.17,24.5
ITEM_461C0075,ORD_F3F618A3,PROD_347E63F6,10,652.14,35.27
ITEM_3A293640,ORD_FC8448A4,PROD_9FE0473C,8,327.06,23.59
ITEM_231D77E9,ORD_E3AA4A41,PROD_32AA6F53,3,518.38,40.38
ITEM_78F75567,ORD_DE7A2542,PROD_FEE09EF6,9,292.62,93.8
ITEM_A601FFA8,ORD_2379DB02,PROD_F00320E7,8,831.08,44.23
ITEM_00577691,ORD_4A99A721,PROD_879D893B,4,393.38,45.95
ITEM_72A1151E,ORD_2B1310F3,PROD_A71E0FD2,3,848.43,56.13
ITEM_6F5E6D0A,ORD_BC1CBE51,PROD_563F6964,8,552.34,27.96
ITEM_A39DB31F,ORD_FC8448A4,PROD_D13C2258,4,252.9,2.3
ITEM_943B9C37,ORD_E9BFA2A7,PROD_0B8B75BB,9,544.18,37.04
ITEM_4EC31C1D,ORD_8005114C,PROD_CDA38F06,1,150.38,44.53
ITEM_C11F31D1,ORD_A0A05F83,PROD_1FA2EE7B,4,219.06,83.69
ITEM_B26AC2AD,ORD_544FF86C,PROD_A0187241,9,56.42,13.91
ITEM_22FBF40A,ORD_8F494282,PROD_D91D91E0,1,711.85,9.83
ITEM_8ED3BE27,ORD_2601C675,PROD_A6E83DF0,8,841.25,39.89
ITEM_67AA5B31,ORD_B70AAF4A,PROD_2A5551AC,2,786.35,17.76
ITEM_5328B4E9,ORD_30A1E26C,PROD_B2886325,5,471.41,85.4
ITEM_66DC1695,ORD_2BA639F7,PROD_EE17463A,8,20.68,21.46
ITEM_E1F9E39B,ORD_C8AE146A,PROD_3AC858A0,8,772.22,0.56
ITEM_91809F65,ORD_3CF1B1C4,PROD_C3EF376E,8,558.07,52.52
ITEM_BB104D9B,ORD_0B9C27BA,PROD_96D62270,-6,320.36,58.25
ITEM_233B646C,ORD_CB8EB479,PROD_F46D5E8D,8,723.94,32.28
ITEM_38F310B6,ORD_752EA660,PROD_2469BB89,10,411.46,19.47
ITEM_D92E8983,ORD_16308D3F,PROD_9FE0473C,8,100.54,55.07
ITEM_B6C69003,ORD_A3CF7E3E,PROD_EE17463A,7,522.6,72.21
ITEM_89CE1C99,ORD_2BA639F7,PROD_CFA8532E,3,351.77,40.82
ITEM_CDC2A207,ORD_966F2E40,PROD_743558A8,7,230.28,46.0
ITEM_A59C83E6,ORD_3124D6EF,PROD_6A376C35,8,336.17,58.91
ITEM_E2F49994,ORD_73BF5E3E,PROD_1A3496AE,1,486.94,55.36
ITEM_1E2B7A7D,ORD_FC8448A4,PROD_3BCF62C6,3,405.68,12.94
ITEM_CBAA5ABD,ORD_00D8B7D6,PROD_25CC4B61,8,273.69,0.18
ITEM_41D13D3E,ORD_621B607D,PROD_B8096350,4,13.85,81.32
ITEM_67656BC2,ORD_66D50B96,PROD_C6870DDE,4,411.43,41.71
ITEM_E0AF65A4,ORD_6842DF8C,PROD_B8096350,2,116.58,26.79
ITEM_AF15CD05,ORD_1C8B0E1E,PROD_E9EB923C,9,641.42,91.75
ITEM_2C0A616F,ORD_826532FB,PROD_0BEA93FC,8,19.78,37.28
ITEM_5B6F091B,ORD_D96DB269,PROD_D785C928,4,998.19,49.84
ITEM_48A8826E,ORD_1D83C0A1,PROD_26AA7C1B,9,911.34,83.65
ITEM_EB801F41,ORD_368D0C61,PROD_81F41066,5,667.55,64.71
ITEM_892C254A,ORD_0AB5CAFC,PROD_7FDF27D8,10,865.15,44.27
ITEM_2EB7C355,ORD_49C6CA87,PROD_140CAA9E,3,748.04,14.27
ITEM_63FF1CEB,ORD_A9573468,PROD_90775A57,3,940.01,3.8
ITEM_15E58E58,ORD_C954EF49,PROD_659C100C,6,367.97,33.53
ITEM_E1C6CD54,ORD_C9AF8E80,PROD_56D44948,9,90.52,18.08
ITEM_B4C6AE49,ORD_FF8B52EF,PROD_FCBBBBFE,3,527.69,93.99
ITEM_81670CED,ORD_A79E5EFE,PROD_111B4FB4,6,228.79,13.02
ITEM_1949062B,ORD_1B94C0D8,PROD_A80802AB,3,845.98,31.4
ITEM_F324B5B9,ORD_0CBA31A5,PROD_D555AD09,9,969.52,88.44
ITEM_4C3571DA,ORD_C4C77726,PROD_77FF94C9,9,724.79,28.63
ITEM_6367896D,ORD_8005114C,PROD_E1AB8508,4,274.14,20.52
ITEM_4B4EA34B,ORD_98DA94CD,PROD_3A804B34,8,364.86,67.62
ITEM_2C4972A4,ORD_BC5528B8,PROD_06D34D49,-8,344.3,14.58
ITEM_DA57765C,ORD_554FB816,PROD_CC0BAB29,1,659.53,31.03
ITEM_AE643E4F,ORD_03EFDD1D,PROD_B2886325,1,370.58,60.08
ITEM_FA9B2DDF,ORD_3CC5DDBA,PROD_CAEDBCB0,4,948.66,89.07
ITEM_1A1CD867,ORD_F36D8B19,PROD_E11B29EB,9,451.13,8.16
ITEM_D6746267,ORD_C21C94F9,PROD_9A42A740,1,984.21,37.65
ITEM_7F545A2D,ORD_EA211F8A,PROD_4ED95DC9,5,466.92,13.2
ITEM_31D9FA19,ORD_6298FB20,PROD_81245276,10,209.28,37.28
ITEM_64DA3C89,ORD_8CD3E168,PROD_8BD479BE,5,654.98,11.83
ITEM_87EB701B,ORD_C2E970D8,PROD_8922F2C0,7,278.88,48.93
ITEM_4DD2FB90,ORD_F8366B6B,PROD_CB3DFB30,1,206.82,58.25
ITEM_292590B4,ORD_2379DB02,PROD_53ECB055,1,683.36,3.08
ITEM_EA67613E,ORD_D74148B6,PROD_C8008ECC,7,727.92,64.75
ITEM_127D3735,ORD_4890CF82,PROD_698C9FA8,2,151.22,68.55
ITEM_EDE153BF,ORD_8B7035FB,PROD_E6E4D370,4,542.28,71.93
ITEM_5AA388C2,ORD_51E7D2FD,PROD_BABE193C,6,406.49,39.93
ITEM_B3FFEE2B,ORD_AEF709C6,PROD_B083B49A,9,494.15,59.94
ITEM_45531ED8,ORD_DCF1BC30,PROD_C3BCA5F3,4,686.04,83.8
ITEM_88FAA311,ORD_ED07BED7,PROD_3976AF76,6,583.17,50.96
ITEM_8292134A,ORD_A2F360A0,PROD_E76A8852,2,444.26,30.39
ITEM_B42957B7,ORD_17785ED3,PROD_1C6E0E67,2,58.9,34.9
ITEM_243D612F,ORD_A90BC8F4,PROD_A0187241,3,509.73,96.81
ITEM_C1B2F134,ORD_2EBB0685,PROD_AE6C1D12,2,260.56,50.33
ITEM_2620ADE4,ORD_D3E2991E,PROD_32D519DC,3,619.07,98.36
ITEM_32CEEDB8,ORD_2C95856B,PROD_BE7AE22E,-5,485.26,58.39
ITEM_AE70D95A,ORD_CA5E3336,PROD_1F8CD2C2,7,487.36,84.19
ITEM_67FFC96B,ORD_84999B20,PROD_A4ADFD34,2,246.0,10.15
ITEM_66D66FEC,ORD_3E2C0DE8,PROD_44EA40E8,-3,912.67,82.2
ITEM_1D00BDFC,ORD_694E1FBF,PROD_05F38582,9,883.39,45.24
ITEM_3AB52DD7,ORD_4DE27EBD,PROD_B49D1EDA,4,772.99,65.11
ITEM_33EF7D2C,ORD_80757357,PROD_56D44948,9,806.46,58.38
ITEM_BDE1E4F2,ORD_CE53582D,PROD_A619431A,1,543.62,37.4
ITEM_7B1D110F,ORD_1B297993,PROD_2A5551AC,6,297.26,58.89
ITEM_E961CB94,ORD_5F30F68A,PROD_C59B9490,9,453.49,65.47
ITEM_5924979D,ORD_2FAAF067,PROD_22D0ABBA,8,611.71,77.03
ITEM_FAE67A33,ORD_3D373034,PROD_966F2840,3,834.23,52.39
ITEM_839BE822,ORD_AB8A5C2E,PROD_F1A85AEE,7,321.8,35.1
ITEM_6486126B,ORD_571074DE,PROD_BC458F72,3,183.67,94.19
ITEM_584AA094,ORD_84999017,PROD_FEF9F26F,4,81.21,97.21
ITEM_E73F3654,ORD_36DF090C,PROD_301F78B1,7,663.84,22.33
ITEM_972BE702,ORD_069286F1,PROD_9FE0473C,9,388.58,85.51
ITEM_45252C6D,ORD_A306D7C3,PROD_F417661F,9,151.18,3.47
ITEM_B754FBCA,ORD_24D797AF,PROD_FC4B69FC,7,189.91,60.75
ITEM_56B5F5D4,ORD_8FFB543C,PROD_7BB75F03,6,528.85,0.84
ITEM_B12EBC9E,ORD_772F04B2,PROD_02D72DDC,5,761.09,48.91
ITEM_CA393A97,ORD_BD75F5BC,PROD_73AFF189,8,150.0,79.74
ITEM_CD6A3458,ORD_344D752A,PROD_70BE0105,6,315.44,85.75
ITEM_60DD4F1B,ORD_2A932B6F,PROD_52F93F49,3,362.13,32.53
ITEM_07FBF8B1,ORD_5C759909,PROD_8E03CD78,4,129.51,47.61
ITEM_45C5D0AE,ORD_0943A32C,PROD_BDF20C09,3,595.09,33.46
ITEM_24B937D3,ORD_2601C675,PROD_879D893B,1,990.07,97.85
ITEM_61E0B0DF,ORD_98B86843,PROD_B6945E69,3,596.55,94.21
ITEM_524FBADB,ORD_3079F90F,PROD_4ADBBD81,-8,774.88,65.58
ITEM_66AAA4CD,ORD_4239D6E1,PROD_9379C793,6,318.11,21.86
ITEM_AB36050B,ORD_2CAED911,PROD_A2F626A6,9,549.71,41.0
ITEM_AB2A7C17,ORD_1BD74F83,PROD_A1552CFC,10,108.0,96.12
ITEM_13D04A58,ORD_503C13AE,PROD_99DBD9B0,10,681.66,38.5
ITEM_ED571834,ORD_9AC4D596,PROD_D902B4C8,5,33.27,94.16
ITEM_4DA46810,ORD_376D1AB3,PROD_669E2C8D,2,922.34,40.74
ITEM_DE820A8A,ORD_16308D3F,PROD_25CC4B61,2,26.28,96.68
ITEM_006C9FD5,ORD_A16CE0FE,PROD_CAEDBCB0,5,250.23,7.06
ITEM_5BB0BC31,ORD_0FA28F3B,PROD_D56B4051,7,274.0,9.19
ITEM_B51BEC10,ORD_39172A8A,PROD_E7445738,1,109.02,59.53
ITEM_96E19F08,ORD_70E36D7E,PROD_87472041,10,599.41,40.02
ITEM_3D757BB6,ORD_04A89236,PROD_437B8629,8,306.75,20.16
ITEM_5DE90EB3,ORD_4E600310,PROD_84A2A662,7,270.83,24.88
ITEM_512391BB,ORD_14974EFB,PROD_BC9E051E,9,931.51,2.59
ITEM_85AC3DB9,ORD_C2F3C268,PROD_2DE4BC0D,1,969.86,25.73
ITEM_9A84604D,ORD_41DE7071,PROD_3A804B34,7,928.12,48.56
ITEM_E7B548A6,ORD_EA93D9DC,PROD_3F0C7830,10,724.64,45.87
ITEM_B69AEEBE,ORD_C46F96DF,PROD_FCBBBBFE,8,401.99,27.46
ITEM_7313A26A,ORD_3F3764FC,PROD_26B17524,5,153.93,41.6
ITEM_DB06D6BF,ORD_C6D79E7A,PROD_F3E1B1D7,2,248.05,5.26
ITEM_8AF4EBF8,ORD_FCBB6025,PROD_13DD0411,1,536.71,7.7
ITEM_EEFA9BA9,ORD_B92D43EA,PROD_010DBD9A,8,272.29,36.5
ITEM_135D83B7,ORD_3B97764C,PROD_5D859117,9,138.3,47.24
ITEM_47ACC518,ORD_FF675778,PROD_88AC6C96,2,900.31,22.5
ITEM_4E70FDF8,ORD_9F778EF9,PROD_EE093081,2,605.55,79.46
ITEM_AB78DA58,ORD_E7C7783D,PROD_2F8F8A54,7,247.76,2.45
ITEM_B47A90A5,ORD_8290AC2C,PROD_698C9FA8,2,775.17,98.28
ITEM_9F9E2CD4,ORD_D9E2BA4B,PROD_0A7D7670,8,429.15,51.63
ITEM_A334385D,ORD_6DBE1E33,PROD_487D6906,2,292.19,85.79
ITEM_C7A532F0,ORD_15904BDF,PROD_81F41066,7,196.61,1.49
ITEM_1ECCE37B,ORD_9277632E,PROD_91D1988E,2,757.95,14.26
ITEM_72BF03BD,ORD_BD29047C,PROD_983D8BBD,7,98.73,33.42
ITEM_AFB28307,ORD_7D9DD665,PROD_FE9B227F,5,63.89,46.76
ITEM_1849216C,ORD_0FA28F3B,PROD_81F41066,3,998.75,5.35
ITEM_FED84E21,ORD_7AED0645,PROD_3E6A998C,8,940.57,50.84
ITEM_DE886E9E,ORD_8D43B861,PROD_EF1E90E8,7,986.16,6.24
ITEM_52343BF7,ORD_E78D4998,PROD_3ED8A65B,7,783.03,47.11
ITEM_749E992F,ORD_57AAF7A1,PROD_04E6B7BD,9,277.88,54.71
ITEM_F45D06C4,ORD_BE1535F5,PROD_810D360D,6,916.01,44.05
ITEM_35C33942,ORD_C3F8EAC1,PROD_09B393D4,3,198.76,36.53
ITEM_B1A577BC,ORD_36DF090C,PROD_29D6B0E1,8,294.86,28.02
ITEM_23629B6C,ORD_CAAED50E,PROD_419E71A0,10,391.62,85.54
ITEM_47C9D54F,ORD_2A48FDE9,PROD_A69E9FCE,6,847.38,44.71
ITEM_8F1CF6CB,ORD_3DADD924,PROD_D7B5ABC7,4,555.78,77.75
ITEM_8E74B000,ORD_9C462185,PROD_C6870DDE,4,703.23,22.91
ITEM_7441064E,ORD_EE6F1263,PROD_63AF3FD2,8,518.34,57.28
ITEM_F8DC038E,ORD_7578596A,PROD_3B38BF54,7,807.82,15.49
ITEM_28E3B3A7,ORD_2A46BB02,PROD_ED37B465,5,283.85,55.0
ITEM_0D0D5E7C,ORD_FF675778,PROD_02EA6A39,5,753.53,4.3
ITEM_6A7E486B,ORD_26192521,PROD_B083B49A,9,614.95,11.61
ITEM_179540FC,ORD_FC8448A4,PROD_1D8A99A6,8,779.73,65.01
ITEM_D8A95B75,ORD_4239D6E1,PROD_198D511C,4,796.7,92.38
ITEM_EB95FEF7,ORD_37A6A87D,PROD_BD67DC0B,8,445.73,8.12
ITEM_AD6B827F,ORD_D3FE9D36,PROD_B8929D0A,1,673.06,99.69
ITEM_025610A1,ORD_2DEE5CB3,PROD_156C8828,1,704.55,76.25
ITEM_8A56DE85,ORD_82D8BB6F,PROD_0B8B75BB,2,865.29,25.86
ITEM_8966D076,ORD_FB0455D8,PROD_BB351997,9,545.69,44.97
ITEM_4CA6FA15,ORD_656A18D5,PROD_A2FFD2FA,9,944.15,43.22
ITEM_6F49D2D5,ORD_C9277E0F,PROD_86BC9AC2,8,983.01,7.43
ITEM_DA639A85,ORD_5CCE7182,PROD_BC9E051E,3,527.87,79.17
ITEM_2EA4EAEA,ORD_EC5CEE40,PROD_EF03CB22,6,402.59,97.54
ITEM_514986B7,ORD_45927956,PROD_669E2C8D,8,976.95,42.02
ITEM_343EB738,ORD_F98DD7F8,PROD_02D72DDC,9,548.32,61.43
ITEM_0C69C723,ORD_08E932F8,PROD_B5B4174A,9,311.5,88.77
ITEM_54F4F550,ORD_A0CC7557,PROD_AE6C1D12,7,796.37,91.2
ITEM_973D65B9,ORD_FFA1B80F,PROD_32AA6F53,7,912.34,37.25
ITEM_F19E7981,ORD_57AAF7A1,PROD_BD313EFE,3,425.01,36.08
ITEM_CF536334,ORD_6E349B3E,PROD_0689EF5F,4,730.76,29.85
ITEM_8ABFD3F0,ORD_069286F1,PROD_3E6A998C,8,489.32,18.04
ITEM_27A5632A,ORD_27218E5A,PROD_A3CC8F9E,10,978.25,47.36
ITEM_AAC2927B,ORD_D74148B6,PROD_E6E4D370,1,34.42,45.86
ITEM_B59A07ED,ORD_B1F08390,PROD_487D6906,7,211.29,49.93
ITEM_751407AD,ORD_5691FCFA,PROD_E1AB8508,8,161.47,22.02
ITEM_7CC1A8C1,ORD_DEC9C07C,PROD_C6870DDE,6,289.89,89.06
ITEM_4C479F7E,ORD_B136F655,PROD_D6674918,8,418.48,5.97
ITEM_44A9AC8C,ORD_1861D3B8,PROD_ED9E5C39,10,830.89,32.07
ITEM_453743DB,ORD_F2A7CAA7,PROD_4532D7DE,6,968.09,99.1
ITEM_1B982921,ORD_4343AF45,PROD_5F25611E,7,214.76,59.34
ITEM_271F34AA,ORD_28D5AE0A,PROD_3FDDDE17,5,542.7,65.32
ITEM_3D7E9ABE,ORD_BD29047C,PROD_FC545259,7,356.19,52.75
ITEM_22FCCB44,ORD_A3D6087D,PROD_09862CCF,9,18.82,6.71
ITEM_C55B899D,ORD_86760986,PROD_DA3FB4A0,1,485.62,0.12
ITEM_6A1A882A,ORD_64C3F147,PROD_3437F4E2,3,548.78,96.31
ITEM_93143EAF,ORD_368D0C61,PROD_B4621B7C,9,286.64,68.82
ITEM_0FDF3AAC,ORD_6DFD5533,PROD_DF2ACC05,6,649.77,93.14
ITEM_43AFA888,ORD_75E38631,PROD_5F25611E,6,936.9,50.45
ITEM_3EA4DFD1,ORD_C3AD0CB1,PROD_29D6B0E1,5,768.15,17.39
ITEM_87A42209,ORD_B160D3F8,PROD_F46A5367,7,157.76,98.91
ITEM_388D72A4,ORD_A9573468,PROD_C3A768EF,3,913.37,50.65
ITEM_32D93A31,ORD_0943A32C,PROD_79D2A1C5,9,806.48,7.12
ITEM_D2433450,ORD_A149F394,PROD_4DE71A6D,3,616.73,82.17
ITEM_D256714D,ORD_4C870C77,PROD_271C6FC3,6,313.51,84.51
ITEM_0B1A4301,ORD_958D92F1,PROD_7D06E4A9,10,680.06,24.29
ITEM_43CCC9C7,ORD_6C0950C8,PROD_3B4AD42C,9,211.09,47.24
ITEM_1A02AE77,ORD_120760B6,PROD_42C4C541,1,222.04,29.6
ITEM_93FD3761,ORD_547A24E6,PROD_55F45045,10,611.98,57.1
ITEM_C53FF4D8,ORD_4A4224A8,PROD_0B0719BD,1,971.41,0.41
ITEM_A3F21A9B,ORD_457EBDF9,PROD_71A2555D,8,307.47,30.94
ITEM_1A27730B,ORD_0FE50C23,PROD_F46D5E8D,6,699.38,66.97
ITEM_2A09407A,ORD_35A506CE,PROD_7DD06A17,1,79.72,53.5
ITEM_E0D2AA9B,ORD_53A0E326,PROD_4ADBBD81,5,575.55,17.92
ITEM_3C744B17,ORD_CCCF60FA,PROD_810D360D,1,632.28,98.85
ITEM_BC9DC216,ORD_04DEF4E7,PROD_6ABF1977,3,543.32,39.18
ITEM_1A38130E,ORD_05FC94C9,PROD_ACACFA9C,3,227.27,61.33
ITEM_ADF04466,ORD_8FB82BBF,PROD_DEF898B5,9,19.21,32.84
ITEM_B37DFA0E,ORD_60A8B0C4,PROD_3ED8A65B,2,606.62,52.76
ITEM_708BD515,ORD_126E87F6,PROD_EE093081,4,451.4,56.54
ITEM_182C66EE,ORD_EA93D9DC,PROD_CCE42FDB,6,624.0,53.15
ITEM_37789B19,ORD_A44209B6,PROD_D3EA66E9,3,652.95,85.46
ITEM_79382728,ORD_DF3EAE9E,PROD_1A3496AE,2,666.29,42.54
ITEM_8779EE55,ORD_5ADD188E,PROD_B8096350,5,32.33,17.46
ITEM_0379B18A,ORD_6CC657B2,PROD_D3EA66E9,8,806.9,48.96
ITEM_A7998C05,ORD_FCBBE098,PROD_EE17463A,6,334.52,8.74
ITEM_D1000EE8,ORD_81D568EF,PROD_EBE833B4,6,950.01,48.86
ITEM_8761ED22,ORD_B2B6A5A9,PROD_6D57C549,9,406.88,28.14
ITEM_011CE614,ORD_778F1831,PROD_5AD4A75B,3,550.49,50.75
ITEM_CC3EDF99,ORD_84A78AB4,PROD_04CEB81A,9,36.55,28.97
ITEM_EA1EA687,ORD_C8AE146A,PROD_BD391552,-3,942.24,7.77
ITEM_AFE4B98C,ORD_81462F03,PROD_60D65479,3,951.83,10.28
ITEM_4E375525,ORD_D4F41442,PROD_768207FE,4,737.69,3.66
ITEM_148284E6,ORD_6A2F807E,PROD_E11B29EB,5,572.37,67.12
ITEM_E85F0DA9,ORD_E78A56A8,PROD_9FE0473C,3,123.54,4.89
ITEM_8FD65A2D,ORD_AAB72037,PROD_AB76F18B,7,685.42,29.42
ITEM_4A4CCB7E,ORD_FEF7F9AD,PROD_087A35C9,5,244.1,3.79
ITEM_F764B84E,ORD_D3FE9D36,PROD_1D8A99A6,2,433.62,50.19
ITEM_6B51AF0C,ORD_82D8BB6F,PROD_087A35C9,4,580.06,4.21
ITEM_88DA8D52,ORD_B5961358,PROD_26C30295,8,369.09,0.18
ITEM_0D42EAA4,ORD_4890CF82,PROD_53ECB055,7,37.04,2.66
ITEM_4A418200,ORD_143D0497,PROD_A6570506,2,493.42,74.41
ITEM_A58EA0CE,ORD_F6FC7C34,PROD_64AA117B,6,786.18,44.53
ITEM_C681E40C,ORD_2B1310F3,PROD_358A3C3A,4,666.31,93.88
ITEM_AC81221A,ORD_DF1E1F77,PROD_B304BE85,10,670.3,40.01
ITEM_1212475E,ORD_DA676FEE,PROD_4A85A92D,8,628.53,46.79
ITEM_A15FD48A,ORD_F71F8B95,PROD_1F8CD2C2,5,31.37,14.89
ITEM_C47CD9DA,ORD_F1615071,PROD_31B9986D,2,553.85,8.02
ITEM_57C65870,ORD_46DD6486,PROD_4919EDB1,6,585.12,0.22
ITEM_5A9166EF,ORD_8D43B861,PROD_FC4B69FC,7,585.63,16.45
ITEM_13A1992E,ORD_08E932F8,PROD_D3EA66E9,5,153.9,49.73
ITEM_3D7D5071,ORD_0BEECE93,PROD_AE5AFEB0,3,294.99,50.2
ITEM_483FB831,ORD_27218E5A,PROD_25CC4B61,8,811.68,9.36
ITEM_83DFE5F7,ORD_125C3AB8,PROD_4CA4A512,3,706.2,82.48
ITEM_F12F33CC,ORD_43239F67,PROD_32761E2D,8,621.62,21.13
ITEM_4E4F31A2,ORD_26B29C96,PROD_7D28687C,1,528.6,32.96
ITEM_9FA838AA,ORD_11655D02,PROD_88A6D0D1,5,836.48,69.83
ITEM_DB4DD987,ORD_FCC6FC5F,PROD_12CC1807,-2,872.14,59.06
ITEM_2BD65032,ORD_F2DED74A,PROD_BAE34CB3,3,892.99,56.25
ITEM_A2F1D54E,ORD_6CC3A8C2,PROD_A577BEAB,9,812.53,86.57
ITEM_8454A586,ORD_198D4CBE,PROD_A08E3CCB,5,268.15,72.3
ITEM_3DB073BA,ORD_B7A5B9C5,PROD_A71E0FD2,7,835.97,3.49
ITEM_0B39B22B,ORD_E78A56A8,PROD_0D950DDD,9,840.37,26.95
ITEM_C5AE94CE,ORD_28D5AE0A,PROD_698C9FA8,4,24.33,84.54
ITEM_F5724E43,ORD_DE7A2542,PROD_5E26683F,4,507.18,52.12
ITEM_EE8D2061,ORD_EE1AF37F,PROD_B47DD889,4,896.62,78.08
ITEM_5F323E22,ORD_43239F67,PROD_4A85A92D,2,589.68,96.16
ITEM_01D766CB,ORD_DDFE3694,PROD_88AC6C96,7,305.33,11.07
ITEM_BE4A82E7,ORD_8290AC2C,PROD_E9C1A143,8,84.22,72.37
ITEM_567F541D,ORD_0AB5CAFC,PROD_F656A06C,4,780.16,99.98
ITEM_73D1F0F9,ORD_5939598D,PROD_32761E2D,6,289.18,69.57
ITEM_5A146168,ORD_3202323B,PROD_AD9BBF13,10,39.54,23.48
ITEM_37976F0E,ORD_25330982,PROD_6A203E72,7,356.89,53.15
ITEM_3ADE02C5,ORD_8A0B9769,PROD_D902B4C8,9,352.97,48.19
ITEM_2D2C0E93,ORD_0BEECE93,PROD_B23C8124,2,428.75,18.09
ITEM_782FB6D9,ORD_526D3685,PROD_988C6734,2,975.58,84.76
ITEM_A617F24A,ORD_6E31CE43,PROD_E6E4D370,5,287.2,89.5
ITEM_ABF7F86A,ORD_547A24E6,PROD_05F38582,3,656.47,88.28
ITEM_913AC421,ORD_70410752,PROD_3AC9F6F8,4,979.91,20.0
ITEM_364651F6,ORD_DF49EA1A,PROD_58EB7C60,1,390.15,35.74
ITEM_22505B61,ORD_EE6F1263,PROD_312F3649,4,619.21,36.19
ITEM_FFEB809F,ORD_F71F8B95,PROD_487D6906,4,350.3,95.61
ITEM_13FD3407,ORD_E18C0EBE,PROD_9EAC39B9,7,13.47,76.54
ITEM_21372587,ORD_09743F85,PROD_198D511C,2,768.48,14.24
ITEM_C33F3AE4,ORD_E8C9C1F8,PROD_8AB67E0B,4,740.99,12.34
ITEM_0BCCE394,ORD_63377EFD,PROD_E5955AC8,5,771.63,18.15
ITEM_0A7E84B6,ORD_C60B5224,PROD_0D950DDD,2,210.09,85.31
ITEM_0F7FFEDE,ORD_9638DB76,PROD_BABE193C,9,469.55,20.98
ITEM_0E31C7D3,ORD_C7AC04D7,PROD_B6945E69,4,357.91,54.85
ITEM_59EB9C9F,ORD_8242FCB5,PROD_837CF985,4,899.4,46.42
ITEM_3063052F,ORD_73468103,PROD_26C30295,1,517.73,34.73
ITEM_F0018831,ORD_BDBDF7BA,PROD_17B6F669,3,741.12,30.24
ITEM_741BD947,ORD_D4CD7E45,PROD_B47DD889,2,151.38,14.8
ITEM_56CF414E,ORD_BBB958BD,PROD_D76B3C79,9,862.86,70.95
ITEM_08EE951A,ORD_C1E98B2C,PROD_DF61D4BC,2,419.73,75.13
ITEM_984A9E8B,ORD_71EC9C35,PROD_BC9E051E,4,582.59,47.08
ITEM_14FFBE8F,ORD_6CC3A8C2,PROD_3B4AD42C,6,133.24,56.37
ITEM_10403A04,ORD_C1467BCC,PROD_9379C793,8,180.87,36.64
ITEM_FFA30FAF,ORD_974CC317,PROD_E540D412,2,395.83,0.27
ITEM_B519729F,ORD_E6F09C13,PROD_7FCE1230,7,881.61,34.42
ITEM_20B7AC14,ORD_DCF1BC30,PROD_BC458F72,3,231.59,81.3
ITEM_1C3F3666,ORD_DD6E7B62,PROD_B083B49A,4,980.88,10.88
ITEM_B8FDE56F,ORD_3124D6EF,PROD_FD11B10B,8,730.76,51.36
ITEM_ADDEC1A6,ORD_1C7D74C7,PROD_819851A7,3,556.77,59.24
ITEM_1C61F155,ORD_79719B45,PROD_0C0C030E,8,141.18,82.71
ITEM_FD4F7829,ORD_BC0EF4C3,PROD_6ABF1977,10,111.68,26.9
ITEM_B4622FF7,ORD_D0205A17,PROD_698D70F8,5,414.07,21.48
ITEM_1FD040D8,ORD_8B7035FB,PROD_FC545259,3,166.58,40.71
ITEM_6E42A9CD,ORD_73F2CC8F,PROD_13D417E1,1,403.9,98.84
ITEM_2F25F198,ORD_887DFB88,PROD_4324079C,3,999.49,85.14
ITEM_5118ECEF,ORD_888D5978,PROD_2DD2E57A,8,301.17,93.05
ITEM_282F7512,ORD_94673E18,PROD_EE17463A,9,292.61,46.41
ITEM_4587E1C0,ORD_368D0C61,PROD_9A403CEB,9,415.35,70.67
ITEM_EB09F92C,ORD_0FBE0162,PROD_44BC4CE6,5,458.66,28.39
ITEM_7D8C4EF5,ORD_EC5CEE40,PROD_EB3A37BB,10,64.59,26.35
ITEM_F6AB977F,ORD_40613F61,PROD_0D9C56DB,8,611.89,78.62
ITEM_C637B86D,ORD_26275114,PROD_A6570506,5,277.44,84.59
ITEM_6094663F,ORD_EFE95A48,PROD_FE9B227F,5,49.09,6.46
ITEM_5FEB1054,ORD_99577DD7,PROD_6ABF1977,6,690.75,34.1
ITEM_A2501CEB,ORD_4CE9C491,PROD_58EB7C60,7,530.76,29.8
ITEM_1EA92E6C,ORD_40613F61,PROD_1715E202,2,960.64,54.2
ITEM_5ACF6AF8,ORD_36DF090C,PROD_1D9C4F4A,4,871.94,52.63
ITEM_061B94F0,ORD_FCBB6025,PROD_E3880D2B,10,688.74,70.33
ITEM_9D03A5E6,ORD_498709B6,PROD_F3E1B1D7,1,745.34,73.98
ITEM_4E51979F,ORD_9BAD3B8E,PROD_0B8B75BB,4,601.64,85.53
ITEM_0F6F8462,ORD_2869C263,PROD_DCA59AB9,5,700.62,89.36
ITEM_10984B3C,ORD_B136F655,PROD_7E999A51,-8,211.27,99.7
ITEM_DFEF97B2,ORD_9E7D9A5C,PROD_26B17524,2,650.9,66.4
ITEM_2F38DD94,ORD_7AED0645,PROD_A92EC28F,1,403.1,67.25
ITEM_0B1BB063,ORD_CF9BD499,PROD_1C6E0E67,9,976.14,45.45
ITEM_BA3B0D9C,ORD_0317C13B,PROD_22D0ABBA,7,293.37,6.79
ITEM_59D2A92D,ORD_66CAC90B,PROD_B8096350,7,916.97,60.19
ITEM_A5671064,ORD_ED07BED7,PROD_9E0151CA,2,847.78,22.98
ITEM_069ADC54,ORD_0C0BEC5B,PROD_2D0765E7,7,949.86,20.44
ITEM_A1B03046,ORD_9E7D9A5C,PROD_2F88D3F5,1,552.9,68.02
ITEM_126B13B7,ORD_9AC4D596,PROD_1DEF64E8,10,355.51,67.19
ITEM_F3C3E8C8,ORD_AD6A5F66,PROD_E11B29EB,10,84.06,63.04
ITEM_78562D29,ORD_64CC0C71,PROD_D2CB580B,9,852.36,73.77
ITEM_26D04530,ORD_133508C8,PROD_30861756,4,403.02,38.42
ITEM_D95FAA06,ORD_C2E3942E,PROD_F5A13973,1,373.24,21.05
ITEM_0C32742C,ORD_2E48180F,PROD_FC545259,4,12.42,56.17
ITEM_EB3F4790,ORD_516B689F,PROD_ED374513,7,166.36,49.56
ITEM_3EEB3675,ORD_C27FF443,PROD_ACACFA9C,4,952.33,69.25
ITEM_DEE5E06C,ORD_57D97DC9,PROD_D0064CBB,9,954.38,0.85
ITEM_5C9D9DAD,ORD_ABA3B327,PROD_06D34D49,4,82.47,52.71
ITEM_56D3125E,ORD_088618BE,PROD_ACACFA9C,1,953.15,18.36
ITEM_0A530A77,ORD_73BF5E3E,PROD_ED374513,4,523.99,32.36
ITEM_FDCD80C6,ORD_23D15FEB,PROD_A619431A,9,507.14,74.96
ITEM_E05BF363,ORD_0A2285A1,PROD_91F2D50C,1,215.03,98.03
ITEM_E2C29198,ORD_1915B76C,PROD_9ADB3567,5,766.73,81.49
ITEM_470F0CE4,ORD_BC12210E,PROD_7E631A99,10,255.97,43.44
ITEM_CF98AA89,ORD_F02BC5AD,PROD_CC88160C,2,378.53,65.8
ITEM_CFC27A53,ORD_3E2C0DE8,PROD_BDF20C09,4,487.68,55.32
ITEM_64FCFC03,ORD_4A807875,PROD_837CF985,4,518.19,15.27
ITEM_FE3D1965,ORD_2CAFB87E,PROD_9E0151CA,9,600.51,5.9
ITEM_F9E796A8,ORD_7CF2764F,PROD_09B393D4,9,218.21,65.92
ITEM_FEE2FB80,ORD_25BD43A3,PROD_A6E83DF0,5,21.72,74.67
ITEM_92383BEA,ORD_772F04B2,PROD_EBE833B4,2,99.38,40.84
ITEM_8BB1A8E2,ORD_2D0CCC5D,PROD_F148305F,8,218.71,97.31
ITEM_426DB981,ORD_45927956,PROD_4ADBBD81,10,21.97,50.64
ITEM_890AE686,ORD_BA9AF74F,PROD_6F3C97D8,2,364.2,58.53
ITEM_567864BD,ORD_C1076266,PROD_E50DC2E8,4,50.67,94.76
ITEM_40D1C771,ORD_3AA9ABE8,PROD_307E7A10,5,740.53,36.99
ITEM_3CABC17F,ORD_778F1831,PROD_851FA18D,1,254.21,22.82
ITEM_FC5B44AF,ORD_2D6E65A2,PROD_CB3DFB30,-7,842.58,31.85
ITEM_597F9C9B,ORD_018BDCDF,PROD_85BD09E4,10,135.99,81.64
ITEM_A31EF657,ORD_8EAFE000,PROD_32985588,8,381.0,31.04
ITEM_FCEEC39C,ORD_49D559BF,PROD_1823EDC3,9,434.06,43.9
ITEM_B0071DC2,ORD_7468526C,PROD_63768836,6,879.21,59.79
ITEM_EC741332,ORD_E63B2B68,PROD_ED37B465,5,469.41,69.48
ITEM_53ABC70B,ORD_87E05F23,PROD_AF9CFF46,4,749.56,32.68
ITEM_E1EC6076,ORD_BE79EF54,PROD_419E71A0,9,594.15,69.41
ITEM_AF3410C8,ORD_1B297993,PROD_94D8C401,8,608.56,64.84
ITEM_C4D9A51F,ORD_65374CFE,PROD_3DAFA5B0,1,556.21,66.89
ITEM_35F97A5A,ORD_0B1FAA46,PROD_B8A0AB3B,5,388.62,61.02
ITEM_B5D694D0,ORD_554FB816,PROD_41679569,5,645.45,28.2
ITEM_6BF99A5E,ORD_84999B20,PROD_B8A0AB3B,3,107.46,8.59
ITEM_57E59191,ORD_726BDD8B,PROD_6D57C549,7,781.86,89.45
ITEM_040364BB,ORD_E3AA4A41,PROD_1B077FC6,9,763.47,58.86
ITEM_262D843A,ORD_701BC813,PROD_DAABADAA,2,834.32,26.17
ITEM_15912A8F,ORD_F9BF08B6,PROD_D785C928,8,873.47,44.32
ITEM_A26E6465,ORD_C9AF8E80,PROD_72C10777,8,662.3,11.43
ITEM_FF8CEC23,ORD_7EDA11EF,PROD_D2CB580B,1,270.3,89.84
ITEM_9333DB1D,ORD_2BE617FB,PROD_D555AD09,7,626.88,42.64
ITEM_0EAB2698,ORD_08E932F8,PROD_5AD59932,4,701.35,40.61
ITEM_6996C159,ORD_045052F0,PROD_E6E1DBA7,5,179.24,32.18
ITEM_85578C72,ORD_CE53582D,PROD_0CD4F14A,4,417.96,10.93
ITEM_43BBFF41,ORD_571074DE,PROD_352F6438,4,346.29,88.0
ITEM_29EDC0A2,ORD_EC5CEE40,PROD_00A480A5,7,270.35,78.31
ITEM_20C6B5A3,ORD_129D478D,PROD_D4D7E73A,1,743.32,77.66
ITEM_079C64C5,ORD_A529516A,PROD_2DE4BC0D,7,556.07,81.46
ITEM_6706506F,ORD_B91D72BF,PROD_FF52C6CD,9,869.16,99.56
ITEM_7854D840,ORD_05503890,PROD_B2886325,5,576.1,40.09
ITEM_A058645D,ORD_4A4224A8,PROD_EE4B74C8,7,381.98,4.08
ITEM_F9D81536,ORD_A10183DC,PROD_32985588,10,223.31,53.35
ITEM_6CD321B6,ORD_12B81B39,PROD_90775A57,1,355.98,75.56
ITEM_2AB3A250,ORD_53A0E326,PROD_FF50697C,9,43.43,53.65
ITEM_2D8FE970,ORD_06BA7405,PROD_BBA618B9,2,467.91,4.02
ITEM_0472B895,ORD_980041FF,PROD_03B1245C,8,186.42,35.79
ITEM_B0F3B4CA,ORD_44BDC5E1,PROD_6A79B8CF,6,393.14,25.51
ITEM_A516EABE,ORD_DE16C0C2,PROD_B1227F58,10,308.68,28.25
ITEM_1D7AA7E2,ORD_E972B299,PROD_DC14B817,8,820.24,48.95
ITEM_4D1C6C73,ORD_2BE617FB,PROD_010DBD9A,2,643.2,43.66
ITEM_0BE52663,ORD_31FC7E59,PROD_73AFF189,4,626.69,6.6
ITEM_50D1FE9B,ORD_DE04435C,PROD_264BB594,5,620.82,17.82
ITEM_6F9FC812,ORD_83DC2C72,PROD_96D62270,7,709.12,82.24
ITEM_8C5F4FD1,ORD_EA33353F,PROD_EE17463A,3,611.87,39.77
ITEM_94E01F1C,ORD_E16B19B8,PROD_CA5BEE77,5,995.48,96.24
ITEM_24CBA231,ORD_FC5B573B,PROD_D902B4C8,-4,995.57,88.41
ITEM_DDF49127,ORD_7CF2764F,PROD_E1AB8508,6,354.37,83.36
ITEM_008BADA9,ORD_16C5E881,PROD_768EE182,4,658.03,90.9
ITEM_55D68763,ORD_27218E5A,PROD_E2D29A8E,4,220.66,17.85
ITEM_E44E0480,ORD_A9BBB46A,PROD_A270CBDD,3,860.74,47.01
ITEM_7B18497E,ORD_40743C52,PROD_D76B3C79,2,778.76,31.44
ITEM_067484E6,ORD_83182F17,PROD_B7C93E05,4,583.3,14.29
ITEM_4F9B6F62,ORD_66C7D586,PROD_2D0765E7,8,82.27,22.59
ITEM_06690577,ORD_987C78B3,PROD_1715E202,2,374.73,39.64
ITEM_6E62EB25,ORD_E3AA4A41,PROD_6CA1BB96,6,375.3,31.48
ITEM_6306D00D,ORD_560DBC4D,PROD_FC1D5B6F,1,27.87,92.22
ITEM_CA02133B,ORD_08E932F8,PROD_3341B4D8,9,861.63,9.01
ITEM_EB56EEA7,ORD_84999017,PROD_ED972053,7,982.91,95.03
ITEM_9B2F9855,ORD_A306D7C3,PROD_60AE891E,8,497.24,23.56
ITEM_0AC73E7A,ORD_F97D171C,PROD_B8D8AE21,3,135.15,39.03
ITEM_BF0546A1,ORD_C9AF8E80,PROD_25CC4B61,-9,189.01,72.4
ITEM_314166A6,ORD_F02BC5AD,PROD_CA5BEE77,3,368.73,19.77
ITEM_756E7B84,ORD_2C95856B,PROD_A08E3CCB,10,810.51,64.7
ITEM_BDDD1C73,ORD_7DB5EF65,PROD_4DE71A6D,-7,942.75,2.14
ITEM_9567D601,ORD_5A42BCA4,PROD_FF52C6CD,4,42.35,39.74
ITEM_49952948,ORD_AFFAC24D,PROD_91533142,9,907.78,33.09
ITEM_83DD255B,ORD_626CD81F,PROD_71CC9C79,4,303.92,17.46
ITEM_A95C1656,ORD_65657F7B,PROD_8E03CD78,5,913.12,3.91
ITEM_05CF9609,ORD_B9CE1697,PROD_2338FA7E,5,617.37,69.97
ITEM_8915A5D4,ORD_A10183DC,PROD_4B97E71E,10,755.37,75.84
ITEM_D32E6505,ORD_26A9DC4B,PROD_60AE891E,6,733.29,11.01
ITEM_AC64134C,ORD_958C9F58,PROD_892915F8,5,201.74,54.73
ITEM_238C6432,ORD_F6FC7C34,PROD_0BEA93FC,2,360.94,77.42
ITEM_735B2D55,ORD_3B9AF3B8,PROD_7D28687C,6,566.6,94.41
ITEM_4FFD1F43,ORD_2CAED911,PROD_63AF3FD2,10,277.86,30.57
ITEM_87364500,ORD_79561FF7,PROD_5B28F3D1,3,228.73,0.03
ITEM_F790E38A,ORD_FAC5D1C7,PROD_B4B79BC0,5,925.8,73.18
ITEM_22916C7F,ORD_5691FCFA,PROD_419E71A0,5,84.88,12.21
ITEM_E7F0E8AE,ORD_D6C1ABDC,PROD_A9F3AD37,2,725.63,77.59
ITEM_E4033CDA,ORD_9D4A98DA,PROD_EE4B74C8,7,968.94,73.83
ITEM_427E9E34,ORD_221B5176,PROD_691578E3,3,252.57,74.71
ITEM_2ED7B35D,ORD_20BE3FA0,PROD_437B8629,6,201.06,30.27
ITEM_AB9D8247,ORD_F9D68342,PROD_730AEE84,6,389.52,20.78
ITEM_AB12AB5C,ORD_F9D68342,PROD_768207FE,6,753.57,43.29
ITEM_15C10A12,ORD_91F5E3CE,PROD_0D950DDD,2,737.24,84.01
ITEM_942C06BB,ORD_752EA660,PROD_743558A8,2,416.03,90.12
ITEM_06E0FA07,ORD_56E7512A,PROD_AF9CFF46,7,430.2,69.07
ITEM_7DA48432,ORD_FCBB6025,PROD_77FF94C9,9,614.15,76.23
ITEM_C8EE9B46,ORD_8D88F6F0,PROD_55F45045,5,401.39,33.24
ITEM_A58D3830,ORD_6C032BE5,PROD_FC1D5B6F,1,93.69,61.94
ITEM_42AF69F4,ORD_5D517851,PROD_0B2B820F,9,186.91,30.2
ITEM_453A7CBB,ORD_8356639E,PROD_AF9CFF46,3,725.35,66.38
ITEM_D42D829D,ORD_D8702DE1,PROD_C3BCA5F3,5,613.74,46.65
ITEM_78F5A1A0,ORD_8FFB543C,PROD_91F2D50C,2,63.62,71.3
ITEM_604FDC25,ORD_2FACA51A,PROD_56D44948,9,734.41,33.47
ITEM_198E6F1D,ORD_987C78B3,PROD_1F8CD2C2,6,619.95,7.93
ITEM_6064D0A0,ORD_621B607D,PROD_6EDCCBF2,9,125.73,56.15
ITEM_8D6DEA29,ORD_A3D6087D,PROD_E7445738,6,365.65,96.57
ITEM_51971FBB,ORD_0F8B91D1,PROD_6D57C549,3,984.57,27.24
ITEM_6844DC20,ORD_655084E4,PROD_BB456785,4,330.03,14.94
ITEM_35459CF7,ORD_A7347AAB,PROD_B6945E69,8,448.98,92.1
ITEM_A598D2C6,ORD_6842DF8C,PROD_21B795B7,4,495.23,12.38
ITEM_9E4EAB5C,ORD_4239D6E1,PROD_E2B350E6,10,318.36,31.31
ITEM_B9F53513,ORD_DEC9C07C,PROD_7D28687C,2,781.49,61.93
ITEM_FB7292FE,ORD_2F0D3E08,PROD_32D519DC,5,124.21,82.54
ITEM_A1A74246,ORD_DA2773CA,PROD_84A2A662,4,377.45,64.06
ITEM_544BF73E,ORD_495D4358,PROD_5D70A153,7,812.89,71.98
ITEM_78F84E3E,ORD_0943A32C,PROD_D76B3C79,2,822.21,10.04
ITEM_D8C0FD03,ORD_C0B93A24,PROD_9EAC39B9,9,294.17,10.35
ITEM_8ED473F9,ORD_DDCFB506,PROD_0C0C030E,4,341.39,24.79
ITEM_5238C7AF,ORD_408B3C78,PROD_6DAD2308,9,872.57,38.98
ITEM_A7F14392,ORD_D6F6AF57,PROD_837CF985,10,273.34,29.75
ITEM_85C58052,ORD_D5826B20,PROD_DF61D4BC,10,919.97,35.97
ITEM_0D06B4BF,ORD_E6933642,PROD_2F8F8A54,10,404.36,17.46
ITEM_E6C4BA9C,ORD_5FCB8735,PROD_B6722C88,6,163.33,62.28
ITEM_033CCA0B,ORD_46592EC1,PROD_E6E1DBA7,2,563.75,83.65
ITEM_D5E598B8,ORD_763AFF7C,PROD_2DFC0F60,5,115.35,61.48
ITEM_B3A9AB6F,ORD_51E7D2FD,PROD_2338FA7E,-4,260.42,60.78
ITEM_1478091D,ORD_64CC0C71,PROD_9379C793,6,357.59,91.74
ITEM_7FC166A4,ORD_37A06915,PROD_2A8A1B22,10,970.22,43.5
ITEM_5F53ADD7,ORD_BDE71C21,PROD_BF1CC932,1,103.93,46.95
ITEM_DD9C6D53,ORD_34AABBE4,PROD_F00320E7,-4,488.57,57.95
ITEM_2BFDCC6A,ORD_3B68A5D5,PROD_C3A768EF,8,200.06,60.88
ITEM_FB3BF013,ORD_C356CA39,PROD_5AD4A75B,7,373.48,43.09
ITEM_0DF3DBE8,ORD_65657F7B,PROD_A02DFAA0,4,883.25,55.15
ITEM_70A85888,ORD_B1E4DA2C,PROD_743558A8,1,192.0,35.01
ITEM_DC435AEF,ORD_F2CB38A7,PROD_8D828B38,-1,964.57,79.21
ITEM_71865CF6,ORD_A7CFA450,PROD_B2886325,1,163.2,6.33
ITEM_16558EF5,ORD_301650E5,PROD_2FA76A08,4,594.17,36.6
ITEM_929A7DB0,ORD_6DBE1E33,PROD_A79DC89D,4,895.92,9.94
ITEM_6A6F9561,ORD_8FFB543C,PROD_B51D2F2F,8,906.58,31.21
ITEM_47741D9F,ORD_AB034CC3,PROD_307E7A10,6,207.4,34.79
ITEM_D51965A9,ORD_E1CDCECA,PROD_A0376E0A,1,538.89,39.74
ITEM_C0F756D4,ORD_F3F618A3,PROD_BD313EFE,10,172.34,24.47
ITEM_76EBEDEA,ORD_036F2F71,PROD_0689EF5F,1,608.4,88.39
ITEM_E0BD78B1,ORD_6B6D9AF9,PROD_FCD96402,8,677.76,48.44
ITEM_BE45AC2B,ORD_4F20E599,PROD_3F7E0D2B,6,698.34,5.1
ITEM_1B9612CF,ORD_C3AD0CB1,PROD_264BB594,2,576.76,27.61
ITEM_23CD40D4,ORD_C2E970D8,PROD_44EA40E8,4,278.31,71.16
ITEM_5F53C3A0,ORD_A39E0578,PROD_3F7E0D2B,10,582.33,16.86
ITEM_92300D8C,ORD_8CD3E168,PROD_0D950DDD,4,985.93,30.26
ITEM_2E57115D,ORD_96B5B45B,PROD_F46A5367,7,45.37,53.2
ITEM_55E14C4D,ORD_2F0D3E08,PROD_C3A768EF,2,389.11,51.31
ITEM_692F0A26,ORD_6DFD5533,PROD_5E26683F,3,856.17,70.63
ITEM_14C78CC9,ORD_F98DD7F8,PROD_698D70F8,5,763.69,38.61
ITEM_4D196A7F,ORD_675DDA72,PROD_AF8C074C,-1,805.91,47.16
ITEM_A282CB19,ORD_6DD81E37,PROD_0D950DDD,8,638.97,31.48
ITEM_7086B3F2,ORD_C76FFD1D,PROD_9379C793,2,899.23,60.66
ITEM_624C47B2,ORD_52B8ADEE,PROD_BD67DC0B,10,849.85,70.01
ITEM_D79A87A2,ORD_D4F7BD6D,PROD_A3DA82AF,7,811.91,7.06
ITEM_766D2670,ORD_526D3685,PROD_BB351997,2,215.56,34.3
ITEM_E56A86D8,ORD_9F778EF9,PROD_FC545259,8,572.88,27.91
ITEM_649E602A,ORD_4239D6E1,PROD_13D417E1,8,819.42,90.53
ITEM_28FF1385,ORD_59D11988,PROD_B2C7168D,10,714.83,24.84
ITEM_37A21D27,ORD_65657F7B,PROD_B9F3327E,9,49.96,63.92
ITEM_36DEBD6F,ORD_A10183DC,PROD_D6674918,6,691.06,75.77
ITEM_85138947,ORD_E4BFA7A7,PROD_2469BB89,-1,134.32,67.77
ITEM_A62034C1,ORD_80757357,PROD_1F8CD2C2,7,627.38,99.34
ITEM_4AD38E34,ORD_43239F67,PROD_F23488D7,9,225.99,89.16
ITEM_E5A9AC7F,ORD_6CB3505D,PROD_3987DBF1,3,469.57,57.43
ITEM_8B833D0D,ORD_8ECD6187,PROD_66B932A9,4,625.96,87.48
ITEM_2A810283,ORD_DDCBAC1F,PROD_D4D7E73A,8,401.02,38.4
ITEM_471C8BC0,ORD_5265D4B1,PROD_A43A033C,6,452.64,54.85
ITEM_381CB737,ORD_7FDF5AC1,PROD_C76DE9B8,6,48.98,43.51
ITEM_6066817F,ORD_44DF6D01,PROD_9EAC39B9,8,974.02,27.56
ITEM_CE987D28,ORD_3B9AF3B8,PROD_659C100C,1,191.83,21.35
ITEM_9D230527,ORD_A9573468,PROD_6E13B1C5,4,425.07,87.71
ITEM_FAF0EF8A,ORD_9EB35844,PROD_5D70A153,1,396.21,67.44
ITEM_EE29F594,ORD_1BD74F83,PROD_BAE34CB3,1,462.94,65.99
ITEM_7D3F0DE9,ORD_06BCDE39,PROD_145FB06E,7,401.7,3.4
ITEM_68F29D66,ORD_74DB3460,PROD_C8008ECC,9,936.74,70.71
ITEM_F6F27EAA,ORD_08E932F8,PROD_0B0719BD,9,137.51,82.61
ITEM_0E601CF4,ORD_EFE95A48,PROD_563F6964,7,936.31,86.26
ITEM_A221D686,ORD_122683F5,PROD_04CEB81A,3,620.17,27.86
ITEM_59D1454C,ORD_5C4B51BB,PROD_111B4FB4,2,635.5,87.98
ITEM_320DE11A,ORD_83182F17,PROD_8F75D8D5,4,235.95,51.7
ITEM_E2F77C4C,ORD_00369281,PROD_301F78B1,7,138.79,23.39
ITEM_EDED2C0C,ORD_0BE4B03E,PROD_2A8A1B22,8,688.84,21.86
ITEM_3332847D,ORD_3A2F1CD8,PROD_6425438D,6,29.83,4.44
ITEM_71020F12,ORD_AB034CC3,PROD_FE9B227F,7,660.93,33.46
ITEM_2C93A009,ORD_9AC4D596,PROD_C5B68ABC,6,292.84,73.45
ITEM_DBB1F876,ORD_5A52EA32,PROD_ED37B465,7,189.29,65.22
ITEM_679D4F1C,ORD_FEF7F9AD,PROD_A6570506,9,389.87,75.28
ITEM_CD30AF53,ORD_AB034CC3,PROD_DAABADAA,9,379.54,1.59
ITEM_0FC84CBA,ORD_29C4B38F,PROD_FEE09EF6,5,326.16,73.45
ITEM_F0EC7592,ORD_C76FFD1D,PROD_2A5551AC,8,753.99,96.22
ITEM_4CB20369,ORD_DE04435C,PROD_2DD2E57A,3,978.73,87.07
ITEM_CDD63A3C,ORD_336D02D1,PROD_3E6A998C,7,108.28,54.77
ITEM_E8462CA3,ORD_C8772A1C,PROD_CDA38F06,7,455.89,10.62
ITEM_CD043175,ORD_045052F0,PROD_5CC320F0,2,621.89,71.03
ITEM_C5CEF664,ORD_769082D0,PROD_EA9A5B69,2,593.76,82.82
ITEM_D8DEC8F8,ORD_55D00C13,PROD_AB76F18B,3,161.9,79.27
ITEM_FB7D13B0,ORD_BFD4F2E0,PROD_3AC858A0,2,87.9,57.82
ITEM_A3973696,ORD_BA74BEE4,PROD_352F6438,8,815.74,53.18
ITEM_4D2D1E54,ORD_5A42BCA4,PROD_5AD4A75B,-2,942.63,8.01
ITEM_C5DF22D0,ORD_F49F40B0,PROD_0D9C56DB,6,901.26,78.35
ITEM_A0AB4412,ORD_498709B6,PROD_CC88160C,7,23.92,12.4
ITEM_88D533FE,ORD_76E813EC,PROD_A6E83DF0,6,806.37,8.32
ITEM_AD5C42D9,ORD_E142A95E,PROD_FF59524B,7,614.7,91.19
ITEM_EC764E0B,ORD_446D7BE9,PROD_2DD2E57A,10,745.27,90.66
ITEM_CC9AD3C4,ORD_6D1F69AA,PROD_55F45045,5,873.87,32.23
ITEM_8175B60A,ORD_40743C52,PROD_6494FA22,3,626.06,20.41
ITEM_FFE6E665,ORD_57B59A76,PROD_5D859117,1,848.18,79.99
ITEM_FFA224D8,ORD_85A43CD8,PROD_0D9C56DB,6,32.8,61.49
ITEM_5C07E812,ORD_D3FE9D36,PROD_A1552CFC,8,621.42,81.42
ITEM_8803DF19,ORD_78FC981C,PROD_DEF898B5,10,188.19,27.14
ITEM_100E89F9,ORD_1BB170AA,PROD_38171DBC,2,582.25,1.61
ITEM_9921C6A1,ORD_298C4C03,PROD_09B393D4,3,990.59,75.36
ITEM_D3BD476C,ORD_05FC94C9,PROD_2478345F,1,87.1,8.27
ITEM_4D308F4D,ORD_4240026B,PROD_659C100C,3,887.32,56.32
ITEM_4ABB2388,ORD_221B5176,PROD_B083B49A,-3,387.31,47.93
ITEM_DA2C4C2E,ORD_B3806108,PROD_5AD4A75B,1,340.46,56.07
ITEM_149B7658,ORD_04C21A3A,PROD_2DFC0F60,2,259.66,85.43
ITEM_A03403DB,ORD_2CAED911,PROD_983D8BBD,2,602.06,18.38
ITEM_CD25BCE1,ORD_78FC981C,PROD_5AD4A75B,5,145.37,36.07
ITEM_38FB5275,ORD_FFFC51B0,PROD_EE423D5B,10,379.92,26.2
ITEM_BEC78E39,ORD_BACD3235,PROD_C7EA04A4,7,85.43,64.13
ITEM_8261A5A5,ORD_E2B25425,PROD_09862CCF,7,89.22,20.38
ITEM_B4277D87,ORD_BFD4F2E0,PROD_7EFF81CD,2,111.75,82.05
ITEM_ED51639F,ORD_08E932F8,PROD_DF2ACC05,1,58.2,63.09
ITEM_D2C48C17,ORD_85B9A87E,PROD_E540D412,5,242.0,2.99
ITEM_8C2F78DE,ORD_63377EFD,PROD_70BE0105,3,497.91,74.86
ITEM_81B015A0,ORD_E690CFD8,PROD_43629DC8,8,236.9,5.39
ITEM_C5BEAEDF,ORD_4CE9C491,PROD_99DBD9B0,-1,274.76,78.61
ITEM_ED2329A7,ORD_AB5EA6FC,PROD_E11B29EB,7,423.53,54.82
ITEM_E4D59CCA,ORD_26B29C96,PROD_47C99514,1,380.26,15.35
ITEM_A4D75DF9,ORD_4F20E599,PROD_015396EE,9,561.94,56.62
ITEM_51D68F05,ORD_088618BE,PROD_202182D6,1,261.82,71.98
ITEM_4577DF7D,ORD_C14CA774,PROD_49FC3E03,7,657.46,88.91
ITEM_CC4AE4FD,ORD_A0D35C24,PROD_698D70F8,1,511.2,61.14
ITEM_DE51CD1F,ORD_D43B65FC,PROD_DFE3398C,10,989.68,13.72
ITEM_E17857CA,ORD_75E38631,PROD_0B0719BD,10,567.3,45.46
ITEM_4131830F,ORD_C8D61712,PROD_E6E1DBA7,2,773.02,72.63
ITEM_BE6B4508,ORD_3298FA0E,PROD_202182D6,6,74.38,50.53
ITEM_B4C1FD78,ORD_2EAE3F77,PROD_015396EE,1,976.94,50.98
ITEM_3DE606E2,ORD_67B8D208,PROD_3C9B3128,7,957.27,20.85
ITEM_3C60E4D0,ORD_192DAC37,PROD_66B932A9,1,440.56,29.19
ITEM_0C7C4307,ORD_8C120439,PROD_348315AE,4,87.41,78.83
ITEM_8A1EB366,ORD_4E2DD7E6,PROD_B8A9BE75,3,608.78,30.07
ITEM_434025F1,ORD_28520B86,PROD_AE6C1D12,5,705.1,55.01
ITEM_5D5664E4,ORD_3AF42F24,PROD_5883E0D5,4,938.42,69.47
ITEM_0538620E,ORD_37B1DAEA,PROD_B7C93E05,3,557.86,28.02
ITEM_3F2F17CD,ORD_2F4543F7,PROD_C64B89EC,9,469.67,0.74
ITEM_F4201D74,ORD_5AFC5CE7,PROD_1715E202,6,448.71,63.3
ITEM_513729DE,ORD_41B2BBA3,PROD_84A2A662,4,46.88,4.01
ITEM_A179591A,ORD_19DAB0F5,PROD_4B97E71E,5,110.45,4.69
ITEM_BD3189CB,ORD_43A2A0DB,PROD_85BEB072,9,580.88,24.13
ITEM_BC0514CA,ORD_F24BC3BF,PROD_5A1C390A,6,347.77,38.79
ITEM_6C0EE5A6,ORD_97ECFF94,PROD_B47DD889,2,467.45,45.62
ITEM_493AD432,ORD_335A4A45,PROD_CAEDBCB0,8,968.81,60.28
ITEM_A726793D,ORD_DD59B19E,PROD_A69E9FCE,1,412.38,94.97
ITEM_F759E883,ORD_590B6716,PROD_851FA18D,2,231.25,84.36
ITEM_BC6C8D23,ORD_FD78DDE5,PROD_86BC9AC2,6,979.29,42.05
ITEM_1421CBA9,ORD_29C4B38F,PROD_6494FA22,3,341.62,52.55
ITEM_14F3B98E,ORD_86E3A9A4,PROD_63AF3FD2,5,588.53,67.81
ITEM_23175D9D,ORD_24D5429B,PROD_5F25611E,6,317.26,14.02
ITEM_83FD3F6F,ORD_7DB5EF65,PROD_A43A033C,3,100.99,21.3
ITEM_CD990F89,ORD_B9CE1697,PROD_3B4AD42C,7,99.98,45.37
ITEM_6A64A82B,ORD_8935C84B,PROD_5AD59932,10,690.71,87.24
ITEM_4EC7544A,ORD_52060E73,PROD_D13C2258,2,881.09,7.22
ITEM_35C677FC,ORD_B360E59C,PROD_145FB06E,6,58.44,69.03
ITEM_87E10ED4,ORD_13AE8BD2,PROD_0260B3FC,10,566.55,38.05
ITEM_F82B49C4,ORD_FC8448A4,PROD_B8D8AE21,6,399.76,18.56
ITEM_458E1B15,ORD_A7CFA450,PROD_A3B0A16A,2,463.34,96.53
ITEM_833F1E45,ORD_0A04515A,PROD_55F45045,3,666.43,58.94
ITEM_F9F2E0A8,ORD_65374CFE,PROD_03743D1A,3,972.13,99.93
ITEM_65A7A81D,ORD_072F47F5,PROD_6A376C35,1,917.28,49.74
ITEM_60F9EDAF,ORD_D96DB269,PROD_CDA38F06,7,755.16,54.43
ITEM_E262FCEB,ORD_8F810ABF,PROD_3AC9F6F8,7,72.44,22.45
ITEM_8433BF5C,ORD_42398772,PROD_21B795B7,6,151.54,92.54
ITEM_49DA3BA2,ORD_3F3764FC,PROD_8FE9B594,3,560.58,79.07
ITEM_9CC6AEB4,ORD_D8719861,PROD_ECF5B291,2,923.15,62.52
ITEM_D508C109,ORD_C9FD700C,PROD_7E64E098,8,768.29,3.09
ITEM_275B5302,ORD_017D8213,PROD_2F88D3F5,7,450.18,67.02
ITEM_E33293F3,ORD_12B81B39,PROD_8CFFB566,5,290.0,57.13
ITEM_0D572639,ORD_08E932F8,PROD_A270CBDD,7,10.26,82.66
ITEM_B7B2AA5C,ORD_DE04435C,PROD_D34881BD,3,516.68,47.71
ITEM_CA406AFC,ORD_5D517851,PROD_2FA76A08,7,857.98,18.36
ITEM_DAD612B4,ORD_ACCB92BD,PROD_86745707,3,306.78,82.08
ITEM_31047680,ORD_1AA5DBB7,PROD_87472041,9,158.02,0.05
ITEM_96999E55,ORD_83DC2C72,PROD_FC1D5B6F,10,772.15,52.74
ITEM_6BA64AFB,ORD_EE1AF37F,PROD_069A8302,5,141.9,23.86
ITEM_0667BF3C,ORD_EA96B564,PROD_11262207,7,908.25,39.21
ITEM_DDF87E6C,ORD_BE457790,PROD_7E64E098,7,987.47,83.23
ITEM_07B0FEA9,ORD_BD1DC589,PROD_68D0F765,5,296.65,47.49
ITEM_98712669,ORD_057297E3,PROD_02D72DDC,9,258.42,1.11
ITEM_CEF12DB7,ORD_3AA9ABE8,PROD_3B0AFF57,9,301.76,60.45
ITEM_996D85C8,ORD_F02BC5AD,PROD_2CF48C54,2,847.89,84.69
ITEM_278C1DBA,ORD_76F6F8B3,PROD_CAEDBCB0,4,121.1,95.33
ITEM_3559E79E,ORD_3298FA0E,PROD_7943BD39,9,538.38,75.21
ITEM_8F053524,ORD_9FBF2DAD,PROD_4CA4A512,5,310.01,30.37
ITEM_6A9CF353,ORD_C356CA39,PROD_ECF5B291,8,383.93,43.1
ITEM_88269B2D,ORD_F02BC5AD,PROD_E1AB8508,5,731.52,32.86
ITEM_47467A04,ORD_E6F09C13,PROD_A9F67C16,-1,326.04,49.3
ITEM_ADA5D46F,ORD_E398A6D7,PROD_A08E3CCB,10,330.53,44.03
ITEM_65A59F59,ORD_42398772,PROD_730AEE84,10,432.73,71.15
ITEM_2EECCDBD,ORD_C9AF8E80,PROD_E6E1DBA7,3,652.66,67.02
ITEM_26D00858,ORD_3D505A26,PROD_53C13013,3,793.49,27.67
ITEM_2BBF1398,ORD_A0CC7557,PROD_8072218E,1,735.96,74.78
ITEM_5E8A7717,ORD_526D3685,PROD_A02DFAA0,6,747.33,66.81
ITEM_5E0983BD,ORD_D71AA6B8,PROD_F1A85AEE,5,619.08,96.99
ITEM_979D904F,ORD_057297E3,PROD_8E03CD78,7,362.86,96.5
ITEM_E38EBD43,ORD_5939598D,PROD_2CF48C54,1,894.99,76.78
ITEM_AF24A83F,ORD_6C84614B,PROD_768EE182,3,31.6,1.23
ITEM_A694EA77,ORD_12B81B39,PROD_D96437D3,9,885.14,51.65
ITEM_7A81E8A5,ORD_1A7635AB,PROD_E9C1A143,2,18.95,56.36
ITEM_86BEB169,ORD_304130FA,PROD_AF413F60,8,663.37,20.8
ITEM_E10AA108,ORD_CBCCDB6B,PROD_A270CBDD,6,751.45,43.7
ITEM_7316655F,ORD_8E44AD2B,PROD_DFE3398C,2,825.12,43.39
ITEM_1EFB009E,ORD_9EBBB8BC,PROD_3341B4D8,7,857.45,60.02
ITEM_0F61298E,ORD_AFBCBF5F,PROD_F5EFBE78,6,107.16,50.5
ITEM_214A0A26,ORD_143D0497,PROD_983D8BBD,8,881.49,59.99
ITEM_B7909129,ORD_BE79EF54,PROD_26C30295,8,677.42,26.51
ITEM_1FF0939D,ORD_EA93D9DC,PROD_0682BF00,3,229.68,28.82
ITEM_A5943DC3,ORD_2881AE38,PROD_1B1182AD,5,302.69,65.99
ITEM_39567A11,ORD_011EF398,PROD_071806DB,5,166.1,38.48
ITEM_177E86FD,ORD_123D4914,PROD_851FA18D,4,595.77,58.55
ITEM_AA82D50C,ORD_2EBB0685,PROD_B442C294,4,387.79,99.84
ITEM_C09ACD59,ORD_3EEAC326,PROD_AE6C1D12,1,285.61,6.14
ITEM_12D49820,ORD_DD6E7B62,PROD_412F26F7,3,400.84,42.36
ITEM_78C8D865,ORD_C9277E0F,PROD_6A79B8CF,1,981.02,93.98
ITEM_CA6F9C75,ORD_8E44AD2B,PROD_4919EDB1,6,569.15,24.98
ITEM_2C804335,ORD_5ADD188E,PROD_B8929D0A,8,876.36,89.55
ITEM_6B5C7997,ORD_B7CD62C9,PROD_B2C953D7,5,72.75,31.83
ITEM_E46D5176,ORD_DD6E7B62,PROD_84A2A662,9,770.28,93.97
ITEM_C168475D,ORD_3EB39B25,PROD_3EA81F09,9,192.2,36.27
ITEM_C85BFC94,ORD_1BB170AA,PROD_7E993215,1,851.67,67.46
ITEM_5EB2680D,ORD_DF3EAE9E,PROD_BD67DC0B,6,761.94,54.16
ITEM_72439012,ORD_43A2A0DB,PROD_A6E83DF0,5,663.45,27.93
ITEM_3BE3288B,ORD_DCF1BC30,PROD_B8F9633E,6,323.73,80.15
ITEM_58280F45,ORD_1502542F,PROD_862FAB6B,3,590.62,67.53
ITEM_60D4E139,ORD_13AE8BD2,PROD_CC0BAB29,1,762.56,86.39
ITEM_8CF17AAF,ORD_E6933642,PROD_0D950DDD,4,931.89,12.58
ITEM_7B72AF12,ORD_6CC657B2,PROD_84A2A662,2,95.73,43.01
ITEM_FDD58C67,ORD_9EBBB8BC,PROD_BDF20C09,1,135.29,1.84
ITEM_7E98B2BA,ORD_41D3B0A6,PROD_4AE93BCD,10,600.48,58.31
ITEM_B7BFF76D,ORD_C5CB3DCD,PROD_31B9986D,8,238.58,64.51
ITEM_4ABA228A,ORD_1D89E572,PROD_E6E1DBA7,6,380.48,43.66
ITEM_E38B7D86,ORD_2CAFB87E,PROD_698C9FA8,7,53.61,93.57
ITEM_A8BE0B3B,ORD_D039230F,PROD_05F38582,10,593.23,54.62
ITEM_11BC51D1,ORD_F279179F,PROD_C98694A0,6,268.36,92.86
ITEM_71F19173,ORD_57D97DC9,PROD_028F0580,10,722.21,37.2
ITEM_8DA95282,ORD_5265D4B1,PROD_22D0ABBA,5,621.67,97.37
ITEM_916872F2,ORD_29D4000C,PROD_88AC6C96,9,870.17,79.64
ITEM_D001C6DA,ORD_5CCE7182,PROD_8BD479BE,4,814.42,19.36
ITEM_4FACE61B,ORD_7738E505,PROD_EF03CB22,7,339.98,60.4
ITEM_03028B9C,ORD_F2A7CAA7,PROD_698D70F8,9,616.13,42.7
ITEM_08FBD487,ORD_9BAD3B8E,PROD_6D7F791D,3,934.52,5.37
ITEM_A581D0EB,ORD_A133F4A5,PROD_2282D652,8,434.5,61.67
ITEM_0A95003A,ORD_958C9F58,PROD_4CA4A512,10,106.98,12.21
ITEM_1F8D1279,ORD_6BC6473C,PROD_C7A14B2D,1,864.55,48.23
ITEM_FA946AE3,ORD_03ACB436,PROD_FF50697C,7,126.66,20.61
ITEM_7CAEE915,ORD_9FA5E6EB,PROD_F1A85AEE,5,72.69,77.35
ITEM_A7EDA55A,ORD_C356CA39,PROD_BC458F72,1,521.27,78.48
ITEM_AEE3646C,ORD_A8F8AB80,PROD_295E0656,6,42.13,52.4
ITEM_F6507980,ORD_B7A5B9C5,PROD_C710CB4A,2,176.05,2.83
ITEM_52B8E42C,ORD_B1F08390,PROD_F3E1B1D7,4,422.44,31.47
ITEM_6A397C96,ORD_831EF147,PROD_1FA2EE7B,3,830.35,68.69
ITEM_E7693878,ORD_A46BE2B0,PROD_B5B4174A,7,961.53,72.36
ITEM_E20D7E4D,ORD_76479060,PROD_88A6D0D1,1,53.35,7.51
ITEM_097A2880,ORD_0DD41888,PROD_C5B68ABC,4,970.55,76.38
ITEM_F5BEEC33,ORD_516B689F,PROD_1C4062E1,9,751.21,66.94
ITEM_AF941D68,ORD_2BE617FB,PROD_A6ADA586,10,197.63,65.59
ITEM_153712D9,ORD_DDFE3694,PROD_EA9A5B69,2,695.51,61.39
ITEM_E623CDA6,ORD_5C4B51BB,PROD_C1BB4691,1,69.92,62.04
ITEM_01CEF6EE,ORD_A7FF9EFE,PROD_A29EA3AC,3,749.44,43.33
ITEM_1993DF72,ORD_045052F0,PROD_47C99514,5,120.41,73.43
ITEM_2E0C01A5,ORD_B70AAF4A,PROD_53C13013,5,292.06,40.89
ITEM_6C20A91F,ORD_0161CFAC,PROD_08C779C1,9,516.77,71.42
ITEM_84E7A95F,ORD_8109A9B2,PROD_CB3DFB30,9,348.53,93.95
ITEM_FF2F4CB7,ORD_76F6F8B3,PROD_0260B3FC,10,248.32,4.3
ITEM_ABCABB84,ORD_0943A32C,PROD_21B795B7,5,409.42,83.59
ITEM_86B08715,ORD_3D373034,PROD_8585C962,5,874.34,96.64
ITEM_CD67D758,ORD_2EEA34C1,PROD_FC1D5B6F,1,104.27,91.93
ITEM_17648220,ORD_88C83331,PROD_CA5BEE77,8,387.14,93.71
ITEM_8BBA3093,ORD_D4CD7E45,PROD_A9F3AD37,5,557.1,22.52
ITEM_B4ADEF33,ORD_A0B2DACF,PROD_26C30295,3,347.7,86.1
ITEM_819CAEB7,ORD_CAAED50E,PROD_502E6868,7,740.86,77.32
ITEM_3912B719,ORD_0161CFAC,PROD_82D79464,8,864.13,77.56
ITEM_9A2EFE23,ORD_FFFC51B0,PROD_1F621027,8,61.53,24.07
ITEM_D1B8C9D5,ORD_8A0B9769,PROD_85EE70C4,5,864.45,26.47
ITEM_AD7F5C08,ORD_1CDF36B7,PROD_A577BEAB,3,142.44,92.64
ITEM_EEF6E2FD,ORD_3AF42F24,PROD_0B8B75BB,3,891.26,94.0
ITEM_AC926205,ORD_AB8A5C2E,PROD_7FCE1230,3,534.13,47.27
ITEM_0AA2F743,ORD_D52392FF,PROD_A43A033C,3,298.83,43.15
ITEM_4D4B1FBF,ORD_1C7D74C7,PROD_A577BEAB,6,149.44,62.23
ITEM_DF932F9C,ORD_3B68A5D5,PROD_42160890,6,777.9,19.46
ITEM_747B980B,ORD_D6C1ABDC,PROD_E6E1DBA7,6,38.56,4.67
ITEM_D2E73908,ORD_8C120439,PROD_862FAB6B,4,209.75,65.63
ITEM_A7B45C8B,ORD_C4A7442D,PROD_140CAA9E,4,531.07,77.96
ITEM_63AAA6B9,ORD_0FA28F3B,PROD_7BB75F03,7,921.63,42.35
ITEM_8B9C978E,ORD_EB4BFAFE,PROD_B1EE175A,5,991.61,14.57
ITEM_47CC7A18,ORD_55D00C13,PROD_D902B4C8,2,392.29,25.85
ITEM_CD89FF27,ORD_0A04515A,PROD_9FE0473C,1,138.85,19.35
ITEM_4C3D650D,ORD_01CC7015,PROD_DF2ACC05,8,686.83,69.31
ITEM_C6ACB8AD,ORD_46DD6486,PROD_145FB06E,2,676.15,3.75
ITEM_4769C709,ORD_66D50B96,PROD_892915F8,2,354.05,86.23
ITEM_1873716A,ORD_C76B0EEC,PROD_3A804B34,8,725.69,29.82
ITEM_8AA0F0A8,ORD_2E48180F,PROD_A3E636A6,7,455.08,38.3
ITEM_9E06A57E,ORD_2437F81D,PROD_11262207,10,518.68,8.42
ITEM_11920A9E,ORD_87C87B76,PROD_2338FA7E,5,778.14,4.39
ITEM_68FCFDBE,ORD_A44209B6,PROD_40CFD161,4,529.17,94.15
ITEM_FB490B8A,ORD_1481573E,PROD_271C6FC3,5,273.3,66.8
ITEM_B0B86F19,ORD_DDCBAC1F,PROD_140CAA9E,9,818.74,76.14
ITEM_E022D295,ORD_96B5B45B,PROD_A0376E0A,10,34.64,75.41
ITEM_1DC0EB64,ORD_026B31C7,PROD_988C6734,3,101.83,60.49
ITEM_CEE914FA,ORD_590B6716,PROD_5F25611E,7,841.69,81.31
ITEM_2995D202,ORD_3A2F1CD8,PROD_AE6C1D12,8,758.57,28.37
ITEM_D3AFF952,ORD_8708CAE7,PROD_4ADBBD81,1,904.0,11.03
ITEM_C0CB590B,ORD_1B0BD9FC,PROD_03C9487B,9,665.54,64.68
ITEM_516C092F,ORD_6CB3505D,PROD_5883E0D5,9,755.62,51.53
ITEM_717146C8,ORD_BBB958BD,PROD_B2C7168D,3,274.08,62.48
ITEM_490C39C2,ORD_A8332F5A,PROD_BBA618B9,2,796.09,3.0
ITEM_C4A7871A,ORD_C954EF49,PROD_BC3BD808,3,928.86,84.4
ITEM_821B10CD,ORD_26B29C96,PROD_C76DE9B8,4,581.96,89.34
ITEM_159A1B85,ORD_554FB816,PROD_1823EDC3,10,20.65,88.75
ITEM_9DF7850C,ORD_C9F6CBB0,PROD_780BCFCE,-3,887.96,23.94
ITEM_C3DCB364,ORD_34AABBE4,PROD_A0376E0A,9,165.34,57.0
ITEM_AFABCF96,ORD_86BF00F5,PROD_4A85A92D,7,127.63,97.01
ITEM_FEF84E63,ORD_A1F4D287,PROD_D56B4051,7,485.69,5.7
ITEM_7DAA4E4F,ORD_16D279F4,PROD_EF1E90E8,7,550.03,29.25
ITEM_FF87AAED,ORD_6C032BE5,PROD_2469BB89,2,575.35,42.52
ITEM_573934DC,ORD_3B97764C,PROD_F258847A,3,27.99,18.44
ITEM_24C2327D,ORD_BDBDF7BA,PROD_3341B4D8,4,993.1,48.4
ITEM_83D82858,ORD_E972B299,PROD_280CF9C8,4,858.24,65.97
ITEM_BAB663F8,ORD_CF9BD499,PROD_186B5CB5,-1,371.89,45.44
ITEM_FDCEB7C1,ORD_5FCB8735,PROD_A6E83DF0,4,186.26,59.89
ITEM_742AC7CE,ORD_3A716F8B,PROD_13D417E1,5,567.16,66.81
ITEM_3531D5CA,ORD_39172A8A,PROD_F53A9F9F,2,577.48,5.27
ITEM_8FB7A4DE,ORD_6DD81E37,PROD_3678374A,-7,110.11,3.15
ITEM_21EA61BB,ORD_97B8750A,PROD_FD11B10B,10,201.04,50.53
ITEM_DF9B15EF,ORD_18D235E4,PROD_358A3C3A,6,121.81,16.6
ITEM_C3E83C0E,ORD_89DF995A,PROD_B304BE85,7,135.33,65.78
ITEM_75597BE8,ORD_CD348C3F,PROD_FC4B69FC,8,341.45,8.58
ITEM_0E6AF774,ORD_3298FA0E,PROD_087A35C9,1,979.72,67.93
ITEM_622E2F59,ORD_7DAD19E4,PROD_3B38BF54,4,779.46,18.64
ITEM_86F0C201,ORD_45927956,PROD_3BCF62C6,2,247.22,67.74
ITEM_22EE4FF5,ORD_1592FEB4,PROD_2B40F361,7,114.91,50.95
ITEM_92061E77,ORD_DB8474EC,PROD_32985588,1,190.43,50.88
ITEM_B8A5269E,ORD_C1E98B2C,PROD_64AA117B,3,89.63,5.27
ITEM_1DD27FBE,ORD_FF8B52EF,PROD_A6E83DF0,10,36.79,38.55
ITEM_C3344554,ORD_85A11240,PROD_11C96473,3,175.76,55.1
ITEM_31A61972,ORD_2881AE38,PROD_EFC02AE2,10,606.8,4.8
ITEM_694C0052,ORD_0B44A89A,PROD_A80802AB,9,475.94,17.93
ITEM_8B8B456F,ORD_457B2A8B,PROD_145FB06E,7,350.49,93.24
ITEM_A4EDEB17,ORD_70E36D7E,PROD_49DD2249,3,877.08,26.27
ITEM_22AE0CFE,ORD_95AD603F,PROD_DFE3398C,4,566.7,23.63
ITEM_F0314773,ORD_DBF49317,PROD_ACACFA9C,9,481.83,5.52
ITEM_03BF409D,ORD_47EA4349,PROD_2210704C,9,649.78,41.29
ITEM_20B20B13,ORD_A2306F1C,PROD_87472041,2,787.49,58.02
ITEM_BC46318F,ORD_D2CF3670,PROD_2B40F361,9,461.43,64.1
ITEM_4EFEEFA7,ORD_8B8B6B12,PROD_892915F8,3,44.59,21.03
ITEM_3BED1FD8,ORD_C9AF8E80,PROD_A270CBDD,7,572.06,71.54
ITEM_A4574909,ORD_475B545C,PROD_A9F67C16,10,255.55,63.92
ITEM_17AC1A42,ORD_40988D0F,PROD_A3E636A6,8,141.31,11.4
ITEM_41256DED,ORD_97B8750A,PROD_C91DF400,-10,710.94,1.48
ITEM_7EC62009,ORD_9CAD544F,PROD_563F6964,6,392.93,66.31
ITEM_A161ADA4,ORD_958D92F1,PROD_1727CA1F,9,313.96,78.0
ITEM_E3C5577B,ORD_4890CF82,PROD_0A7D7670,6,57.72,29.24
ITEM_8FE935DE,ORD_AEFBCFDB,PROD_271C6FC3,7,796.46,8.56
ITEM_5CD73CFD,ORD_1915B76C,PROD_FF52C6CD,9,176.98,9.89
ITEM_03A27968,ORD_2F0E5065,PROD_C1BB4691,6,521.21,57.79
ITEM_98DCA907,ORD_E21574FE,PROD_B1227F58,9,502.48,64.26
ITEM_C527A781,ORD_67B8D208,PROD_7943BD39,1,820.23,14.14
ITEM_DB716311,ORD_123D4914,PROD_015396EE,8,888.15,70.78
ITEM_960A9860,ORD_056C05CE,PROD_730AEE84,10,360.81,66.74
ITEM_D88928A6,ORD_64CC0C71,PROD_9379C793,10,91.86,27.88
ITEM_E47F47DA,ORD_88DE9888,PROD_CB3DFB30,1,187.26,62.73
ITEM_7B233E3B,ORD_4A807875,PROD_7E993215,9,566.11,52.94
ITEM_A14AC389,ORD_B3AC533A,PROD_BD29E7F5,7,105.1,6.89
ITEM_BD0F44EC,ORD_DA55A061,PROD_9A403CEB,2,37.29,50.04
ITEM_D5B5CA19,ORD_05CD2C01,PROD_EF13F86E,5,543.66,34.13
ITEM_2B5B8A30,ORD_E16B19B8,PROD_81245276,8,259.28,87.09
ITEM_0E002718,ORD_BBB958BD,PROD_9EAC39B9,1,871.34,77.55
ITEM_341FE505,ORD_57D97DC9,PROD_40CFD161,8,357.76,66.19
ITEM_6E683688,ORD_CB14BAAE,PROD_8F75D8D5,7,156.22,93.92
ITEM_874380CD,ORD_FFFC51B0,PROD_B8A0AB3B,1,970.44,10.89
ITEM_A2AA617B,ORD_AAB72037,PROD_DE5DCB0A,10,837.42,75.37
ITEM_44ABCD13,ORD_00369281,PROD_1727CA1F,1,557.97,13.55
ITEM_A3EC400D,ORD_D43B65FC,PROD_D96437D3,10,575.94,24.77
ITEM_4D6DB4E5,ORD_D01483C7,PROD_C6870DDE,8,488.24,60.56
ITEM_748A9434,ORD_12B81B39,PROD_1B1182AD,6,244.09,41.9
ITEM_C380C233,ORD_44BDC5E1,PROD_A2FFD2FA,9,668.72,72.11
ITEM_E2DA6E4C,ORD_2A48FDE9,PROD_41679569,2,734.73,80.26
ITEM_C378F51C,ORD_D039230F,PROD_1DF77795,10,89.14,97.22
ITEM_F768F193,ORD_3EEAC326,PROD_E8157CC3,5,630.42,87.9
ITEM_1F6A8162,ORD_C7DE77A7,PROD_30861756,7,680.13,15.59
ITEM_420C8D55,ORD_2881AE38,PROD_264BB594,6,584.3,12.87
ITEM_70130D61,ORD_1B94C0D8,PROD_F3E1B1D7,7,509.0,6.39
ITEM_AACF26D9,ORD_9A794545,PROD_140E5B53,8,838.19,78.39
ITEM_328B4EDE,ORD_8E70C680,PROD_D6F265EE,5,41.18,27.49
ITEM_16ED3B8F,ORD_14974EFB,PROD_4AE93BCD,8,509.41,50.67
ITEM_709FD408,ORD_E78D4998,PROD_D2126E1C,4,919.04,47.19
ITEM_3C3B99A3,ORD_BC0EF4C3,PROD_A43A033C,5,832.71,46.4
ITEM_EA0FBCF7,ORD_503C13AE,PROD_069A8302,5,283.77,15.95
ITEM_066EA719,ORD_35A506CE,PROD_BD313EFE,6,431.1,20.97
ITEM_590738B4,ORD_495D4358,PROD_2F88D3F5,5,428.34,67.23
ITEM_6A7D26DE,ORD_9F778EF9,PROD_C3A768EF,3,806.92,15.78
ITEM_1FC31065,ORD_EE993759,PROD_6494FA22,10,45.43,25.47
ITEM_71954645,ORD_7E618D3D,PROD_CC0BAB29,8,423.9,53.24
ITEM_2FEFA01D,ORD_C9AF8E80,PROD_786604CA,10,22.76,68.64
ITEM_9A59D041,ORD_BDBDF7BA,PROD_0B8B75BB,5,696.52,38.99
ITEM_9B7943BD,ORD_C4595AE8,PROD_ADD17A0F,6,645.3,5.6
ITEM_57FFFA9C,ORD_BACD3235,PROD_EA9A5B69,4,283.66,24.63
ITEM_4539E8DE,ORD_1B0BD9FC,PROD_D2CB580B,7,945.14,79.1
ITEM_91A19637,ORD_692AEA3B,PROD_D902B4C8,6,945.96,0.03
ITEM_44BDD152,ORD_A10183DC,PROD_EBF947AC,2,424.63,16.97
ITEM_E6DC7CD3,ORD_11693030,PROD_08C779C1,6,489.67,28.29
ITEM_206D1437,ORD_A2F360A0,PROD_57FFD963,1,189.49,87.79
ITEM_E8C7DFEF,ORD_A6227AC8,PROD_F148305F,3,243.81,43.8
ITEM_F1D8008B,ORD_22472C25,PROD_8E03CD78,2,150.32,19.3
ITEM_B6CCD2D9,ORD_AF92FBA3,PROD_44EA40E8,6,741.88,40.09
ITEM_B98FC7DF,ORD_3AF42F24,PROD_32AA6F53,4,565.24,21.57
ITEM_E189C3FA,ORD_14B311ED,PROD_7DF382C7,4,439.87,11.13
ITEM_6DA69C1E,ORD_E3A1513B,PROD_DF2ACC05,7,624.81,28.52
ITEM_E9EBE3A4,ORD_763AFF7C,PROD_347E63F6,6,647.11,58.74
ITEM_79EEC660,ORD_E8AA4FA8,PROD_52DC4C5B,3,930.53,69.69
ITEM_5D34A9C2,ORD_516B689F,PROD_8FE9B594,10,959.64,32.69
ITEM_D6E248FB,ORD_FC5B573B,PROD_906C5D2A,8,777.11,34.49
ITEM_835927FA,ORD_5B5CB2E7,PROD_42C4C541,9,566.02,95.96
ITEM_70B65FF3,ORD_25BA0E48,PROD_F46D5E8D,10,598.37,12.77
ITEM_2E562846,ORD_390995F8,PROD_57FFD963,10,919.21,76.08
ITEM_191C1A29,ORD_C7AC04D7,PROD_A3B0A16A,10,657.07,9.74
ITEM_684D1F42,ORD_9A2C6A0C,PROD_82D79464,8,45.83,25.52
ITEM_F3A970A1,ORD_A8332F5A,PROD_64AA117B,1,198.32,33.16
ITEM_84CC3DC8,ORD_AEFBCFDB,PROD_53C13013,1,527.55,6.7
ITEM_D11D1A7A,ORD_E3A1513B,PROD_5DE8F93B,8,680.05,45.08
ITEM_8603C4EF,ORD_12ABBC91,PROD_087A35C9,9,851.68,42.92
ITEM_4611D3F7,ORD_1778887A,PROD_F1A85AEE,9,529.76,53.44
ITEM_42DEDDEE,ORD_F9BF08B6,PROD_A7DF2977,4,871.03,53.29
ITEM_C6B28CD6,ORD_1F29FA6F,PROD_F3E1B1D7,6,623.28,67.16
ITEM_76B31246,ORD_45927956,PROD_47D43201,8,150.77,46.23
ITEM_90CF5C36,ORD_9F778EF9,PROD_BABE193C,3,929.55,59.77
ITEM_8FCBB08F,ORD_D4DC5872,PROD_2B40F361,2,491.61,52.05
ITEM_4A22AB7B,ORD_C4D322C7,PROD_D785C928,3,135.65,36.38
ITEM_51F717AF,ORD_DFA53228,PROD_698C9FA8,10,144.17,16.15
ITEM_1E2A6AEE,ORD_24F79612,PROD_1762BF90,5,28.41,59.3
ITEM_670268FC,ORD_3CF1B1C4,PROD_75D09DA7,5,661.94,77.05
ITEM_B21EB62A,ORD_F3F618A3,PROD_312F3649,2,607.72,41.71
ITEM_499116D6,ORD_05FC94C9,PROD_BAE34CB3,4,989.82,97.21
ITEM_BF832705,ORD_08E932F8,PROD_111B4FB4,-3,381.73,45.79
ITEM_06EDF21A,ORD_BD75F5BC,PROD_F53A9F9F,5,885.82,76.64
ITEM_CFE3B340,ORD_29C4B38F,PROD_60AE891E,9,81.64,72.87
ITEM_6D837A46,ORD_37AF52E3,PROD_1F8CD2C2,5,933.55,87.27
ITEM_23402910,ORD_FB95FDCF,PROD_EE70C4DD,2,772.5,16.65
ITEM_A4333B52,ORD_3D505A26,PROD_6CA1BB96,9,916.09,6.8
ITEM_170D7605,ORD_7DCB0F49,PROD_AB76F18B,8,73.16,30.51
ITEM_77B22729,ORD_95E2B02E,PROD_3F7E0D2B,1,137.98,26.9
ITEM_0CB8C4CD,ORD_0FBE0162,PROD_BBA618B9,8,399.65,61.12
ITEM_549AC51F,ORD_F279179F,PROD_7AA8ADF5,8,909.92,89.63
ITEM_CDCF464C,ORD_9CAD544F,PROD_A270CBDD,8,318.28,63.48
ITEM_B487C367,ORD_2869C263,PROD_342930FF,6,885.24,53.17
ITEM_961AF5D8,ORD_958D92F1,PROD_11C96473,2,335.69,67.35
ITEM_BDFFC983,ORD_14974EFB,PROD_C98694A0,10,142.85,4.6
ITEM_52109289,ORD_1CDF36B7,PROD_FD11B10B,1,175.56,4.59
ITEM_B9B544B5,ORD_09743F85,PROD_0264C968,9,667.21,99.26
ITEM_970D9F1E,ORD_08AB7190,PROD_31B9986D,9,267.9,51.59
ITEM_755F8C84,ORD_C4CEA668,PROD_F53A9F9F,9,635.15,13.0
ITEM_7DB1869B,ORD_67B8D208,PROD_08C779C1,2,104.76,7.25
ITEM_A7864E69,ORD_CE1D6316,PROD_FC545259,7,295.1,30.55
ITEM_9F342716,ORD_446D7BE9,PROD_906C5D2A,4,644.95,13.15
ITEM_B4725F26,ORD_76F6F8B3,PROD_8CFFB566,6,485.42,52.52
ITEM_B3AA449D,ORD_85AA7DA4,PROD_BE0A2C85,6,502.87,79.58
ITEM_A45E0F89,ORD_6C84614B,PROD_198D511C,10,613.74,65.34
ITEM_C47AA77C,ORD_7D9DD665,PROD_FC4B69FC,8,866.56,87.24
ITEM_6BF347DD,ORD_AFCB7002,PROD_983D8BBD,6,342.73,21.11
ITEM_F9EC029C,ORD_F4FE9999,PROD_32985588,4,947.56,95.63
ITEM_BFF81208,ORD_88C83331,PROD_3B38BF54,8,870.93,12.38
ITEM_77BA113A,ORD_198D4CBE,PROD_03743D1A,7,654.41,97.64
ITEM_62ECBCE9,ORD_8424ED74,PROD_0CD4F14A,6,506.65,66.07
ITEM_C75ACE8A,ORD_28690FF3,PROD_FCBBBBFE,1,554.53,27.62
ITEM_D9D04E39,ORD_24D797AF,PROD_ED37B465,9,727.61,73.8
ITEM_809D3CCB,ORD_DDCFB506,PROD_3FDDDE17,1,588.45,16.79
ITEM_FE4CD729,ORD_4E600310,PROD_1FA2EE7B,1,579.15,94.22
ITEM_FD36CC2B,ORD_2BE617FB,PROD_5CC320F0,2,325.35,98.12
ITEM_47D9F1E6,ORD_7D9DD665,PROD_780BCFCE,5,657.86,75.59
ITEM_32E7BF1E,ORD_F3CC14D5,PROD_77FF94C9,1,513.77,16.95
ITEM_6677461B,ORD_B3806108,PROD_0682BF00,2,299.58,49.71
ITEM_27525E02,ORD_EFE95A48,PROD_6D57C549,6,140.74,30.98
ITEM_DA5AEF33,ORD_2D90D43E,PROD_2DD2E57A,3,231.26,0.27
ITEM_52305888,ORD_E6F0C3AF,PROD_EBF947AC,6,936.8,4.62
ITEM_CEC95CC1,ORD_82D8BB6F,PROD_E2193E1F,6,10.52,45.24
ITEM_742DF87C,ORD_888D5978,PROD_C76DE9B8,4,468.93,22.18
ITEM_4E2E4720,ORD_D3223831,PROD_D785C928,4,725.8,22.59
ITEM_29067FB9,ORD_CD348C3F,PROD_BB456785,5,817.04,0.61
ITEM_8A2725C9,ORD_D71AA6B8,PROD_1727CA1F,7,815.2,63.42
ITEM_68B2A7FD,ORD_E9A420D8,PROD_156C8828,-2,81.38,30.64
ITEM_780DF4A7,ORD_769082D0,PROD_202182D6,4,895.96,31.82
ITEM_A66A19F5,ORD_C4595AE8,PROD_412F26F7,4,890.88,84.92
ITEM_D70123B5,ORD_8190761F,PROD_2395ABBD,3,691.94,24.08
ITEM_1DD01AC1,ORD_51191398,PROD_B8096350,8,352.13,49.82
ITEM_A6548F25,ORD_2C95856B,PROD_140E5B53,1,497.13,72.85
ITEM_CE4F5E50,ORD_3D373034,PROD_E5CAA302,9,64.47,75.51
ITEM_A7FDF404,ORD_ED024FD6,PROD_D4D7E73A,6,219.11,60.65
ITEM_1EC3651D,ORD_9BAD3B8E,PROD_CFA8532E,8,675.94,29.54
ITEM_4745A2E8,ORD_018BDCDF,PROD_264BB594,8,865.17,41.2
ITEM_9A354F87,ORD_E78A56A8,PROD_6F3C97D8,3,505.52,94.56
ITEM_FA60387A,ORD_3D8C66CD,PROD_DA3FB4A0,9,876.7,75.89
ITEM_E5CB5EAE,ORD_ED6E9358,PROD_0B2B820F,1,871.64,35.76
ITEM_D7934651,ORD_18D235E4,PROD_2A8A1B22,5,150.39,28.56
ITEM_F32C3ED6,ORD_FFFC51B0,PROD_5D70A153,2,332.08,8.93
ITEM_324B23E4,ORD_1BA67F70,PROD_CC88160C,10,619.23,60.53
ITEM_2CA9ADF3,ORD_8CD3E168,PROD_BD391552,9,106.13,95.29
ITEM_58DC65EB,ORD_01CC7015,PROD_ED972053,7,450.03,71.3
ITEM_3B675B75,ORD_2A48FDE9,PROD_1C6E0E67,6,294.26,25.12
ITEM_A6A5E05E,ORD_46C7FB57,PROD_2478345F,8,551.81,65.25
ITEM_716B2519,ORD_CCCF60FA,PROD_F5EFBE78,10,223.35,31.14
ITEM_37B7E6C7,ORD_0B9C27BA,PROD_09B393D4,9,861.97,52.0
ITEM_20CE5576,ORD_87C87B76,PROD_B1227F58,4,767.66,35.02
ITEM_E1B90E03,ORD_E8AA4FA8,PROD_1D9C4F4A,6,294.72,46.23
ITEM_C145CCEE,ORD_08AB7190,PROD_7E631A99,3,945.44,65.43
ITEM_558F1875,ORD_3D505A26,PROD_E5955AC8,5,461.79,15.33
ITEM_E64C7DBA,ORD_C7133083,PROD_5F5B5AB3,5,325.44,77.21
ITEM_D3E6601F,ORD_9EBBB8BC,PROD_198D511C,6,448.09,18.19
ITEM_8D6CEAB6,ORD_1BD74F83,PROD_9379C793,2,306.34,17.95
ITEM_8F3E4827,ORD_7D9DD665,PROD_BC458F72,9,530.16,61.17
ITEM_9FC612DB,ORD_A646F14C,PROD_AAF79696,9,310.42,25.44
ITEM_C70EA530,ORD_69A83FA2,PROD_EA9A5B69,7,170.97,72.76
ITEM_AED6F593,ORD_BA9AF74F,PROD_B442C294,1,227.88,4.69
ITEM_A8399A40,ORD_7E618D3D,PROD_5CC320F0,3,388.23,94.42
ITEM_A0B64374,ORD_6B6D9AF9,PROD_A7DF2977,1,207.27,14.56
ITEM_DCF18F6F,ORD_E3A1F642,PROD_38171DBC,3,409.14,57.93
ITEM_E7155CDD,ORD_132CC1C9,PROD_EBE833B4,9,64.64,91.53
ITEM_4759F077,ORD_26275114,PROD_A92EC28F,-6,922.65,39.71
ITEM_AD44D751,ORD_B5961358,PROD_A02DFAA0,3,619.37,86.22
ITEM_82282740,ORD_6DD81E37,PROD_BC458F72,5,197.08,5.3
ITEM_BFCAB1C9,ORD_624ACF79,PROD_AF9CFF46,4,493.14,25.46
ITEM_649BDF16,ORD_99D8A896,PROD_453FC3FD,5,489.56,49.5
ITEM_63334FA5,ORD_C4AC9785,PROD_6A79B8CF,9,819.96,55.54
ITEM_19282399,ORD_FA3FDFB8,PROD_0BEA93FC,4,548.33,19.52
ITEM_59ACF410,ORD_BE1535F5,PROD_BD391552,9,987.56,69.22
ITEM_F46A22B4,ORD_CB4F03DF,PROD_1C6E0E67,9,365.81,86.55
ITEM_CDADC408,ORD_7B69C585,PROD_A3E636A6,6,177.65,13.12
ITEM_AAA52872,ORD_7B69C585,PROD_AD9BBF13,8,13.94,50.1
ITEM_2731BBE8,ORD_C7C9E668,PROD_307E7A10,7,705.16,69.45
ITEM_8CE4AC16,ORD_9684CF8A,PROD_D92B2E77,6,365.77,25.18
ITEM_1D7C2E73,ORD_2D9CCEF6,PROD_DC14B817,6,189.01,51.87
ITEM_5D8E241C,ORD_BBB958BD,PROD_0689EF5F,9,398.31,21.31
ITEM_CF25E621,ORD_ED07BED7,PROD_8585C962,7,373.12,66.49
ITEM_11A1C74F,ORD_B5961358,PROD_05F38582,9,295.03,8.11
ITEM_E41E9B4B,ORD_CF9BD499,PROD_85BEB072,3,839.9,14.05
ITEM_5095BF88,ORD_CB8EB479,PROD_A2FFD2FA,5,486.24,63.78
ITEM_27EE873E,ORD_056C05CE,PROD_81F41066,4,804.18,69.43
ITEM_170C7844,ORD_02616B8F,PROD_810D360D,2,826.41,17.33
ITEM_475BBBEB,ORD_6C0950C8,PROD_88A6D0D1,10,929.68,69.46
ITEM_755EA0AD,ORD_03ACB436,PROD_13DD0411,7,154.13,30.34
ITEM_B515097D,ORD_D9325CB8,PROD_743558A8,5,650.63,47.57
ITEM_4EB5F85F,ORD_D80EFC0E,PROD_E540D412,2,20.56,48.05
ITEM_347074E3,ORD_088618BE,PROD_358A3C3A,6,591.43,81.41
ITEM_A4FC83B7,ORD_A46BE2B0,PROD_FE9B227F,9,355.28,39.56
ITEM_C6C31AA6,ORD_9A794545,PROD_30861756,8,795.94,45.74
ITEM_EAAE5842,ORD_BE79EF54,PROD_B51D2F2F,8,444.26,90.61
ITEM_0FBC90FB,ORD_7AB3A15C,PROD_1D9C4F4A,9,517.97,62.69
ITEM_9E107D23,ORD_336D02D1,PROD_1C6E0E67,9,406.81,94.0
ITEM_5D0E59C4,ORD_DA55A061,PROD_6EDCCBF2,6,353.64,25.97
ITEM_3ABC5F52,ORD_48051218,PROD_CEBD66BF,8,327.13,27.36
ITEM_DA9DDE59,ORD_47EA4349,PROD_38171DBC,2,575.48,37.69
ITEM_68D7EF3B,ORD_3EEAC326,PROD_ECF5B291,10,629.28,6.33
ITEM_BEA74059,ORD_DD6E7B62,PROD_810D360D,4,470.24,29.77
ITEM_02E933DB,ORD_52060E73,PROD_A270CBDD,6,973.05,53.71
ITEM_6CBDC0BE,ORD_ACCB92BD,PROD_BABDE39F,5,711.67,28.13
ITEM_69AD4A3F,ORD_8190761F,PROD_DE8689AD,5,835.1,73.32
ITEM_56671B27,ORD_C9F6CBB0,PROD_E0EED6AC,2,948.78,73.63
ITEM_1D29BBEA,ORD_3079F90F,PROD_CBA08635,7,563.73,3.34
ITEM_168778A8,ORD_F4476D7E,PROD_A270CBDD,9,194.94,58.65
ITEM_30F040A8,ORD_A0B2DACF,PROD_DFE3398C,5,706.78,56.3
ITEM_DD4D2C30,ORD_752EA660,PROD_6510B8E5,6,881.38,65.22
ITEM_5BF6A734,ORD_39172A8A,PROD_57FFD963,2,979.83,16.85
ITEM_6FE754F9,ORD_25BA0E48,PROD_E2B350E6,6,384.69,36.26
ITEM_0CD88CC8,ORD_966F2E40,PROD_C91DF400,9,577.56,91.62
ITEM_D1772C90,ORD_83182F17,PROD_A843D5EA,7,333.35,34.74
ITEM_40A5D97A,ORD_F71F8B95,PROD_47D43201,3,453.93,12.89
ITEM_89E5F032,ORD_B91D72BF,PROD_FE9B227F,2,263.19,92.3
ITEM_0DA226BA,ORD_EB866A2D,PROD_6A203E72,10,295.2,27.86
ITEM_6628CC76,ORD_A576F90A,PROD_659C100C,2,69.61,49.09
ITEM_ED6FD0C9,ORD_C3F8EAC1,PROD_B2886325,1,33.66,87.77
ITEM_720C528A,ORD_FC5B573B,PROD_3C9B3128,4,172.56,57.91
ITEM_61B4E86E,ORD_BA7B6DBA,PROD_BE7AE22E,5,972.54,96.13
ITEM_7810AA75,ORD_99780662,PROD_9AAD0328,5,114.54,93.03
ITEM_8EAC380F,ORD_FFF3CE57,PROD_BBA618B9,3,530.57,55.57
ITEM_A4111BAF,ORD_4327509D,PROD_FF52C6CD,2,902.99,63.77
ITEM_FC9F15F5,ORD_0C1AD40E,PROD_347E63F6,2,565.24,94.65
ITEM_51F950D4,ORD_6779E327,PROD_FEE09EF6,-9,331.2,18.39
ITEM_006002BB,ORD_C81B0CCD,PROD_7EFF81CD,9,750.9,70.77
ITEM_56A97B7B,ORD_2B1310F3,PROD_A91E3AAE,6,410.33,44.11
ITEM_848D7232,ORD_25BA0E48,PROD_698C9FA8,6,129.32,27.82
ITEM_B456AC11,ORD_E32BF73E,PROD_AF413F60,4,172.72,75.34
ITEM_5F850307,ORD_A30B062A,PROD_31B9986D,10,922.7,23.33
ITEM_8A67A305,ORD_2DEE5CB3,PROD_140CAA9E,10,411.1,13.04
ITEM_52883387,ORD_EA23B832,PROD_F40DD521,7,327.96,26.58
ITEM_B6C23F6C,ORD_0DD41888,PROD_C710CB4A,5,193.6,35.55
ITEM_F6A7A780,ORD_9EBBB8BC,PROD_BC3BD808,6,301.75,56.48
ITEM_6BAEB2D0,ORD_02331FA3,PROD_8BD479BE,4,820.24,39.3
ITEM_903B9F09,ORD_84999B20,PROD_D143592E,10,232.37,74.55
ITEM_E3F2BA13,ORD_44BDC5E1,PROD_A08E3CCB,4,520.67,99.09
ITEM_347CD6A4,ORD_7AED0645,PROD_910C90C7,10,505.72,92.21
ITEM_0E2138E0,ORD_44BDC5E1,PROD_A79DC89D,1,200.34,12.9
ITEM_313066DB,ORD_A9A636E5,PROD_352AA40F,4,205.45,63.43
ITEM_A9466819,ORD_FB582761,PROD_03C9487B,8,299.04,49.78
ITEM_50DB8EC6,ORD_2217E39D,PROD_B8929D0A,-10,737.46,99.33
ITEM_E0F65F32,ORD_547A24E6,PROD_2A5551AC,5,293.59,94.48
ITEM_B6E15362,ORD_752EA660,PROD_AAF79696,8,434.81,89.48
ITEM_E72980ED,ORD_C5CB3DCD,PROD_6A376C35,5,709.7,58.86
ITEM_61F07D15,ORD_AB027D79,PROD_53A3F624,2,857.35,41.88
ITEM_E08A87C2,ORD_85A43CD8,PROD_BBA618B9,5,337.1,76.6
ITEM_B5A77BF9,ORD_C8AE146A,PROD_22D0ABBA,3,423.71,13.88
ITEM_47187CED,ORD_86FA6D65,PROD_2DFC0F60,8,606.13,58.24
ITEM_A9D1633E,ORD_28520B86,PROD_A69E9FCE,5,935.39,2.26
ITEM_3224B204,ORD_1C2EB3DB,PROD_EF5C6131,10,730.56,59.98
ITEM_2A61560C,ORD_E3A1513B,PROD_145FB06E,5,163.58,30.83
ITEM_98A3C922,ORD_2F8ACA0F,PROD_B47DD889,6,656.87,86.41
ITEM_660C68EE,ORD_A3B70323,PROD_5F25611E,6,90.72,84.37
ITEM_677DBB55,ORD_34AABBE4,PROD_E0EED6AC,3,292.12,44.29
ITEM_5179768C,ORD_C76FFD1D,PROD_9379C793,10,229.51,4.2
ITEM_F941ECD7,ORD_958C9F58,PROD_CAEDBCB0,10,393.88,10.36
ITEM_0F014298,ORD_AF4C89DC,PROD_0682BF00,5,286.05,0.38
ITEM_F9FCBA97,ORD_C8D61712,PROD_E11B29EB,4,773.35,28.2
ITEM_100C03F2,ORD_86760986,PROD_A843D5EA,4,484.42,44.76
ITEM_5E4A1D51,ORD_C5987012,PROD_EE4B74C8,4,661.15,7.2
ITEM_FC287B4C,ORD_638D43A4,PROD_D7B5ABC7,3,280.72,26.41
ITEM_0E35AFA0,ORD_887DFB88,PROD_5D60C409,6,154.52,69.26
ITEM_A536C685,ORD_86760986,PROD_E9C1A143,3,712.39,16.73
ITEM_33D9CB84,ORD_125C3AB8,PROD_35500702,1,846.68,3.86
ITEM_CBD0C10F,ORD_D8719861,PROD_DEF898B5,6,974.97,8.06
ITEM_EE137B87,ORD_8A655DB4,PROD_03B1245C,6,19.76,54.65
ITEM_C1F943F7,ORD_99780662,PROD_BBA618B9,2,951.6,15.99
ITEM_3BD40ECB,ORD_C485884F,PROD_3987DBF1,2,399.06,27.87
ITEM_AA4F9A31,ORD_E9BFA2A7,PROD_A270CBDD,2,371.18,46.76
ITEM_FC44BBCF,ORD_2437F81D,PROD_4DE71A6D,5,45.08,96.82
ITEM_6DA3FE62,ORD_2FACA51A,PROD_CCE42FDB,1,725.92,98.01
ITEM_C44C98AB,ORD_0B9C27BA,PROD_C1B88E8E,7,790.12,51.52
ITEM_6CF3CB0E,ORD_916133F1,PROD_280CF9C8,6,919.19,3.39
ITEM_976CF393,ORD_AB034CC3,PROD_A6E83DF0,8,410.12,15.38
ITEM_ABD3E1EA,ORD_09743F85,PROD_295E0656,2,835.37,1.14
ITEM_D439DFE5,ORD_5A42BCA4,PROD_DCA59AB9,1,893.13,10.41
ITEM_B6446D88,ORD_D2CF3670,PROD_768EE182,8,814.08,92.33
ITEM_B86E7A24,ORD_4A99A721,PROD_BD67DC0B,2,592.15,28.8
ITEM_B372FA37,ORD_A703FD1B,PROD_41679569,9,145.95,72.01
ITEM_A142CE8C,ORD_C2E970D8,PROD_02B82593,2,376.41,72.88
ITEM_3D5BC862,ORD_F2DED74A,PROD_271C6FC3,1,332.74,57.26
ITEM_ED1E5BCD,ORD_7E980438,PROD_2338FA7E,2,668.57,95.78
ITEM_78821E45,ORD_CB14BAAE,PROD_2282D652,5,403.96,85.49
ITEM_12E9A072,ORD_D3C67543,PROD_ADD17A0F,2,725.22,96.8
ITEM_E97158D9,ORD_F49F40B0,PROD_B47DD889,3,418.36,30.45
ITEM_70C03067,ORD_0C1AD40E,PROD_96D62270,6,710.01,21.24
ITEM_21C6ACC4,ORD_1C2EB3DB,PROD_2395ABBD,3,764.08,4.92
ITEM_33573CB8,ORD_C4595AE8,PROD_FF59524B,7,310.18,53.5
ITEM_C3D2F8C6,ORD_97ECFF94,PROD_2A8A1B22,3,977.67,29.07
ITEM_51D95957,ORD_E78A56A8,PROD_26C30295,5,239.11,78.28
ITEM_9D4971F0,ORD_E7C7783D,PROD_F258847A,7,26.87,47.3
ITEM_D78866CB,ORD_06BCDE39,PROD_A29EA3AC,1,67.93,27.38
ITEM_1EB2F31C,ORD_E5A6FF19,PROD_2A5551AC,10,826.78,90.77
ITEM_0886AAB5,ORD_2601C675,PROD_0A7D7670,5,94.94,88.18
ITEM_978ECC05,ORD_C1CF2AC9,PROD_A08E3CCB,10,981.79,89.92
ITEM_76492A83,ORD_C4CEA668,PROD_2CF48C54,8,924.51,67.86
ITEM_78F18CD0,ORD_026B31C7,PROD_EF03CB22,7,292.57,37.5
ITEM_81CB7DD0,ORD_C8772A1C,PROD_988C6734,8,435.15,69.33
ITEM_188CA92C,ORD_6E31CE43,PROD_FCD96402,1,70.95,82.01
ITEM_6C26D8E4,ORD_9BD60C6C,PROD_5F5B5AB3,1,777.87,18.32
ITEM_C05E4360,ORD_0EB488F9,PROD_56D44948,3,997.2,13.02
ITEM_3DD73266,ORD_A46BE2B0,PROD_C710CB4A,5,391.73,64.58
ITEM_04FD233E,ORD_87E05F23,PROD_E9EB923C,5,174.67,60.9
ITEM_FF420730,ORD_FC61E8EB,PROD_AF9CFF46,1,966.98,56.93
ITEM_CB3FCCE1,ORD_A9A636E5,PROD_13D417E1,3,566.16,46.34
ITEM_E8676E02,ORD_D43B65FC,PROD_8F75D8D5,5,973.29,59.61
ITEM_F250B9CF,ORD_B360E59C,PROD_56D44948,10,656.08,39.02
ITEM_E38D23C9,ORD_294FE9F4,PROD_81245276,5,67.23,92.08
ITEM_48E0EAEA,ORD_4B134E9E,PROD_B47DD889,2,194.01,2.34
ITEM_305D1CC0,ORD_0A139615,PROD_5A1C390A,2,263.63,89.25
ITEM_159BC3EF,ORD_BD1DC589,PROD_BBA618B9,8,928.23,99.95
ITEM_EA7ADEA2,ORD_125C3AB8,PROD_56BE673A,3,978.46,84.18
ITEM_1A6B2C33,ORD_7B9D827F,PROD_3212DE70,8,210.62,9.51
ITEM_A0F1EE28,ORD_91F5E3CE,PROD_79D2A1C5,10,773.94,8.03
ITEM_22EF22C4,ORD_4A99A721,PROD_1F621027,5,415.91,59.28
ITEM_E1A4FA1E,ORD_221B5176,PROD_AB76F18B,9,459.28,56.61
ITEM_264F9502,ORD_08801FF1,PROD_145FB06E,7,569.75,68.48
ITEM_FC1DB2EA,ORD_BC659793,PROD_E8157CC3,1,501.33,26.61
ITEM_8B8A106E,ORD_C2F3C268,PROD_1715E202,5,816.43,67.14
ITEM_985C576D,ORD_30A1E26C,PROD_02EA6A39,9,168.9,96.19
ITEM_8183BF36,ORD_E3D1EB35,PROD_1F8CD2C2,8,764.1,82.95
ITEM_DBDE1BFD,ORD_E972B299,PROD_55F45045,2,730.77,65.02
ITEM_0B29D68C,ORD_D2A573BE,PROD_0B2B820F,6,563.92,97.15
ITEM_929928AA,ORD_75E38631,PROD_8FE9B594,1,427.37,41.78
ITEM_DA35E55F,ORD_11655D02,PROD_6EDCCBF2,1,679.27,40.8
ITEM_E66A5E0D,ORD_7CF2764F,PROD_A02DFAA0,5,685.41,69.78
ITEM_DDA9575A,ORD_4F9097B8,PROD_32D519DC,5,44.74,38.27
ITEM_85F51D8A,ORD_25594FAA,PROD_2395ABBD,1,196.52,94.55
ITEM_E94A0ACF,ORD_0B44A89A,PROD_B2C953D7,8,85.56,59.95
ITEM_F115AA30,ORD_E1473EB8,PROD_C3A768EF,5,875.92,44.49
ITEM_D5A9396B,ORD_74DB3460,PROD_BE7AE22E,2,551.42,19.98
ITEM_CDCDE720,ORD_37A06915,PROD_EE4B74C8,10,510.48,35.85
ITEM_CFC516B0,ORD_EB4BFAFE,PROD_27F7B513,8,464.69,93.01
ITEM_1F722B98,ORD_0A139615,PROD_85EE70C4,9,286.73,16.5
ITEM_49119052,ORD_BC12210E,PROD_03C9487B,3,50.6,9.02
ITEM_709F8117,ORD_1AF4E92D,PROD_DF61D4BC,8,737.18,99.82
ITEM_ECA77137,ORD_09743F85,PROD_3C9B3128,-10,424.42,59.21
ITEM_02578950,ORD_0B1FAA46,PROD_2A8A1B22,3,737.24,37.47
ITEM_08049759,ORD_9758742C,PROD_F53A9F9F,6,277.77,88.09
ITEM_ABE6151B,ORD_42398772,PROD_EBE833B4,7,438.48,82.76
ITEM_78E8AB33,ORD_D8719861,PROD_E2D29A8E,2,911.63,50.19
ITEM_198371E8,ORD_86FA6D65,PROD_819851A7,4,202.94,64.38
ITEM_73997571,ORD_370F66C9,PROD_6CA1BB96,5,514.69,39.17
ITEM_ECA90CC6,ORD_550A009E,PROD_FEF9F26F,1,753.82,48.96
ITEM_95D4ACBA,ORD_2F0D3E08,PROD_87472041,7,262.26,10.17
ITEM_EB62C655,ORD_2A932B6F,PROD_F6485D09,3,216.0,42.27
ITEM_5EA1B2D7,ORD_DDF3B4EF,PROD_D6F265EE,10,806.66,95.69
ITEM_EC3B31E5,ORD_0C0BEC5B,PROD_7DF382C7,3,259.97,17.75
ITEM_24801B22,ORD_FE38C199,PROD_12CC1807,3,710.72,11.03
ITEM_6544D0FD,ORD_A39E0578,PROD_4ED95DC9,3,19.62,73.89
ITEM_5EF2B3B1,ORD_132CC1C9,PROD_55C4F24E,2,379.2,8.12
ITEM_9D11A7D1,ORD_6D1F69AA,PROD_DC14B817,8,276.48,99.01
ITEM_99AAA317,ORD_FB582761,PROD_DF61D4BC,1,437.82,90.04
ITEM_D898F010,ORD_120760B6,PROD_C59B9490,10,771.37,69.12
ITEM_F850E968,ORD_726BDD8B,PROD_B8D8AE21,6,417.05,85.43
ITEM_B54515D2,ORD_BD29047C,PROD_659C100C,5,423.41,48.39
ITEM_222FBA7B,ORD_16C5E881,PROD_13D417E1,3,171.53,7.13
ITEM_A05E676F,ORD_2F8ACA0F,PROD_C1B88E8E,4,930.55,40.25
ITEM_FD3B525E,ORD_C9277E0F,PROD_4919EDB1,9,998.75,22.3
ITEM_F7EDAFB4,ORD_5D517851,PROD_4A85A92D,1,186.56,14.81
ITEM_C8F9B6D3,ORD_735A30B3,PROD_966F2840,6,580.03,53.38
ITEM_B9C4E185,ORD_3AF42F24,PROD_B2C953D7,3,735.83,56.62
ITEM_CE2CB869,ORD_B8818251,PROD_CBA08635,9,678.73,74.19
ITEM_878A5D3E,ORD_777E8EFD,PROD_3BCF62C6,6,210.97,96.55
ITEM_CC31BB8F,ORD_9EB35844,PROD_EE684BAA,8,411.77,78.69
ITEM_29BCD33F,ORD_68418049,PROD_D92B2E77,3,982.29,72.3
ITEM_3AE69B91,ORD_3AA9ABE8,PROD_5883E0D5,7,83.18,71.38
ITEM_2990BF24,ORD_FF675778,PROD_9379C793,6,703.2,10.39
ITEM_7C7FBB5B,ORD_E5784D1C,PROD_AB76F18B,10,18.19,59.28
ITEM_D0A22705,ORD_EB866A2D,PROD_0C0C030E,1,108.56,97.69
ITEM_A6F5F533,ORD_3298FA0E,PROD_09B393D4,10,218.41,9.33
ITEM_1BEB68C0,ORD_28D5AE0A,PROD_8CFFB566,7,194.33,13.57
ITEM_CF647CF8,ORD_0B44A89A,PROD_DAC2F675,6,155.96,16.43
ITEM_74767180,ORD_06BCDE39,PROD_568C378B,10,657.68,82.29
ITEM_67CCB55B,ORD_C7DE77A7,PROD_3F7E0D2B,7,229.48,73.14
ITEM_7F453BEC,ORD_446D7BE9,PROD_22D0ABBA,8,42.35,81.82
ITEM_A38C2A64,ORD_1915B76C,PROD_1DEF64E8,9,189.9,97.42
ITEM_EBA756C9,ORD_87C87B76,PROD_662FE004,1,724.14,86.38
ITEM_2642A926,ORD_29D4000C,PROD_AF9CFF46,8,683.46,7.75
ITEM_4DD0CAE6,ORD_7B69C585,PROD_2469BB89,-9,923.1,2.35
ITEM_E4BB722C,ORD_9684CF8A,PROD_6D7F791D,7,455.3,77.34
ITEM_55F79864,ORD_BFD4F2E0,PROD_0260B3FC,10,387.95,51.67
ITEM_BD62E64A,ORD_82D8BB6F,PROD_81EFED9B,2,468.77,81.01
ITEM_52A951ED,ORD_82837CF1,PROD_7B8F2D4D,5,140.44,55.94
ITEM_ED1C32F5,ORD_2869C263,PROD_60D65479,3,901.08,63.36
ITEM_B7F122D8,ORD_98B86843,PROD_C8008ECC,2,377.83,0.01
ITEM_0F2738EB,ORD_A30B062A,PROD_1C4062E1,8,961.04,28.33
ITEM_2525A43E,ORD_0AB5CAFC,PROD_3212DE70,5,133.97,1.16
ITEM_3653D6A4,ORD_887DFB88,PROD_A3E636A6,2,950.12,49.97
ITEM_2A1E4B8D,ORD_04C21A3A,PROD_B49D1EDA,3,447.28,49.27
ITEM_05AF9548,ORD_3079F90F,PROD_09862CCF,2,604.72,84.66
ITEM_E4D029B1,ORD_198D4CBE,PROD_32AA6F53,5,874.36,95.37
ITEM_35268589,ORD_E6F0C3AF,PROD_EDCDF451,4,817.24,67.11
ITEM_2FEE3DFF,ORD_F49F40B0,PROD_3EA81F09,2,679.86,28.87
ITEM_80BAE794,ORD_86FF57B6,PROD_13D417E1,10,979.08,82.1
ITEM_B0999DC9,ORD_FB95FDCF,PROD_6494FA22,3,332.2,42.18
ITEM_652971CB,ORD_64CC0C71,PROD_72AA65AA,9,598.03,20.29
ITEM_72428134,ORD_2EEA34C1,PROD_D91D91E0,5,526.32,92.25
ITEM_AC73FF4D,ORD_DD6E7B62,PROD_57FFD963,2,729.97,29.67
ITEM_E92CEAB1,ORD_24D5429B,PROD_E8157CC3,2,34.55,31.23
ITEM_5A0CAB1E,ORD_D6F6AF57,PROD_698D70F8,5,324.59,92.06
ITEM_1C5B43A4,ORD_A07C9FA4,PROD_0EF78932,8,521.13,44.51
ITEM_82A4D190,ORD_A529516A,PROD_4919EDB1,-1,564.36,23.07
ITEM_FBBB3CC8,ORD_1123F07D,PROD_E76A8852,9,487.21,15.58
ITEM_F6F15C35,ORD_560DBC4D,PROD_3B4AD42C,2,202.16,61.75
ITEM_94BB891A,ORD_17785ED3,PROD_2DFC0F60,10,24.57,82.36
ITEM_2D8737C2,ORD_D3C67543,PROD_BBA618B9,6,224.21,28.25
ITEM_1E48127F,ORD_1915B76C,PROD_6A79B8CF,10,730.8,50.67
ITEM_CBC6D109,ORD_2A75EA11,PROD_FC1D5B6F,10,595.29,96.68
ITEM_5B374F18,ORD_694E1FBF,PROD_A0187241,10,258.57,29.5
ITEM_5C27F1F3,ORD_6842DF8C,PROD_DC14B817,-7,559.56,7.15
ITEM_0B1A9DB4,ORD_12ABBC91,PROD_5D859117,5,115.62,41.54
ITEM_699BD15F,ORD_6573692E,PROD_BC458F72,5,973.53,57.39
ITEM_F2D1CD8E,ORD_D4CD7E45,PROD_E8B91FE8,2,568.09,55.74
ITEM_1707C06F,ORD_D5C5EDB8,PROD_502E6868,9,896.65,61.7
ITEM_32E3965A,ORD_E972B299,PROD_1D8A99A6,10,681.14,12.5
ITEM_D7BBC2F3,ORD_AC695525,PROD_87472041,10,895.95,49.91
ITEM_31D10A9E,ORD_04DEF4E7,PROD_2F8F8A54,3,286.21,90.84
ITEM_E0636B9D,ORD_19EA5967,PROD_41679569,2,981.83,28.46
ITEM_6E4CBB4C,ORD_2F0D3E08,PROD_FF59524B,3,389.54,62.67
ITEM_A4492458,ORD_90657DD5,PROD_50C77E63,2,425.55,11.22
ITEM_70AE9640,ORD_93EF98D3,PROD_3F54DC57,2,83.66,51.1
ITEM_803B3202,ORD_4240026B,PROD_A2FFD2FA,6,594.03,51.37
ITEM_547E9CBB,ORD_547A24E6,PROD_698D70F8,6,413.09,62.2
ITEM_F47CA6E4,ORD_96402F4D,PROD_A1EA1636,3,891.67,93.59
ITEM_43807EED,ORD_C27FF443,PROD_12CC1807,5,37.14,83.4
ITEM_ACFDB2CB,ORD_624ACF79,PROD_7D06E4A9,6,709.74,45.78
ITEM_857A7980,ORD_606D06B4,PROD_02EA6A39,3,770.63,98.67
ITEM_BAE68ECD,ORD_AD6A5F66,PROD_5210A668,4,986.31,82.78
ITEM_003CEC02,ORD_8E2D2DA2,PROD_B51D2F2F,7,913.85,45.43
ITEM_FC843CAB,ORD_7B69C585,PROD_5CC320F0,7,378.88,84.75
ITEM_24D50928,ORD_6888E345,PROD_3A804B34,7,307.9,85.87
ITEM_67EE14B2,ORD_7E618D3D,PROD_CAA55C8C,2,997.91,74.81
ITEM_5858269B,ORD_D2F8BEAB,PROD_09F427D3,10,407.11,82.49
ITEM_43F05FCD,ORD_FD78DDE5,PROD_FC4B69FC,8,558.79,55.92
ITEM_68F7B8A3,ORD_FB153339,PROD_ED37B465,10,453.7,59.95
ITEM_4CB30327,ORD_5C6F906B,PROD_1D9C4F4A,7,281.71,95.15
ITEM_815975B8,ORD_0A14DEB8,PROD_03743D1A,7,520.29,48.92
ITEM_3D42B15A,ORD_7ABD8556,PROD_D56B4051,9,156.56,54.12
ITEM_EF67C4CB,ORD_F4476D7E,PROD_A29EA3AC,5,498.04,43.24
ITEM_CA327A8C,ORD_726BDD8B,PROD_49DD2249,7,814.24,50.18
ITEM_80C38427,ORD_A79E5EFE,PROD_3678374A,1,783.61,96.99
ITEM_6DA98DEB,ORD_F3CC14D5,PROD_D902B4C8,10,673.34,70.08
ITEM_77C1038B,ORD_1AF4E92D,PROD_6494FA22,10,459.8,60.69
ITEM_E245AA00,ORD_D4DC5872,PROD_7DD06A17,9,923.23,39.38
ITEM_1C02BE2E,ORD_6842DF8C,PROD_A3B0A16A,4,976.19,11.83
ITEM_B19C4532,ORD_1D45D28E,PROD_D4D7E73A,-3,691.9,39.1
ITEM_F0AA63E9,ORD_32FD3652,PROD_2A8A1B22,4,386.26,97.92
ITEM_4CB46350,ORD_550A009E,PROD_A1552CFC,1,766.11,59.59
ITEM_122119F6,ORD_F52EDC65,PROD_186B5CB5,1,960.11,13.25
ITEM_61CA79C9,ORD_B160D3F8,PROD_9AAD0328,6,952.61,56.94
ITEM_F74072F7,ORD_888D5978,PROD_52F93F49,10,81.77,36.93
ITEM_97E8A7A2,ORD_D5EC6F4B,PROD_0B2B820F,2,517.79,59.26
ITEM_D2C4ACED,ORD_8242FCB5,PROD_8FE9B594,9,622.97,38.7
ITEM_80029173,ORD_8E44AD2B,PROD_00A480A5,1,671.72,38.63
ITEM_65E2DB90,ORD_DA676FEE,PROD_0B8B75BB,8,525.73,79.99
ITEM_31FCBEA1,ORD_99D8A896,PROD_015396EE,3,868.0,27.59
ITEM_501DEC07,ORD_BC0EF4C3,PROD_C59B9490,4,95.07,45.95
ITEM_FB9E0D55,ORD_2A48FDE9,PROD_29D6B0E1,9,57.77,7.58
ITEM_2508066A,ORD_F6FC7C34,PROD_CB3DFB30,9,329.04,32.16
ITEM_C81696C5,ORD_C2E970D8,PROD_BA941827,8,320.8,38.3
ITEM_F7B29F6A,ORD_6E31CE43,PROD_26AA7C1B,1,119.69,40.57
ITEM_454728A3,ORD_9D853B6E,PROD_7D06E4A9,5,103.07,89.37
ITEM_6D739548,ORD_D8702DE1,PROD_4DE71A6D,10,566.82,12.34
ITEM_97D68516,ORD_11655D02,PROD_27FDF628,3,317.19,56.05
ITEM_1FBBB83C,ORD_C4D322C7,PROD_2F8F8A54,3,153.76,82.8
ITEM_47C03ECF,ORD_925DCEAE,PROD_0260B3FC,5,256.42,70.85
ITEM_4BAB5722,ORD_C3F8EAC1,PROD_B9F3327E,6,652.79,46.57
ITEM_E3582AAF,ORD_B9CE1697,PROD_65729DA1,6,474.63,84.77
ITEM_6A8F1175,ORD_9D853B6E,PROD_0689EF5F,6,683.88,13.61
ITEM_3915CFB4,ORD_CB14BAAE,PROD_BDF20C09,-1,515.07,16.9
ITEM_363513EB,ORD_72CEA8E9,PROD_E2D29A8E,10,157.26,21.34
ITEM_D40FC133,ORD_F8366B6B,PROD_C91DF400,8,33.72,36.91
ITEM_F4883B94,ORD_64CC0C71,PROD_289B6E9C,6,797.91,1.98
ITEM_4DD81F6E,ORD_3E133940,PROD_C9A6BBCB,4,390.41,96.17
ITEM_2A5CF388,ORD_97B0088E,PROD_40CFD161,10,707.28,24.89
ITEM_FF9D4A29,ORD_FD43A637,PROD_FF52C6CD,9,265.84,12.59
ITEM_2EACFEC8,ORD_8F5057D4,PROD_2D0765E7,6,395.39,59.1
ITEM_D4162B25,ORD_D039230F,PROD_84A2A662,3,227.99,38.36
ITEM_629986B6,ORD_9BD60C6C,PROD_A3DA82AF,2,575.56,76.09
ITEM_832FDE85,ORD_8D43B861,PROD_40CFD161,1,177.57,19.09
ITEM_C31DC1C3,ORD_8ECD6187,PROD_53A3F624,10,378.16,18.44
ITEM_9FBBE5CB,ORD_6D1F69AA,PROD_3AC858A0,4,405.2,98.46
ITEM_131BAC23,ORD_2EBB0685,PROD_ED37B465,9,958.14,3.83
ITEM_CA8693F3,ORD_EE1AF37F,PROD_40CFD161,9,970.03,69.15
ITEM_55D134AF,ORD_D43B65FC,PROD_1DEF64E8,8,57.13,27.8
ITEM_FF8C02F8,ORD_5A42BCA4,PROD_EF5C6131,2,57.09,36.6
ITEM_E54172C1,ORD_D5C5EDB8,PROD_669E2C8D,1,239.66,2.33
ITEM_A35B01FA,ORD_A6C3FA04,PROD_CDA38F06,3,975.89,37.96
ITEM_D8192573,ORD_BA7B6DBA,PROD_8D828B38,6,743.39,10.4
ITEM_7BBA794D,ORD_8E70C680,PROD_B304BE85,3,658.78,76.94
ITEM_7789840A,ORD_CAAED50E,PROD_487D6906,1,212.43,45.83
ITEM_BCE1A319,ORD_735A30B3,PROD_3B0AFF57,5,152.51,59.63
ITEM_06838374,ORD_E8AA4FA8,PROD_17B6F669,4,687.33,87.01
ITEM_69A864ED,ORD_351A7ED4,PROD_9A42A740,7,891.93,77.77
ITEM_424504CF,ORD_8DEE8D2D,PROD_EF1E90E8,4,139.09,81.65
ITEM_5C2AFC9C,ORD_FEDEC913,PROD_352F6438,10,750.4,45.32
ITEM_F7579ED7,ORD_370F66C9,PROD_3678374A,10,541.47,1.59
ITEM_E0BFDA7A,ORD_887DFB88,PROD_2D8D3282,4,873.26,48.39
ITEM_58C0B0BD,ORD_08E932F8,PROD_4DD4BF27,5,512.79,65.48
ITEM_D6EAC243,ORD_958D92F1,PROD_E6E4D370,4,856.51,52.56
ITEM_CF3CBC8A,ORD_AF92FBA3,PROD_32985588,3,872.61,68.74
ITEM_53D809BA,ORD_A5CC1A77,PROD_F10313C9,7,547.65,92.28
ITEM_C746DBF2,ORD_8FB82BBF,PROD_BE0A2C85,2,288.58,83.52
ITEM_79B4FDD3,ORD_CC4CEE4A,PROD_B6945E69,7,821.23,84.25
ITEM_7636DF2D,ORD_974CC317,PROD_32985588,1,946.32,64.6
ITEM_1063EDE4,ORD_7EDA11EF,PROD_EE093081,7,184.49,53.46
ITEM_E2E789F5,ORD_19DAB0F5,PROD_C98694A0,6,288.78,20.05
ITEM_64D26137,ORD_C7269E68,PROD_1B077FC6,5,915.06,72.08
ITEM_DAE132E9,ORD_E142A95E,PROD_BABE193C,10,847.14,62.94
ITEM_523745D2,ORD_5B5CB2E7,PROD_E2D29A8E,4,635.07,83.93
ITEM_8DB044C4,ORD_BACD3235,PROD_C64B89EC,7,741.14,89.98
ITEM_8DF87733,ORD_A703FD1B,PROD_0689EF5F,6,571.09,82.01
ITEM_A778B106,ORD_FFA1B80F,PROD_04CEB81A,1,790.89,39.78
ITEM_2E187BFD,ORD_E3AA4A41,PROD_7DD06A17,9,182.7,66.9
ITEM_B3765DC6,ORD_7738E505,PROD_B8F9633E,8,214.05,96.54
ITEM_8021D8BF,ORD_088618BE,PROD_B6722C88,7,855.1,77.48
ITEM_EF14EC83,ORD_A306D7C3,PROD_0EF78932,10,996.62,42.53
ITEM_91F8068F,ORD_0FA28F3B,PROD_86745707,1,914.79,85.67
ITEM_5EB1A888,ORD_05503890,PROD_13DD0411,9,399.01,1.77
ITEM_811BCE8F,ORD_BC0EF4C3,PROD_06D34D49,3,970.95,82.82
ITEM_57BB6838,ORD_1C7D74C7,PROD_AF9CFF46,1,137.95,81.82
ITEM_EB15E751,ORD_925DCEAE,PROD_851FA18D,7,771.57,34.87
ITEM_8774F737,ORD_A41002B0,PROD_1B077FC6,8,475.21,52.9
ITEM_A12E90B6,ORD_24D797AF,PROD_50C77E63,2,127.85,47.87
ITEM_1B13B3CD,ORD_C0B93A24,PROD_27F7B513,7,998.16,7.74
ITEM_FD621D71,ORD_A0B2DACF,PROD_DE5DCB0A,9,103.94,39.01
ITEM_7B67C60D,ORD_5748BACF,PROD_54E040EA,1,783.71,49.16
ITEM_DD336B46,ORD_9EB35844,PROD_A1EA1636,7,593.63,83.71
ITEM_D73284C7,ORD_ED128BBE,PROD_453FC3FD,8,36.52,81.97
ITEM_17FCAEFF,ORD_1E52B126,PROD_25CC4B61,1,519.8,99.19
ITEM_7613E152,ORD_13D12954,PROD_502E6868,7,504.95,17.0
ITEM_38E5D4D4,ORD_301650E5,PROD_08C779C1,5,439.33,83.16
ITEM_9DC54B60,ORD_092565BC,PROD_3AC858A0,2,233.67,6.04
ITEM_BB5562B4,ORD_36C3B2B3,PROD_186B5CB5,3,935.31,94.24
ITEM_C2C01AD6,ORD_1A111C0E,PROD_4330ECFB,7,330.62,93.57
ITEM_EC902730,ORD_CB14BAAE,PROD_71A2555D,6,297.31,96.08
ITEM_C0A35729,ORD_0C814146,PROD_7F893CF8,4,306.42,9.51
ITEM_66B6916F,ORD_3298FA0E,PROD_BE0A2C85,10,501.61,21.39
ITEM_5F4C30C1,ORD_2BE617FB,PROD_47D43201,3,892.15,62.68
ITEM_937094E1,ORD_5AE2BF11,PROD_6425438D,8,784.73,16.16
ITEM_40E53787,ORD_18D235E4,PROD_6425438D,2,952.08,32.55
ITEM_1C6FA669,ORD_DDFE3694,PROD_A0376E0A,7,309.08,35.83
ITEM_9476001A,ORD_143D0497,PROD_D3EA66E9,4,707.41,38.95
ITEM_56C36564,ORD_B70AAF4A,PROD_B8F9633E,8,454.78,1.73
ITEM_2F70184D,ORD_0943A32C,PROD_FCD96402,9,718.91,49.14
ITEM_CB411583,ORD_EA33353F,PROD_7E64E098,10,735.66,88.35
ITEM_759B1DE6,ORD_78FC981C,PROD_8072218E,2,341.78,44.43
ITEM_76D10C47,ORD_C17890E5,PROD_B47DD889,1,300.17,85.56
ITEM_F3E6C0FA,ORD_8109A9B2,PROD_2CF48C54,1,208.37,87.02
ITEM_A75947E8,ORD_0D655AF7,PROD_04CEB81A,6,244.03,17.55
ITEM_4B158546,ORD_6C032BE5,PROD_B2E59FF2,1,333.59,10.01
ITEM_E47F5124,ORD_8D739757,PROD_6A79B8CF,2,523.66,35.27
ITEM_B8715FFF,ORD_E94421D5,PROD_1ED08B82,2,529.21,85.44
ITEM_B3568245,ORD_1BA67F70,PROD_453FC3FD,6,978.76,69.17
ITEM_7E40FC9A,ORD_018BDCDF,PROD_662FE004,10,635.78,40.07
ITEM_BA77CA20,ORD_2D0CCC5D,PROD_342930FF,-7,721.85,2.23
ITEM_62452C66,ORD_831EF147,PROD_5794F7BB,-6,90.64,50.05
ITEM_4738D73E,ORD_16308D3F,PROD_0A7D7670,1,254.2,62.58
ITEM_726324E0,ORD_3124D6EF,PROD_94D8C401,4,272.75,93.05
ITEM_5AEC9533,ORD_9621CFED,PROD_1CEC3A76,10,992.57,55.63
ITEM_543CE94D,ORD_6842DF8C,PROD_C710CB4A,2,883.55,16.15
ITEM_1F23FBB3,ORD_A597AE4C,PROD_F5A13973,1,701.43,68.36
ITEM_7D058DFB,ORD_6E979599,PROD_BF1CC932,6,655.04,32.58
ITEM_BAB0ECD4,ORD_974CC317,PROD_53A3F624,9,73.09,91.8
ITEM_72E586BB,ORD_0AB5CAFC,PROD_2DE4BC0D,1,932.3,90.03
ITEM_1F71368B,ORD_3124D6EF,PROD_2210704C,5,310.03,70.76
ITEM_C8E1AEA6,ORD_0C1AD40E,PROD_E8B91FE8,8,783.58,31.86
ITEM_1EED2DE2,ORD_0FBE0162,PROD_BABDE39F,1,522.24,33.76
ITEM_4388222F,ORD_68418049,PROD_A91E3AAE,2,940.57,32.9
ITEM_FA1CA4DF,ORD_E7183415,PROD_7D06E4A9,7,31.88,74.68
ITEM_3CB8A9EE,ORD_83D7FC19,PROD_E9C1A143,5,540.58,32.89
ITEM_8FD9050D,ORD_E7183415,PROD_2282D652,8,577.47,56.47
ITEM_95890CD6,ORD_8BD6BDD6,PROD_B4B79BC0,10,781.82,3.15
ITEM_08078DBD,ORD_041F9F12,PROD_5D70A153,10,78.43,40.88
ITEM_F7E03A4C,ORD_78B25559,PROD_5DE8F93B,3,866.63,91.86
ITEM_F14C5BDC,ORD_045052F0,PROD_0D950DDD,6,158.9,70.52
ITEM_381C4188,ORD_25BA0E48,PROD_0B8B75BB,6,207.57,79.17
ITEM_3A34FD29,ORD_DF4D48DD,PROD_A6E83DF0,-5,968.29,56.75
ITEM_74B68A0B,ORD_F2CB38A7,PROD_3437F4E2,6,865.12,2.93
ITEM_8F2662E3,ORD_56E7512A,PROD_44EA40E8,7,280.93,70.29
ITEM_A45B0E4A,ORD_8E2D2DA2,PROD_60AE891E,9,162.93,78.17
ITEM_F31265FF,ORD_1A20B548,PROD_C59B9490,6,778.9,92.1
ITEM_53B884B2,ORD_673534E5,PROD_F258847A,2,376.07,89.26
ITEM_9EDA5699,ORD_81D568EF,PROD_3F7E0D2B,7,621.14,18.98
ITEM_CE3A3497,ORD_958D92F1,PROD_7D28687C,9,502.09,92.2
ITEM_F9D91438,ORD_F11BD646,PROD_2A5551AC,10,589.82,53.42
ITEM_6ABEBBBD,ORD_4239D6E1,PROD_C3EF376E,2,830.11,56.56
ITEM_6F6F387A,ORD_072F47F5,PROD_7E631A99,5,943.08,62.02
ITEM_5D1ABB98,ORD_AB027D79,PROD_347E63F6,3,212.48,76.73
ITEM_E1161398,ORD_A7347AAB,PROD_F6485D09,10,354.31,59.38
ITEM_B55FD3DE,ORD_F36D8B19,PROD_2F88D3F5,1,365.83,62.56
ITEM_1864370A,ORD_D3E2991E,PROD_A29EA3AC,3,667.37,37.39
ITEM_5984E011,ORD_D77B4206,PROD_FE9B227F,-10,941.85,59.53
ITEM_3DF55777,ORD_3B9AF3B8,PROD_2F88D3F5,9,100.95,5.01
ITEM_8129FE42,ORD_122683F5,PROD_BB456785,10,165.78,33.41
ITEM_1E5653BA,ORD_E3A1513B,PROD_FEF9F26F,9,258.96,80.11
ITEM_567256D7,ORD_8B7035FB,PROD_3678374A,7,500.51,34.92
ITEM_8BBE208F,ORD_DD59B19E,PROD_CDA38F06,7,924.08,7.17
ITEM_093929A8,ORD_B136F655,PROD_BC458F72,6,447.8,36.12
ITEM_CC80089D,ORD_1C7D74C7,PROD_13D417E1,5,430.89,38.55
ITEM_ED8F9F09,ORD_7E618D3D,PROD_DAC2F675,7,752.0,13.68
ITEM_0BCFE982,ORD_96402F4D,PROD_11262207,6,62.02,25.98
ITEM_D7FAFACA,ORD_8A655DB4,PROD_D7B5ABC7,2,270.97,93.48
ITEM_9FF2D1F0,ORD_8356639E,PROD_30E741D2,9,813.65,39.23
ITEM_96D8A027,ORD_DE7A2542,PROD_BB456785,7,47.77,43.81
ITEM_C58E4649,ORD_D3FE9D36,PROD_CAA55C8C,1,312.23,60.49
ITEM_55D3A03D,ORD_63243E05,PROD_348315AE,5,924.89,32.32
ITEM_6F734412,ORD_8F494282,PROD_810D360D,3,39.02,23.94
ITEM_5D9B4936,ORD_1BD74F83,PROD_5210A668,1,458.79,41.49
ITEM_47763D00,ORD_82D8BB6F,PROD_90775A57,5,671.79,14.71
ITEM_7EFF130A,ORD_96B5B45B,PROD_ED972053,1,236.5,74.26
ITEM_EC9FF65C,ORD_E4BFA7A7,PROD_53C13013,9,339.48,55.33
ITEM_F2D2C4CC,ORD_EA33353F,PROD_B6945E69,6,865.43,17.4
ITEM_6334FF41,ORD_75187C6C,PROD_BABE193C,7,104.71,80.51
ITEM_A7501580,ORD_55D00C13,PROD_2338FA7E,8,233.25,53.82
ITEM_0B8D484C,ORD_550A009E,PROD_095A3ED0,10,581.07,79.65
ITEM_03EBA161,ORD_2437F81D,PROD_2DFC0F60,9,919.6,68.53
ITEM_641D1C94,ORD_DDCBAC1F,PROD_144A9CF3,3,955.72,90.4
ITEM_0EC7B136,ORD_9621CFED,PROD_BAE34CB3,7,924.82,24.58
ITEM_5E750AA2,ORD_7468526C,PROD_A6570506,8,559.56,36.18
ITEM_51C3B31D,ORD_0BEECE93,PROD_27FDF628,7,857.22,6.18
ITEM_C60E7F3D,ORD_2B783FF3,PROD_6F3C97D8,7,908.84,17.16
ITEM_DF8D5376,ORD_16C5E881,PROD_6DAD2308,4,316.95,84.64
ITEM_0D63911B,ORD_7D9DD665,PROD_2BDBAD9D,2,341.25,23.76
ITEM_D3922B67,ORD_B70AAF4A,PROD_D3775ECF,1,818.41,10.03
ITEM_F84558BF,ORD_BA9AF74F,PROD_2F88D3F5,5,363.37,78.68
ITEM_B67CB969,ORD_84A78AB4,PROD_2DD2E57A,6,461.41,59.26
ITEM_9F8D10F1,ORD_FB153339,PROD_ECF5B291,1,472.86,55.83
ITEM_286E7447,ORD_DFA53228,PROD_F417661F,7,649.56,14.23
ITEM_F80ADE2F,ORD_31FC7E59,PROD_3F0C7830,4,852.22,96.98
ITEM_B20FB7FF,ORD_5F30F68A,PROD_EF03CB22,10,44.24,47.0
ITEM_77D4DE60,ORD_FE38C199,PROD_198D511C,10,662.42,82.91
ITEM_ADFD6619,ORD_9CF1E4BD,PROD_CCE42FDB,7,111.85,26.9
ITEM_75230733,ORD_8290AC2C,PROD_1D8A99A6,1,700.09,67.8
ITEM_8FA8D826,ORD_84999B20,PROD_A1EA1636,5,700.64,70.61
ITEM_F6F7E8C3,ORD_495D4358,PROD_487D6906,7,359.13,56.05
ITEM_A0770F1F,ORD_4B134E9E,PROD_32761E2D,7,539.52,59.83
ITEM_13070B51,ORD_72CEA8E9,PROD_1DEF64E8,6,520.98,69.6
ITEM_DB77F9BA,ORD_8708CAE7,PROD_40CFD161,5,189.2,59.9
ITEM_D8CF1CB8,ORD_EB37BBFC,PROD_3EA81F09,9,994.96,15.77
ITEM_3538CF80,ORD_192DAC37,PROD_49FC3E03,1,228.18,48.2
ITEM_E1FC9D07,ORD_EB4BFAFE,PROD_2DFC0F60,9,21.9,28.75
ITEM_98B2D539,ORD_EA33353F,PROD_4324079C,8,825.26,57.56
ITEM_97B0B841,ORD_DE04435C,PROD_5F25611E,1,709.68,27.09
ITEM_2BEBA98B,ORD_3CC5DDBA,PROD_9379C793,7,482.87,90.78
ITEM_E5F1E918,ORD_590B6716,PROD_47C99514,8,617.91,15.41
ITEM_B28FC37C,ORD_DDF3B4EF,PROD_4330ECFB,7,86.58,42.47
ITEM_D8ABB660,ORD_5B5CB2E7,PROD_7F893CF8,1,133.35,81.6
ITEM_290141BF,ORD_D41DAB90,PROD_0D9C56DB,10,523.66,61.6
ITEM_B762AAEF,ORD_FF675778,PROD_BD29E7F5,6,890.31,58.05
ITEM_4616CEDA,ORD_F2A7CAA7,PROD_09862CCF,8,482.49,44.84
ITEM_DAFAA894,ORD_D0CC45B4,PROD_44BC4CE6,4,400.81,93.79
ITEM_C19AAF55,ORD_78FC981C,PROD_4A85A92D,8,414.81,65.7
